TRUNCATE TABLE native.cdm_testing_jmdc.claim;
TRUNCATE TABLE native.cdm_testing_jmdc.enrollment;
TRUNCATE TABLE native.cdm_testing_jmdc.diagnosis;
TRUNCATE TABLE native.cdm_testing_jmdc.[procedure];
TRUNCATE TABLE native.cdm_testing_jmdc.health_checkups;
TRUNCATE TABLE native.cdm_testing_jmdc.drug;
TRUNCATE TABLE native.cdm_testing_jmdc.institution;
TRUNCATE TABLE native.cdm_testing_jmdc.physician;
TRUNCATE TABLE native.cdm_testing_jmdc._version;
TRUNCATE TABLE native.cdm_testing_jmdc.material;
INSERT INTO native.cdm_testing_jmdc.claim(claim_id, member_id, type_of_claim, month_and_year_of_medical_care, institution_id, actual_number_of_days_of_medical_care, points) VALUES ('C000000000999', 'M000000999', 'out-patient', '200501', 'F0034824', '1', '338');
INSERT INTO native.cdm_testing_jmdc.claim(claim_id, member_id, type_of_claim, month_and_year_of_medical_care, institution_id, actual_number_of_days_of_medical_care, points) VALUES ('C000000000998', 'M000000999', 'out-patient', '201412', 'F0034824', '1', '338');
-- 101: Person id
INSERT INTO native.cdm_testing_jmdc.enrollment(member_id, year_of_birth_of_member, gender_of_member, individual_or_family, month_and_year_of_entry, month_and_year_of_contract_start, death_flag) VALUES ('M000000101', '1973', 'male', 'Individual', '200804', '200801', '0');
-- 102: Person gender mappings
INSERT INTO native.cdm_testing_jmdc.enrollment(member_id, year_of_birth_of_member, gender_of_member, individual_or_family, month_and_year_of_entry, month_and_year_of_contract_start, death_flag) VALUES ('M000000102', '1973', 'male', 'Individual', '200804', '200801', '0');
INSERT INTO native.cdm_testing_jmdc.enrollment(member_id, year_of_birth_of_member, gender_of_member, individual_or_family, month_and_year_of_entry, month_and_year_of_contract_start, death_flag) VALUES ('M000000103', '1973', 'female', 'Individual', '200804', '200801', '0');
-- 103: Person year of birth
INSERT INTO native.cdm_testing_jmdc.enrollment(member_id, year_of_birth_of_member, gender_of_member, individual_or_family, month_and_year_of_entry, month_and_year_of_contract_start, death_flag) VALUES ('M000000104', '1975', 'male', 'Individual', '200804', '200801', '0');
-- 201: Observation period person id
INSERT INTO native.cdm_testing_jmdc.enrollment(member_id, year_of_birth_of_member, gender_of_member, individual_or_family, month_and_year_of_entry, month_and_year_of_contract_start, death_flag) VALUES ('M000000201', '1973', 'male', 'Individual', '200804', '200801', '0');
-- 202: Observation period start date without truncation
INSERT INTO native.cdm_testing_jmdc.enrollment(member_id, year_of_birth_of_member, gender_of_member, individual_or_family, month_and_year_of_entry, month_and_year_of_withdrawal, month_and_year_of_contract_start, death_flag) VALUES ('M000000202', '1973', 'male', 'Individual', '201001', '201212', '200801', '0');
-- 203: Observation period start date with truncation
INSERT INTO native.cdm_testing_jmdc.enrollment(member_id, year_of_birth_of_member, gender_of_member, individual_or_family, month_and_year_of_entry, month_and_year_of_withdrawal, month_and_year_of_contract_start, death_flag) VALUES ('M000000203', '1973', 'male', 'Individual', '199001', '201212', '199001', '0');
-- 204: Observation period end date without truncation
INSERT INTO native.cdm_testing_jmdc.enrollment(member_id, year_of_birth_of_member, gender_of_member, individual_or_family, month_and_year_of_entry, month_and_year_of_withdrawal, month_and_year_of_contract_start, death_flag) VALUES ('M000000204', '1973', 'male', 'Individual', '201001', '201212', '200801', '0');
-- 205: Observation period end date with truncation
INSERT INTO native.cdm_testing_jmdc.enrollment(member_id, year_of_birth_of_member, gender_of_member, individual_or_family, month_and_year_of_entry, month_and_year_of_contract_start, death_flag) VALUES ('M000000205', '1973', 'male', 'Individual', '201001', '200801', '0');
-- 206: Observation period start date restricted by contract
INSERT INTO native.cdm_testing_jmdc.enrollment(member_id, year_of_birth_of_member, gender_of_member, individual_or_family, month_and_year_of_entry, month_and_year_of_contract_start, death_flag) VALUES ('M000000206', '1973', 'male', 'Individual', '201001', '201201', '0');
-- 207: Observation period end date restricted by contract
INSERT INTO native.cdm_testing_jmdc.enrollment(member_id, year_of_birth_of_member, gender_of_member, individual_or_family, month_and_year_of_entry, month_and_year_of_contract_start, month_and_year_of_contract_end, death_flag) VALUES ('M000000207', '1973', 'male', 'Individual', '201001', '200801', '201306', '0');
-- 301: Care site id
INSERT INTO native.cdm_testing_jmdc.institution(institution_id, number_of_beds, large_classification_of_department, medium_classification_of_department) VALUES ('F0000001', '0-19', 'Internal Medicine', 'General Internal Medicine');
-- 401: Visit occurrence and person id
INSERT INTO native.cdm_testing_jmdc.enrollment(member_id, year_of_birth_of_member, gender_of_member, individual_or_family, month_and_year_of_entry, month_and_year_of_contract_start, death_flag) VALUES ('M000000401', '1973', 'male', 'Individual', '200804', '200801', '0');
INSERT INTO native.cdm_testing_jmdc.claim(claim_id, member_id, type_of_claim, month_and_year_of_medical_care, institution_id, actual_number_of_days_of_medical_care, points) VALUES ('C000000000401', 'M000000401', 'out-patient', '201303', 'F0034824', '1', '338');
-- 402: Visit concept ID
INSERT INTO native.cdm_testing_jmdc.enrollment(member_id, year_of_birth_of_member, gender_of_member, individual_or_family, month_and_year_of_entry, month_and_year_of_contract_start, death_flag) VALUES ('M000000402', '1973', 'male', 'Individual', '200804', '200801', '0');
INSERT INTO native.cdm_testing_jmdc.claim(claim_id, member_id, type_of_claim, month_and_year_of_medical_care, institution_id, actual_number_of_days_of_medical_care, points) VALUES ('C000000000402', 'M000000402', 'out-patient', '201303', 'F0034824', '1', '338');
INSERT INTO native.cdm_testing_jmdc.claim(claim_id, member_id, type_of_claim, month_and_year_of_medical_care, institution_id, actual_number_of_days_of_medical_care, points) VALUES ('C000000000404', 'M000000402', 'DPC', '201303', 'F0034824', '1', '338');
INSERT INTO native.cdm_testing_jmdc.claim(claim_id, member_id, type_of_claim, month_and_year_of_medical_care, institution_id, actual_number_of_days_of_medical_care, points) VALUES ('C000000000405', 'M000000402', 'in-patient', '201303', 'F0034824', '1', '338');
-- 403: Visit start date without other info
INSERT INTO native.cdm_testing_jmdc.enrollment(member_id, year_of_birth_of_member, gender_of_member, individual_or_family, month_and_year_of_entry, month_and_year_of_contract_start, death_flag) VALUES ('M000000403', '1973', 'male', 'Individual', '200804', '200801', '0');
INSERT INTO native.cdm_testing_jmdc.claim(claim_id, member_id, type_of_claim, month_and_year_of_medical_care, institution_id, actual_number_of_days_of_medical_care, points) VALUES ('C000000000406', 'M000000403', 'out-patient', '201002', 'F0034824', '1', '338');
INSERT INTO native.cdm_testing_jmdc.enrollment(member_id, year_of_birth_of_member, gender_of_member, individual_or_family, month_and_year_of_entry, month_and_year_of_contract_start, death_flag) VALUES ('M000000404', '1973', 'male', 'Individual', '200804', '200801', '0');
INSERT INTO native.cdm_testing_jmdc.claim(claim_id, member_id, type_of_claim, month_and_year_of_medical_care, institution_id, actual_number_of_days_of_medical_care, points) VALUES ('C000000000407', 'M000000404', 'out-patient', '201002', 'F0034824', '1', '338');
INSERT INTO native.cdm_testing_jmdc.diagnosis(claim_id, member_id, type_of_claim, month_and_year_of_medical_care, admission_date, month_and_year_of_start_of_medical_care, institution_id, icd10_level4_code, icd10_level1_code, icd10_level1_name, icd10_level2_code, icd10_level2_name, icd10_level3_code, icd10_level3_name, icd10_level4_name, standard_disease_code, standard_disease_name, suspicion_flag, outcome) VALUES ('C000000000407', 'M000000404', 'out-patient', '201303', '2010-02-05', '20110506', 'F0034824', 'J304', 'J00-J99', 'Diseases of the respiratory system', 'J00-J06', 'Acute upper respiratory infections', 'J30', 'Vasomotor and allergic rhinitis', 'Allergic rhinitis, unspecified', '4779004', 'allergic rhinitis', '0', '0');
-- 404: Visit start date with admission date before month of care
INSERT INTO native.cdm_testing_jmdc.enrollment(member_id, year_of_birth_of_member, gender_of_member, individual_or_family, month_and_year_of_entry, month_and_year_of_contract_start, death_flag) VALUES ('M000000405', '1973', 'male', 'Individual', '200804', '200801', '0');
INSERT INTO native.cdm_testing_jmdc.claim(claim_id, member_id, type_of_claim, month_and_year_of_medical_care, institution_id, actual_number_of_days_of_medical_care, points) VALUES ('C000000000408', 'M000000405', 'out-patient', '201002', 'F0034824', '1', '338');
INSERT INTO native.cdm_testing_jmdc.diagnosis(claim_id, member_id, type_of_claim, month_and_year_of_medical_care, admission_date, month_and_year_of_start_of_medical_care, institution_id, icd10_level4_code, icd10_level1_code, icd10_level1_name, icd10_level2_code, icd10_level2_name, icd10_level3_code, icd10_level3_name, icd10_level4_name, standard_disease_code, standard_disease_name, suspicion_flag, outcome) VALUES ('C000000000408', 'M000000405', 'out-patient', '201303', '2010-01-05', '20110506', 'F0034824', 'J304', 'J00-J99', 'Diseases of the respiratory system', 'J00-J06', 'Acute upper respiratory infections', 'J30', 'Vasomotor and allergic rhinitis', 'Allergic rhinitis, unspecified', '4779004', 'allergic rhinitis', '0', '0');
-- 405: Visit start date with prescription date
INSERT INTO native.cdm_testing_jmdc.enrollment(member_id, year_of_birth_of_member, gender_of_member, individual_or_family, month_and_year_of_entry, month_and_year_of_contract_start, death_flag) VALUES ('M000000406', '1973', 'male', 'Individual', '200804', '200801', '0');
INSERT INTO native.cdm_testing_jmdc.claim(claim_id, member_id, type_of_claim, month_and_year_of_medical_care, institution_id, actual_number_of_days_of_medical_care, points) VALUES ('C000000000409', 'M000000406', 'out-patient', '201002', 'F0034824', '1', '338');
INSERT INTO native.cdm_testing_jmdc.drug(claim_id, member_id, type_of_claim, institution_id, month_and_year_of_medical_care, date_of_prescription, duration_per_prescription, administered_amount, drug_code, as_needed_medication_flag, daily_dose_per_prescription, unit_of_administered_amount, atc_level1_code, atc_level1_name, atc_level2_code, atc_level2_name, atc_level3_code, atc_level3_name, atc_level4_code, atc_level4_name, who_atc_code, who_atc_name, statement_id, general_name, brand_name, drug_name, standardized_unit, generic_drug_flag, formulation_large_classification_name, formulation_medium_classification_name, concurrent_id, category_of_medical_care, standard_price, actual_point, claim_code) VALUES ('C000000000409', 'M000000406', 'pharmacy', 'F0017014', '201303', '2010-02-05', '1', '1', '100000066676', '0', '1', 'T', 'R', 'RESPIRATORY SYSTEM', 'R05', 'COUGH AND COLD PREPARATIONS', 'R05C', 'EXPECTORANTS', 'R05C-', 'EXPECTORANTS', 'R05CB03', 'Carbocisteine', '1', 'L-carbocisteine', 'Mucodyne', 'Mucodyne DS 50%', '1g', '0', 'oral use', 'tablet', '1', '0', '5.6000', '0', '621989901');
-- 406: Visit start date with procedure date
INSERT INTO native.cdm_testing_jmdc.enrollment(member_id, year_of_birth_of_member, gender_of_member, individual_or_family, month_and_year_of_entry, month_and_year_of_contract_start, death_flag) VALUES ('M000000407', '1973', 'male', 'Individual', '200804', '200801', '0');
INSERT INTO native.cdm_testing_jmdc.claim(claim_id, member_id, type_of_claim, month_and_year_of_medical_care, institution_id, actual_number_of_days_of_medical_care, points) VALUES ('C000000000410', 'M000000407', 'out-patient', '201002', 'F0034824', '1', '338');
INSERT INTO native.cdm_testing_jmdc.[procedure](claim_id, member_id, type_of_claim, month_and_year_of_medical_care, date_of_procedure, institution_id, statement_id, procedure_medical_care_category_medium_classification_name, procedure_medical_care_category_small_classification_name, procedure_medical_care_category_subclassification_name, procedure_code, standardized_procedure_id, standardized_procedure_name, number_of_times, concurrent_id, category_of_medical_care, standard_point, actual_point) VALUES ('C000000000410', 'M000000407', 'out-patient', '201303', '2010-02-05', 'F0017014', '1', '検査', '検体検査料', '再診料', 'A001', '112007410', '再診', '1', '1', '60', '11', '0');
-- 407: Visit start date from start of medical care
INSERT INTO native.cdm_testing_jmdc.enrollment(member_id, year_of_birth_of_member, gender_of_member, individual_or_family, month_and_year_of_entry, month_and_year_of_contract_start, death_flag) VALUES ('M000000408', '1973', 'male', 'Individual', '200804', '200801', '0');
INSERT INTO native.cdm_testing_jmdc.claim(claim_id, member_id, type_of_claim, month_and_year_of_medical_care, institution_id, actual_number_of_days_of_medical_care, points) VALUES ('C000000000411', 'M000000408', 'out-patient', '201002', 'F0034824', '1', '338');
INSERT INTO native.cdm_testing_jmdc.diagnosis(claim_id, member_id, type_of_claim, month_and_year_of_medical_care, month_and_year_of_start_of_medical_care, institution_id, icd10_level4_code, icd10_level1_code, icd10_level1_name, icd10_level2_code, icd10_level2_name, icd10_level3_code, icd10_level3_name, icd10_level4_name, standard_disease_code, standard_disease_name, suspicion_flag, outcome) VALUES ('C000000000411', 'M000000408', 'out-patient', '201303', '20100208', 'F0034824', 'J304', 'J00-J99', 'Diseases of the respiratory system', 'J00-J06', 'Acute upper respiratory infections', 'J30', 'Vasomotor and allergic rhinitis', 'Allergic rhinitis, unspecified', '4779004', 'allergic rhinitis', '0', '0');
-- 408: Visit start date when start of medical care before month of care
INSERT INTO native.cdm_testing_jmdc.enrollment(member_id, year_of_birth_of_member, gender_of_member, individual_or_family, month_and_year_of_entry, month_and_year_of_contract_start, death_flag) VALUES ('M000000409', '1973', 'male', 'Individual', '200804', '200801', '0');
INSERT INTO native.cdm_testing_jmdc.claim(claim_id, member_id, type_of_claim, month_and_year_of_medical_care, institution_id, actual_number_of_days_of_medical_care, points) VALUES ('C000000000412', 'M000000409', 'out-patient', '201002', 'F0034824', '1', '338');
INSERT INTO native.cdm_testing_jmdc.diagnosis(claim_id, member_id, type_of_claim, month_and_year_of_medical_care, month_and_year_of_start_of_medical_care, institution_id, icd10_level4_code, icd10_level1_code, icd10_level1_name, icd10_level2_code, icd10_level2_name, icd10_level3_code, icd10_level3_name, icd10_level4_name, standard_disease_code, standard_disease_name, suspicion_flag, outcome) VALUES ('C000000000412', 'M000000409', 'out-patient', '201303', '20100101', 'F0034824', 'J304', 'J00-J99', 'Diseases of the respiratory system', 'J00-J06', 'Acute upper respiratory infections', 'J30', 'Vasomotor and allergic rhinitis', 'Allergic rhinitis, unspecified', '4779004', 'allergic rhinitis', '0', '0');
-- 409: Visit end date
INSERT INTO native.cdm_testing_jmdc.enrollment(member_id, year_of_birth_of_member, gender_of_member, individual_or_family, month_and_year_of_entry, month_and_year_of_contract_start, death_flag) VALUES ('M000000410', '1973', 'male', 'Individual', '200804', '200801', '0');
INSERT INTO native.cdm_testing_jmdc.claim(claim_id, member_id, type_of_claim, month_and_year_of_medical_care, institution_id, actual_number_of_days_of_medical_care, points) VALUES ('C000000000413', 'M000000410', 'out-patient', '201002', 'F0034824', '3', '338');
INSERT INTO native.cdm_testing_jmdc.claim(claim_id, member_id, type_of_claim, month_and_year_of_medical_care, institution_id, actual_number_of_days_of_medical_care, points) VALUES ('C000000000414', 'M000000410', 'out-patient', '201004', 'F0034824', '3', '338');
INSERT INTO native.cdm_testing_jmdc.claim(claim_id, member_id, type_of_claim, month_and_year_of_medical_care, institution_id, actual_number_of_days_of_medical_care, points) VALUES ('C000000000415', 'M000000410', 'out-patient', '201006', 'F0034824', '3', '338');
INSERT INTO native.cdm_testing_jmdc.claim(claim_id, member_id, type_of_claim, month_and_year_of_medical_care, institution_id, actual_number_of_days_of_medical_care, points) VALUES ('C000000000416', 'M000000410', 'out-patient', '201008', 'F0034824', '3', '338');
INSERT INTO native.cdm_testing_jmdc.claim(claim_id, member_id, type_of_claim, month_and_year_of_medical_care, institution_id, actual_number_of_days_of_medical_care, points) VALUES ('C000000000417', 'M000000410', 'out-patient', '201010', 'F0034824', '3', '338');
INSERT INTO native.cdm_testing_jmdc.claim(claim_id, member_id, type_of_claim, month_and_year_of_medical_care, institution_id, actual_number_of_days_of_medical_care, points) VALUES ('C000000000418', 'M000000410', 'out-patient', '201012', 'F0034824', '3', '338');
INSERT INTO native.cdm_testing_jmdc.claim(claim_id, member_id, type_of_claim, month_and_year_of_medical_care, institution_id, actual_number_of_days_of_medical_care, points) VALUES ('C000000000419', 'M000000410', 'out-patient', '201102', 'F0034824', '3', '338');
INSERT INTO native.cdm_testing_jmdc.diagnosis(claim_id, member_id, type_of_claim, month_and_year_of_medical_care, admission_date, month_and_year_of_start_of_medical_care, institution_id, icd10_level4_code, icd10_level1_code, icd10_level1_name, icd10_level2_code, icd10_level2_name, icd10_level3_code, icd10_level3_name, icd10_level4_name, standard_disease_code, standard_disease_name, suspicion_flag, outcome) VALUES ('C000000000414', 'M000000410', 'out-patient', '201303', '2010-04-05', '20110506', 'F0034824', 'J304', 'J00-J99', 'Diseases of the respiratory system', 'J00-J06', 'Acute upper respiratory infections', 'J30', 'Vasomotor and allergic rhinitis', 'Allergic rhinitis, unspecified', '4779004', 'allergic rhinitis', '0', '0');
INSERT INTO native.cdm_testing_jmdc.diagnosis(claim_id, member_id, type_of_claim, month_and_year_of_medical_care, admission_date, month_and_year_of_start_of_medical_care, institution_id, icd10_level4_code, icd10_level1_code, icd10_level1_name, icd10_level2_code, icd10_level2_name, icd10_level3_code, icd10_level3_name, icd10_level4_name, standard_disease_code, standard_disease_name, suspicion_flag, outcome) VALUES ('C000000000415', 'M000000410', 'out-patient', '201303', '2010-05-05', '20110506', 'F0034824', 'J304', 'J00-J99', 'Diseases of the respiratory system', 'J00-J06', 'Acute upper respiratory infections', 'J30', 'Vasomotor and allergic rhinitis', 'Allergic rhinitis, unspecified', '4779004', 'allergic rhinitis', '0', '0');
INSERT INTO native.cdm_testing_jmdc.drug(claim_id, member_id, type_of_claim, institution_id, month_and_year_of_medical_care, date_of_prescription, duration_per_prescription, administered_amount, drug_code, as_needed_medication_flag, daily_dose_per_prescription, unit_of_administered_amount, atc_level1_code, atc_level1_name, atc_level2_code, atc_level2_name, atc_level3_code, atc_level3_name, atc_level4_code, atc_level4_name, who_atc_code, who_atc_name, statement_id, general_name, brand_name, drug_name, standardized_unit, generic_drug_flag, formulation_large_classification_name, formulation_medium_classification_name, concurrent_id, category_of_medical_care, standard_price, actual_point, claim_code) VALUES ('C000000000416', 'M000000410', 'pharmacy', 'F0017014', '201303', '2010-08-05', '1', '1', '100000066676', '0', '1', 'T', 'R', 'RESPIRATORY SYSTEM', 'R05', 'COUGH AND COLD PREPARATIONS', 'R05C', 'EXPECTORANTS', 'R05C-', 'EXPECTORANTS', 'R05CB03', 'Carbocisteine', '1', 'L-carbocisteine', 'Mucodyne', 'Mucodyne DS 50%', '1g', '0', 'oral use', 'tablet', '1', '0', '5.6000', '0', '621989901');
INSERT INTO native.cdm_testing_jmdc.[procedure](claim_id, member_id, type_of_claim, month_and_year_of_medical_care, date_of_procedure, institution_id, statement_id, procedure_medical_care_category_medium_classification_name, procedure_medical_care_category_small_classification_name, procedure_medical_care_category_subclassification_name, procedure_code, standardized_procedure_id, standardized_procedure_name, number_of_times, concurrent_id, category_of_medical_care, standard_point, actual_point) VALUES ('C000000000417', 'M000000410', 'out-patient', '201303', '2010-10-05', 'F0017014', '1', '検査', '検体検査料', '再診料', 'A001', '112007410', '再診', '1', '1', '60', '11', '0');
INSERT INTO native.cdm_testing_jmdc.diagnosis(claim_id, member_id, type_of_claim, month_and_year_of_medical_care, month_and_year_of_start_of_medical_care, institution_id, icd10_level4_code, icd10_level1_code, icd10_level1_name, icd10_level2_code, icd10_level2_name, icd10_level3_code, icd10_level3_name, icd10_level4_name, standard_disease_code, standard_disease_name, suspicion_flag, outcome) VALUES ('C000000000418', 'M000000410', 'out-patient', '201303', '20101205', 'F0034824', 'J304', 'J00-J99', 'Diseases of the respiratory system', 'J00-J06', 'Acute upper respiratory infections', 'J30', 'Vasomotor and allergic rhinitis', 'Allergic rhinitis, unspecified', '4779004', 'allergic rhinitis', '0', '0');
INSERT INTO native.cdm_testing_jmdc.diagnosis(claim_id, member_id, type_of_claim, month_and_year_of_medical_care, month_and_year_of_start_of_medical_care, institution_id, icd10_level4_code, icd10_level1_code, icd10_level1_name, icd10_level2_code, icd10_level2_name, icd10_level3_code, icd10_level3_name, icd10_level4_name, standard_disease_code, standard_disease_name, suspicion_flag, outcome) VALUES ('C000000000419', 'M000000410', 'out-patient', '201303', '20110108', 'F0034824', 'J304', 'J00-J99', 'Diseases of the respiratory system', 'J00-J06', 'Acute upper respiratory infections', 'J30', 'Vasomotor and allergic rhinitis', 'Allergic rhinitis, unspecified', '4779004', 'allergic rhinitis', '0', '0');
-- 410: Visit type concept ID
INSERT INTO native.cdm_testing_jmdc.enrollment(member_id, year_of_birth_of_member, gender_of_member, individual_or_family, month_and_year_of_entry, month_and_year_of_contract_start, death_flag) VALUES ('M000000411', '1973', 'male', 'Individual', '200804', '200801', '0');
INSERT INTO native.cdm_testing_jmdc.claim(claim_id, member_id, type_of_claim, month_and_year_of_medical_care, institution_id, actual_number_of_days_of_medical_care, points) VALUES ('C000000000420', 'M000000411', 'out-patient', '201303', 'F0034824', '1', '338');
-- 411: Visit care site ID
INSERT INTO native.cdm_testing_jmdc.enrollment(member_id, year_of_birth_of_member, gender_of_member, individual_or_family, month_and_year_of_entry, month_and_year_of_contract_start, death_flag) VALUES ('M000000412', '1973', 'male', 'Individual', '200804', '200801', '0');
INSERT INTO native.cdm_testing_jmdc.claim(claim_id, member_id, type_of_claim, month_and_year_of_medical_care, institution_id, actual_number_of_days_of_medical_care, points) VALUES ('C000000000421', 'M000000412', 'out-patient', '201303', 'F0000002', '1', '338');
-- 412: Visit source value
INSERT INTO native.cdm_testing_jmdc.enrollment(member_id, year_of_birth_of_member, gender_of_member, individual_or_family, month_and_year_of_entry, month_and_year_of_contract_start, death_flag) VALUES ('M000000413', '1973', 'male', 'Individual', '200804', '200801', '0');
INSERT INTO native.cdm_testing_jmdc.claim(claim_id, member_id, type_of_claim, month_and_year_of_medical_care, institution_id, actual_number_of_days_of_medical_care, points) VALUES ('C000000000422', 'M000000413', 'out-patient', '201303', 'F0034824', '1', '338');
-- 413: Visit start date from multiple start of medical care records
INSERT INTO native.cdm_testing_jmdc.enrollment(member_id, year_of_birth_of_member, gender_of_member, individual_or_family, month_and_year_of_entry, month_and_year_of_contract_start, death_flag) VALUES ('M000000414', '1973', 'male', 'Individual', '200804', '200801', '0');
INSERT INTO native.cdm_testing_jmdc.claim(claim_id, member_id, type_of_claim, month_and_year_of_medical_care, institution_id, actual_number_of_days_of_medical_care, points) VALUES ('C000000000423', 'M000000414', 'out-patient', '201002', 'F0034824', '1', '338');
INSERT INTO native.cdm_testing_jmdc.diagnosis(claim_id, member_id, type_of_claim, month_and_year_of_medical_care, month_and_year_of_start_of_medical_care, institution_id, icd10_level4_code, icd10_level1_code, icd10_level1_name, icd10_level2_code, icd10_level2_name, icd10_level3_code, icd10_level3_name, icd10_level4_name, standard_disease_code, standard_disease_name, suspicion_flag, outcome) VALUES ('C000000000423', 'M000000414', 'out-patient', '201303', '20100208', 'F0034824', 'J304', 'J00-J99', 'Diseases of the respiratory system', 'J00-J06', 'Acute upper respiratory infections', 'J30', 'Vasomotor and allergic rhinitis', 'Allergic rhinitis, unspecified', '4779004', 'allergic rhinitis', '0', '0');
INSERT INTO native.cdm_testing_jmdc.diagnosis(claim_id, member_id, type_of_claim, month_and_year_of_medical_care, month_and_year_of_start_of_medical_care, institution_id, icd10_level4_code, icd10_level1_code, icd10_level1_name, icd10_level2_code, icd10_level2_name, icd10_level3_code, icd10_level3_name, icd10_level4_name, standard_disease_code, standard_disease_name, suspicion_flag, outcome) VALUES ('C000000000423', 'M000000414', 'out-patient', '201303', '20100212', 'F0034824', 'J304', 'J00-J99', 'Diseases of the respiratory system', 'J00-J06', 'Acute upper respiratory infections', 'J30', 'Vasomotor and allergic rhinitis', 'Allergic rhinitis, unspecified', '4779004', 'allergic rhinitis', '0', '0');
INSERT INTO native.cdm_testing_jmdc.claim(claim_id, member_id, type_of_claim, month_and_year_of_medical_care, institution_id, actual_number_of_days_of_medical_care, points) VALUES ('C000000000424', 'M000000414', 'out-patient', '201003', 'F0034824', '1', '338');
INSERT INTO native.cdm_testing_jmdc.diagnosis(claim_id, member_id, type_of_claim, month_and_year_of_medical_care, month_and_year_of_start_of_medical_care, institution_id, icd10_level4_code, icd10_level1_code, icd10_level1_name, icd10_level2_code, icd10_level2_name, icd10_level3_code, icd10_level3_name, icd10_level4_name, standard_disease_code, standard_disease_name, suspicion_flag, outcome) VALUES ('C000000000424', 'M000000414', 'out-patient', '201303', '20100308', 'F0034824', 'J304', 'J00-J99', 'Diseases of the respiratory system', 'J00-J06', 'Acute upper respiratory infections', 'J30', 'Vasomotor and allergic rhinitis', 'Allergic rhinitis, unspecified', '4779004', 'allergic rhinitis', '0', '0');
INSERT INTO native.cdm_testing_jmdc.diagnosis(claim_id, member_id, type_of_claim, month_and_year_of_medical_care, month_and_year_of_start_of_medical_care, institution_id, icd10_level4_code, icd10_level1_code, icd10_level1_name, icd10_level2_code, icd10_level2_name, icd10_level3_code, icd10_level3_name, icd10_level4_name, standard_disease_code, standard_disease_name, suspicion_flag, outcome) VALUES ('C000000000424', 'M000000414', 'out-patient', '201303', '20100312', '123', 'J304', 'J00-J99', 'Diseases of the respiratory system', 'J00-J06', 'Acute upper respiratory infections', 'J30', 'Vasomotor and allergic rhinitis', 'Allergic rhinitis, unspecified', '4779004', 'allergic rhinitis', '0', '0');
INSERT INTO native.cdm_testing_jmdc.diagnosis(claim_id, member_id, type_of_claim, month_and_year_of_medical_care, month_and_year_of_start_of_medical_care, institution_id, icd10_level4_code, icd10_level1_code, icd10_level1_name, icd10_level2_code, icd10_level2_name, icd10_level3_code, icd10_level3_name, icd10_level4_name, standard_disease_code, standard_disease_name, suspicion_flag, outcome) VALUES ('C000000000424', 'M000000414', 'out-patient', '201303', '20100310', '123', 'J304', 'J00-J99', 'Diseases of the respiratory system', 'J00-J06', 'Acute upper respiratory infections', 'J30', 'Vasomotor and allergic rhinitis', 'Allergic rhinitis, unspecified', '4779004', 'allergic rhinitis', '0', '0');
INSERT INTO native.cdm_testing_jmdc.claim(claim_id, member_id, type_of_claim, month_and_year_of_medical_care, institution_id, actual_number_of_days_of_medical_care, points) VALUES ('C000000000425', 'M000000414', 'out-patient', '201003', 'F0034824', '1', '338');
INSERT INTO native.cdm_testing_jmdc.diagnosis(claim_id, member_id, type_of_claim, month_and_year_of_medical_care, month_and_year_of_start_of_medical_care, institution_id, icd10_level4_code, icd10_level1_code, icd10_level1_name, icd10_level2_code, icd10_level2_name, icd10_level3_code, icd10_level3_name, icd10_level4_name, standard_disease_code, standard_disease_name, suspicion_flag, outcome) VALUES ('C000000000425', 'M000000414', 'out-patient', '201303', '20100312', '123', 'J304', 'J00-J99', 'Diseases of the respiratory system', 'J00-J06', 'Acute upper respiratory infections', 'J30', 'Vasomotor and allergic rhinitis', 'Allergic rhinitis, unspecified', '4779004', 'allergic rhinitis', '0', '0');
INSERT INTO native.cdm_testing_jmdc.diagnosis(claim_id, member_id, type_of_claim, month_and_year_of_medical_care, month_and_year_of_start_of_medical_care, institution_id, icd10_level4_code, icd10_level1_code, icd10_level1_name, icd10_level2_code, icd10_level2_name, icd10_level3_code, icd10_level3_name, icd10_level4_name, standard_disease_code, standard_disease_name, suspicion_flag, outcome) VALUES ('C000000000425', 'M000000414', 'out-patient', '201303', '20100310', '123', 'J304', 'J00-J99', 'Diseases of the respiratory system', 'J00-J06', 'Acute upper respiratory infections', 'J30', 'Vasomotor and allergic rhinitis', 'Allergic rhinitis, unspecified', '4779004', 'allergic rhinitis', '0', '0');
-- 414: No visit occurrence when claim type is pharmacy
INSERT INTO native.cdm_testing_jmdc.enrollment(member_id, year_of_birth_of_member, gender_of_member, individual_or_family, month_and_year_of_entry, month_and_year_of_contract_start, death_flag) VALUES ('M000000415', '1973', 'male', 'Individual', '200804', '200801', '0');
INSERT INTO native.cdm_testing_jmdc.claim(claim_id, member_id, type_of_claim, month_and_year_of_medical_care, institution_id, actual_number_of_days_of_medical_care, points) VALUES ('C000000000426', 'M000000415', 'pharmacy', '201303', 'F0034824', '1', '338');
-- 501: Provider ID from institution
INSERT INTO native.cdm_testing_jmdc.institution(institution_id, number_of_beds, large_classification_of_department, medium_classification_of_department) VALUES ('F0000003', '0-19', 'Internal Medicine', 'General Internal Medicine');
-- 502: Provider ID from physician
INSERT INTO native.cdm_testing_jmdc.physician(physician_id) VALUES ('P0000001');
-- 503: Provider care site ID
INSERT INTO native.cdm_testing_jmdc.institution(institution_id, number_of_beds, large_classification_of_department, medium_classification_of_department) VALUES ('F0000004', '0-19', 'Internal Medicine', 'General Internal Medicine');
-- 504: Provider specialty
INSERT INTO native.cdm_testing_jmdc.institution(institution_id, number_of_beds, large_classification_of_department, medium_classification_of_department) VALUES ('F0000005', '0-19', 'Internal Medicine', 'Cardiology');
-- 601: Death person ID from diagnosis
INSERT INTO native.cdm_testing_jmdc.enrollment(member_id, year_of_birth_of_member, gender_of_member, individual_or_family, month_and_year_of_entry, month_and_year_of_contract_start, death_flag) VALUES ('M000000601', '1973', 'male', 'Individual', '200804', '200801', '0');
INSERT INTO native.cdm_testing_jmdc.claim(claim_id, member_id, type_of_claim, month_and_year_of_medical_care, institution_id, actual_number_of_days_of_medical_care, points) VALUES ('C000000000600', 'M000000601', 'out-patient', '201303', 'F0034824', '1', '338');
INSERT INTO native.cdm_testing_jmdc.diagnosis(claim_id, member_id, type_of_claim, month_and_year_of_medical_care, month_and_year_of_start_of_medical_care, institution_id, icd10_level4_code, icd10_level1_code, icd10_level1_name, icd10_level2_code, icd10_level2_name, icd10_level3_code, icd10_level3_name, icd10_level4_name, standard_disease_code, standard_disease_name, suspicion_flag, outcome) VALUES ('C000000000600', 'M000000601', 'out-patient', '201303', '20110506', 'F0034824', 'J304', 'J00-J99', 'Diseases of the respiratory system', 'J00-J06', 'Acute upper respiratory infections', 'J30', 'Vasomotor and allergic rhinitis', 'Allergic rhinitis, unspecified', '4779004', 'allergic rhinitis', '0', '2');
-- 602: Death person ID from enrollement
INSERT INTO native.cdm_testing_jmdc.enrollment(member_id, year_of_birth_of_member, gender_of_member, individual_or_family, month_and_year_of_entry, month_and_year_of_contract_start, death_flag) VALUES ('M000000602', '1973', 'male', 'Individual', '200804', '200801', '1');
-- 603: Death date from diagnosis
INSERT INTO native.cdm_testing_jmdc.enrollment(member_id, year_of_birth_of_member, gender_of_member, individual_or_family, month_and_year_of_entry, month_and_year_of_contract_start, death_flag) VALUES ('M000000603', '1973', 'male', 'Individual', '200804', '200801', '0');
INSERT INTO native.cdm_testing_jmdc.claim(claim_id, member_id, type_of_claim, month_and_year_of_medical_care, institution_id, actual_number_of_days_of_medical_care, points) VALUES ('C000000000601', 'M000000603', 'out-patient', '201001', 'F0034824', '3', '338');
INSERT INTO native.cdm_testing_jmdc.diagnosis(claim_id, member_id, type_of_claim, month_and_year_of_medical_care, admission_date, month_and_year_of_start_of_medical_care, institution_id, icd10_level4_code, icd10_level1_code, icd10_level1_name, icd10_level2_code, icd10_level2_name, icd10_level3_code, icd10_level3_name, icd10_level4_name, standard_disease_code, standard_disease_name, suspicion_flag, outcome) VALUES ('C000000000601', 'M000000603', 'out-patient', '201303', '2008', '20110506', 'F0034824', 'J304', 'J00-J99', 'Diseases of the respiratory system', 'J00-J06', 'Acute upper respiratory infections', 'J30', 'Vasomotor and allergic rhinitis', 'Allergic rhinitis, unspecified', '4779004', 'allergic rhinitis', '0', '2');
-- 604: Death date from enrollemnt
INSERT INTO native.cdm_testing_jmdc.enrollment(member_id, year_of_birth_of_member, gender_of_member, individual_or_family, month_and_year_of_entry, month_and_year_of_withdrawal, month_and_year_of_contract_start, death_flag) VALUES ('M000000604', '1973', 'male', 'Individual', '201001', '201112', '200801', '1');
-- 605: Death date from multiple diagnoses
INSERT INTO native.cdm_testing_jmdc.enrollment(member_id, year_of_birth_of_member, gender_of_member, individual_or_family, month_and_year_of_entry, month_and_year_of_contract_start, death_flag) VALUES ('M000000605', '1973', 'male', 'Individual', '200804', '200801', '0');
INSERT INTO native.cdm_testing_jmdc.claim(claim_id, member_id, type_of_claim, month_and_year_of_medical_care, institution_id, actual_number_of_days_of_medical_care, points) VALUES ('C000000000602', 'M000000605', 'out-patient', '201001', 'F0034824', '3', '338');
INSERT INTO native.cdm_testing_jmdc.diagnosis(claim_id, member_id, type_of_claim, month_and_year_of_medical_care, admission_date, month_and_year_of_start_of_medical_care, institution_id, icd10_level4_code, icd10_level1_code, icd10_level1_name, icd10_level2_code, icd10_level2_name, icd10_level3_code, icd10_level3_name, icd10_level4_name, standard_disease_code, standard_disease_name, suspicion_flag, outcome) VALUES ('C000000000602', 'M000000605', 'out-patient', '201303', '2008', '20110506', 'F0034824', 'J304', 'J00-J99', 'Diseases of the respiratory system', 'J00-J06', 'Acute upper respiratory infections', 'J30', 'Vasomotor and allergic rhinitis', 'Allergic rhinitis, unspecified', '4779004', 'allergic rhinitis', '0', '2');
INSERT INTO native.cdm_testing_jmdc.claim(claim_id, member_id, type_of_claim, month_and_year_of_medical_care, institution_id, actual_number_of_days_of_medical_care, points) VALUES ('C000000000603', 'M000000605', 'out-patient', '201002', 'F0034824', '3', '338');
INSERT INTO native.cdm_testing_jmdc.diagnosis(claim_id, member_id, type_of_claim, month_and_year_of_medical_care, admission_date, month_and_year_of_start_of_medical_care, institution_id, icd10_level4_code, icd10_level1_code, icd10_level1_name, icd10_level2_code, icd10_level2_name, icd10_level3_code, icd10_level3_name, icd10_level4_name, standard_disease_code, standard_disease_name, suspicion_flag, outcome) VALUES ('C000000000603', 'M000000605', 'out-patient', '201303', '2007', '20110506', 'F0034824', 'J304', 'J00-J99', 'Diseases of the respiratory system', 'J00-J06', 'Acute upper respiratory infections', 'J30', 'Vasomotor and allergic rhinitis', 'Allergic rhinitis, unspecified', '4779004', 'allergic rhinitis', '0', '2');
-- 606: Death date from diagnosis and enrollment
INSERT INTO native.cdm_testing_jmdc.enrollment(member_id, year_of_birth_of_member, gender_of_member, individual_or_family, month_and_year_of_entry, month_and_year_of_withdrawal, month_and_year_of_contract_start, death_flag) VALUES ('M000000606', '1973', 'male', 'Individual', '201001', '201112', '200801', '1');
INSERT INTO native.cdm_testing_jmdc.claim(claim_id, member_id, type_of_claim, month_and_year_of_medical_care, institution_id, actual_number_of_days_of_medical_care, points) VALUES ('C000000000604', 'M000000606', 'out-patient', '201001', 'F0034824', '3', '338');
INSERT INTO native.cdm_testing_jmdc.diagnosis(claim_id, member_id, type_of_claim, month_and_year_of_medical_care, admission_date, month_and_year_of_start_of_medical_care, institution_id, icd10_level4_code, icd10_level1_code, icd10_level1_name, icd10_level2_code, icd10_level2_name, icd10_level3_code, icd10_level3_name, icd10_level4_name, standard_disease_code, standard_disease_name, suspicion_flag, outcome) VALUES ('C000000000604', 'M000000606', 'out-patient', '201303', '2008', '20110506', 'F0034824', 'J304', 'J00-J99', 'Diseases of the respiratory system', 'J00-J06', 'Acute upper respiratory infections', 'J30', 'Vasomotor and allergic rhinitis', 'Allergic rhinitis, unspecified', '4779004', 'allergic rhinitis', '0', '2');
-- 607: Death type concept ID
INSERT INTO native.cdm_testing_jmdc.enrollment(member_id, year_of_birth_of_member, gender_of_member, individual_or_family, month_and_year_of_entry, month_and_year_of_contract_start, death_flag) VALUES ('M000000607', '1973', 'male', 'Individual', '200804', '200801', '1');
INSERT INTO native.cdm_testing_jmdc.enrollment(member_id, year_of_birth_of_member, gender_of_member, individual_or_family, month_and_year_of_entry, month_and_year_of_contract_start, death_flag) VALUES ('M000000608', '1973', 'male', 'Individual', '200804', '200801', '0');
INSERT INTO native.cdm_testing_jmdc.claim(claim_id, member_id, type_of_claim, month_and_year_of_medical_care, institution_id, actual_number_of_days_of_medical_care, points) VALUES ('C000000000605', 'M000000608', 'out-patient', '201303', 'F0034824', '1', '338');
INSERT INTO native.cdm_testing_jmdc.diagnosis(claim_id, member_id, type_of_claim, month_and_year_of_medical_care, month_and_year_of_start_of_medical_care, institution_id, icd10_level4_code, icd10_level1_code, icd10_level1_name, icd10_level2_code, icd10_level2_name, icd10_level3_code, icd10_level3_name, icd10_level4_name, standard_disease_code, standard_disease_name, suspicion_flag, outcome) VALUES ('C000000000605', 'M000000608', 'out-patient', '201303', '20110506', 'F0034824', 'J304', 'J00-J99', 'Diseases of the respiratory system', 'J00-J06', 'Acute upper respiratory infections', 'J30', 'Vasomotor and allergic rhinitis', 'Allergic rhinitis, unspecified', '4779004', 'allergic rhinitis', '0', '2');
-- 701: Condition occurrence person ID
INSERT INTO native.cdm_testing_jmdc.enrollment(member_id, year_of_birth_of_member, gender_of_member, individual_or_family, month_and_year_of_entry, month_and_year_of_contract_start, death_flag) VALUES ('M000000701', '1973', 'male', 'Individual', '200804', '200801', '0');
INSERT INTO native.cdm_testing_jmdc.claim(claim_id, member_id, type_of_claim, month_and_year_of_medical_care, institution_id, actual_number_of_days_of_medical_care, points) VALUES ('C000000000701', 'M000000701', 'out-patient', '201303', 'F0034824', '1', '338');
INSERT INTO native.cdm_testing_jmdc.diagnosis(claim_id, member_id, type_of_claim, month_and_year_of_medical_care, month_and_year_of_start_of_medical_care, institution_id, icd10_level4_code, icd10_level1_code, icd10_level1_name, icd10_level2_code, icd10_level2_name, icd10_level3_code, icd10_level3_name, icd10_level4_name, standard_disease_code, standard_disease_name, suspicion_flag, outcome) VALUES ('C000000000701', 'M000000701', 'out-patient', '201303', '20110506', 'F0034824', 'J304', 'J00-J99', 'Diseases of the respiratory system', 'J00-J06', 'Acute upper respiratory infections', 'J30', 'Vasomotor and allergic rhinitis', 'Allergic rhinitis, unspecified', '4779004', 'allergic rhinitis', '0', '0');
-- 702: Condition occurrence visit occurrence ID
INSERT INTO native.cdm_testing_jmdc.enrollment(member_id, year_of_birth_of_member, gender_of_member, individual_or_family, month_and_year_of_entry, month_and_year_of_contract_start, death_flag) VALUES ('M000000702', '1973', 'male', 'Individual', '200804', '200801', '0');
INSERT INTO native.cdm_testing_jmdc.claim(claim_id, member_id, type_of_claim, month_and_year_of_medical_care, institution_id, actual_number_of_days_of_medical_care, points) VALUES ('C000000000702', 'M000000702', 'out-patient', '201303', 'F0034824', '1', '338');
INSERT INTO native.cdm_testing_jmdc.diagnosis(claim_id, member_id, type_of_claim, month_and_year_of_medical_care, month_and_year_of_start_of_medical_care, institution_id, icd10_level4_code, icd10_level1_code, icd10_level1_name, icd10_level2_code, icd10_level2_name, icd10_level3_code, icd10_level3_name, icd10_level4_name, standard_disease_code, standard_disease_name, suspicion_flag, outcome) VALUES ('C000000000702', 'M000000702', 'out-patient', '201303', '20110506', 'F0034824', 'J304', 'J00-J99', 'Diseases of the respiratory system', 'J00-J06', 'Acute upper respiratory infections', 'J30', 'Vasomotor and allergic rhinitis', 'Allergic rhinitis, unspecified', '4779004', 'allergic rhinitis', '0', '0');
-- 703: Condition type concept ID
INSERT INTO native.cdm_testing_jmdc.enrollment(member_id, year_of_birth_of_member, gender_of_member, individual_or_family, month_and_year_of_entry, month_and_year_of_contract_start, death_flag) VALUES ('M000000703', '1973', 'male', 'Individual', '200804', '200801', '0');
INSERT INTO native.cdm_testing_jmdc.claim(claim_id, member_id, type_of_claim, month_and_year_of_medical_care, institution_id, actual_number_of_days_of_medical_care, points) VALUES ('C000000000703', 'M000000703', 'out-patient', '201303', 'F0034824', '1', '338');
INSERT INTO native.cdm_testing_jmdc.diagnosis(claim_id, member_id, type_of_claim, month_and_year_of_medical_care, month_and_year_of_start_of_medical_care, institution_id, icd10_level4_code, icd10_level1_code, icd10_level1_name, icd10_level2_code, icd10_level2_name, icd10_level3_code, icd10_level3_name, icd10_level4_name, standard_disease_code, standard_disease_name, suspicion_flag, outcome) VALUES ('C000000000703', 'M000000703', 'out-patient', '201303', '20110506', 'F0034824', 'J304', 'J00-J99', 'Diseases of the respiratory system', 'J00-J06', 'Acute upper respiratory infections', 'J30', 'Vasomotor and allergic rhinitis', 'Allergic rhinitis, unspecified', '4779004', 'allergic rhinitis', '0', '0');
INSERT INTO native.cdm_testing_jmdc.claim(claim_id, member_id, type_of_claim, month_and_year_of_medical_care, institution_id, actual_number_of_days_of_medical_care, points) VALUES ('C000000000704', 'M000000703', 'out-patient', '201303', 'F0034824', '1', '338');
INSERT INTO native.cdm_testing_jmdc.diagnosis(claim_id, member_id, type_of_claim, month_and_year_of_medical_care, month_and_year_of_start_of_medical_care, institution_id, icd10_level4_code, icd10_level1_code, icd10_level1_name, icd10_level2_code, icd10_level2_name, icd10_level3_code, icd10_level3_name, icd10_level4_name, standard_disease_code, standard_disease_name, suspicion_flag, outcome) VALUES ('C000000000704', 'M000000703', 'in-patient', '201303', '20110506', 'F0034824', 'J304', 'J00-J99', 'Diseases of the respiratory system', 'J00-J06', 'Acute upper respiratory infections', 'J30', 'Vasomotor and allergic rhinitis', 'Allergic rhinitis, unspecified', '4779004', 'allergic rhinitis', '0', '0');
INSERT INTO native.cdm_testing_jmdc.claim(claim_id, member_id, type_of_claim, month_and_year_of_medical_care, institution_id, actual_number_of_days_of_medical_care, points) VALUES ('C000000000705', 'M000000703', 'out-patient', '201303', 'F0034824', '1', '338');
INSERT INTO native.cdm_testing_jmdc.diagnosis(claim_id, member_id, type_of_claim, month_and_year_of_medical_care, month_and_year_of_start_of_medical_care, institution_id, icd10_level4_code, icd10_level1_code, icd10_level1_name, icd10_level2_code, icd10_level2_name, icd10_level3_code, icd10_level3_name, icd10_level4_name, standard_disease_code, standard_disease_name, suspicion_flag, outcome) VALUES ('C000000000705', 'M000000703', 'DPC', '201303', '20110506', 'F0034824', 'J304', 'J00-J99', 'Diseases of the respiratory system', 'J00-J06', 'Acute upper respiratory infections', 'J30', 'Vasomotor and allergic rhinitis', 'Allergic rhinitis, unspecified', '4779004', 'allergic rhinitis', '0', '0');
-- 704: Condition start date from admission date
INSERT INTO native.cdm_testing_jmdc.enrollment(member_id, year_of_birth_of_member, gender_of_member, individual_or_family, month_and_year_of_entry, month_and_year_of_contract_start, death_flag) VALUES ('M000000704', '1973', 'male', 'Individual', '200804', '200801', '0');
INSERT INTO native.cdm_testing_jmdc.claim(claim_id, member_id, type_of_claim, month_and_year_of_medical_care, institution_id, actual_number_of_days_of_medical_care, points) VALUES ('C000000000706', 'M000000704', 'out-patient', '201002', 'F0034824', '1', '338');
INSERT INTO native.cdm_testing_jmdc.diagnosis(claim_id, member_id, type_of_claim, month_and_year_of_medical_care, admission_date, month_and_year_of_start_of_medical_care, institution_id, icd10_level4_code, icd10_level1_code, icd10_level1_name, icd10_level2_code, icd10_level2_name, icd10_level3_code, icd10_level3_name, icd10_level4_name, standard_disease_code, standard_disease_name, suspicion_flag, outcome) VALUES ('C000000000706', 'M000000704', 'out-patient', '201303', '2010-01-01', '20110506', 'F0034824', 'J304', 'J00-J99', 'Diseases of the respiratory system', 'J00-J06', 'Acute upper respiratory infections', 'J30', 'Vasomotor and allergic rhinitis', 'Allergic rhinitis, unspecified', '4779004', 'allergic rhinitis', '0', '0');
-- 705: Condition start date from claim date
INSERT INTO native.cdm_testing_jmdc.enrollment(member_id, year_of_birth_of_member, gender_of_member, individual_or_family, month_and_year_of_entry, month_and_year_of_contract_start, death_flag) VALUES ('M000000705', '1973', 'male', 'Individual', '200804', '200801', '0');
INSERT INTO native.cdm_testing_jmdc.claim(claim_id, member_id, type_of_claim, month_and_year_of_medical_care, institution_id, actual_number_of_days_of_medical_care, points) VALUES ('C000000000707', 'M000000705', 'out-patient', '201002', 'F0034824', '1', '338');
INSERT INTO native.cdm_testing_jmdc.diagnosis(claim_id, member_id, type_of_claim, month_and_year_of_medical_care, month_and_year_of_start_of_medical_care, institution_id, icd10_level4_code, icd10_level1_code, icd10_level1_name, icd10_level2_code, icd10_level2_name, icd10_level3_code, icd10_level3_name, icd10_level4_name, standard_disease_code, standard_disease_name, suspicion_flag, outcome) VALUES ('C000000000707', 'M000000705', 'out-patient', '201303', '20110506', 'F0034824', 'J304', 'J00-J99', 'Diseases of the respiratory system', 'J00-J06', 'Acute upper respiratory infections', 'J30', 'Vasomotor and allergic rhinitis', 'Allergic rhinitis, unspecified', '4779004', 'allergic rhinitis', '0', '0');
-- 706: Condition provider ID
INSERT INTO native.cdm_testing_jmdc.enrollment(member_id, year_of_birth_of_member, gender_of_member, individual_or_family, month_and_year_of_entry, month_and_year_of_contract_start, death_flag) VALUES ('M000000706', '1973', 'male', 'Individual', '200804', '200801', '0');
INSERT INTO native.cdm_testing_jmdc.claim(claim_id, member_id, type_of_claim, month_and_year_of_medical_care, institution_id, actual_number_of_days_of_medical_care, points) VALUES ('C000000000708', 'M000000706', 'out-patient', '201303', 'F0034824', '1', '338');
INSERT INTO native.cdm_testing_jmdc.diagnosis(claim_id, member_id, type_of_claim, month_and_year_of_medical_care, month_and_year_of_start_of_medical_care, institution_id, icd10_level4_code, icd10_level1_code, icd10_level1_name, icd10_level2_code, icd10_level2_name, icd10_level3_code, icd10_level3_name, icd10_level4_name, standard_disease_code, standard_disease_name, suspicion_flag, outcome) VALUES ('C000000000708', 'M000000706', 'out-patient', '201303', '20110506', 'F0000006', 'J304', 'J00-J99', 'Diseases of the respiratory system', 'J00-J06', 'Acute upper respiratory infections', 'J30', 'Vasomotor and allergic rhinitis', 'Allergic rhinitis, unspecified', '4779004', 'allergic rhinitis', '0', '0');
-- 707: Condition concept ID and source values
INSERT INTO native.cdm_testing_jmdc.enrollment(member_id, year_of_birth_of_member, gender_of_member, individual_or_family, month_and_year_of_entry, month_and_year_of_contract_start, death_flag) VALUES ('M000000707', '1973', 'male', 'Individual', '200804', '200801', '0');
INSERT INTO native.cdm_testing_jmdc.claim(claim_id, member_id, type_of_claim, month_and_year_of_medical_care, institution_id, actual_number_of_days_of_medical_care, points) VALUES ('C000000000709', 'M000000707', 'out-patient', '201303', 'F0034824', '1', '338');
INSERT INTO native.cdm_testing_jmdc.diagnosis(claim_id, member_id, type_of_claim, month_and_year_of_medical_care, month_and_year_of_start_of_medical_care, institution_id, icd10_level4_code, icd10_level1_code, icd10_level1_name, icd10_level2_code, icd10_level2_name, icd10_level3_code, icd10_level3_name, icd10_level4_name, standard_disease_code, standard_disease_name, suspicion_flag, outcome) VALUES ('C000000000709', 'M000000707', 'out-patient', '201303', '20110506', 'F0034824', 'I10-', 'J00-J99', 'Diseases of the respiratory system', 'J00-J06', 'Acute upper respiratory infections', 'J30', 'Vasomotor and allergic rhinitis', 'Allergic rhinitis, unspecified', '4779004', 'allergic rhinitis', '0', '0');
-- 708: Condition occurrence that are era-like
INSERT INTO native.cdm_testing_jmdc.enrollment(member_id, year_of_birth_of_member, gender_of_member, individual_or_family, month_and_year_of_entry, month_and_year_of_withdrawal, month_and_year_of_contract_start, death_flag) VALUES ('M000000708', '1973', 'male', 'Individual', '201001', '201212', '200801', '0');
INSERT INTO native.cdm_testing_jmdc.claim(claim_id, member_id, type_of_claim, month_and_year_of_medical_care, institution_id, actual_number_of_days_of_medical_care, points) VALUES ('C000000000710', 'M000000708', 'out-patient', '201002', 'F0034824', '1', '338');
INSERT INTO native.cdm_testing_jmdc.diagnosis(claim_id, member_id, type_of_claim, month_and_year_of_medical_care, month_and_year_of_start_of_medical_care, institution_id, icd10_level4_code, icd10_level1_code, icd10_level1_name, icd10_level2_code, icd10_level2_name, icd10_level3_code, icd10_level3_name, icd10_level4_name, standard_disease_code, standard_disease_name, suspicion_flag, outcome) VALUES ('C000000000710', 'M000000708', 'out-patient', '201303', '20100105', 'F0034824', 'J304', 'J00-J99', 'Diseases of the respiratory system', 'J00-J06', 'Acute upper respiratory infections', 'J30', 'Vasomotor and allergic rhinitis', 'Allergic rhinitis, unspecified', '4779004', 'allergic rhinitis', '0', '0');
-- 709: Condition occurrence that are era-like, start before OP start
INSERT INTO native.cdm_testing_jmdc.enrollment(member_id, year_of_birth_of_member, gender_of_member, individual_or_family, month_and_year_of_entry, month_and_year_of_withdrawal, month_and_year_of_contract_start, death_flag) VALUES ('M000000709', '1973', 'male', 'Individual', '201001', '201212', '200801', '0');
INSERT INTO native.cdm_testing_jmdc.claim(claim_id, member_id, type_of_claim, month_and_year_of_medical_care, institution_id, actual_number_of_days_of_medical_care, points) VALUES ('C000000000711', 'M000000709', 'out-patient', '201002', 'F0034824', '1', '338');
INSERT INTO native.cdm_testing_jmdc.diagnosis(claim_id, member_id, type_of_claim, month_and_year_of_medical_care, month_and_year_of_start_of_medical_care, institution_id, icd10_level4_code, icd10_level1_code, icd10_level1_name, icd10_level2_code, icd10_level2_name, icd10_level3_code, icd10_level3_name, icd10_level4_name, standard_disease_code, standard_disease_name, suspicion_flag, outcome) VALUES ('C000000000711', 'M000000709', 'out-patient', '201303', '20091201', 'F0034824', 'J304', 'J00-J99', 'Diseases of the respiratory system', 'J00-J06', 'Acute upper respiratory infections', 'J30', 'Vasomotor and allergic rhinitis', 'Allergic rhinitis, unspecified', '4779004', 'allergic rhinitis', '0', '0');
-- 710: Condition with suspicion flag
INSERT INTO native.cdm_testing_jmdc.enrollment(member_id, year_of_birth_of_member, gender_of_member, individual_or_family, month_and_year_of_entry, month_and_year_of_contract_start, death_flag) VALUES ('M000000710', '1973', 'male', 'Individual', '200804', '200801', '0');
INSERT INTO native.cdm_testing_jmdc.claim(claim_id, member_id, type_of_claim, month_and_year_of_medical_care, institution_id, actual_number_of_days_of_medical_care, points) VALUES ('C000000000712', 'M000000710', 'out-patient', '201303', 'F0034824', '1', '338');
INSERT INTO native.cdm_testing_jmdc.diagnosis(claim_id, member_id, type_of_claim, month_and_year_of_medical_care, month_and_year_of_start_of_medical_care, institution_id, icd10_level4_code, icd10_level1_code, icd10_level1_name, icd10_level2_code, icd10_level2_name, icd10_level3_code, icd10_level3_name, icd10_level4_name, standard_disease_code, standard_disease_name, suspicion_flag, outcome) VALUES ('C000000000712', 'M000000710', 'out-patient', '201303', '20110506', 'F0034824', 'I10-', 'J00-J99', 'Diseases of the respiratory system', 'J00-J06', 'Acute upper respiratory infections', 'J30', 'Vasomotor and allergic rhinitis', 'Allergic rhinitis, unspecified', '4779004', 'allergic rhinitis', '1', '0');
-- 801: Drug exposure person ID
INSERT INTO native.cdm_testing_jmdc.enrollment(member_id, year_of_birth_of_member, gender_of_member, individual_or_family, month_and_year_of_entry, month_and_year_of_contract_start, death_flag) VALUES ('M000000801', '1973', 'male', 'Individual', '200804', '200801', '0');
INSERT INTO native.cdm_testing_jmdc.claim(claim_id, member_id, type_of_claim, month_and_year_of_medical_care, institution_id, actual_number_of_days_of_medical_care, points) VALUES ('C000000000801', 'M000000801', 'out-patient', '201303', 'F0034824', '1', '338');
INSERT INTO native.cdm_testing_jmdc.drug(claim_id, member_id, type_of_claim, institution_id, month_and_year_of_medical_care, duration_per_prescription, administered_amount, drug_code, as_needed_medication_flag, daily_dose_per_prescription, unit_of_administered_amount, atc_level1_code, atc_level1_name, atc_level2_code, atc_level2_name, atc_level3_code, atc_level3_name, atc_level4_code, atc_level4_name, who_atc_code, who_atc_name, statement_id, general_name, brand_name, drug_name, standardized_unit, generic_drug_flag, formulation_large_classification_name, formulation_medium_classification_name, concurrent_id, category_of_medical_care, standard_price, actual_point, claim_code) VALUES ('C000000000801', 'M000000801', 'pharmacy', 'F0017014', '201303', '1', '1', '100000066676', '0', '1', 'T', 'R', 'RESPIRATORY SYSTEM', 'R05', 'COUGH AND COLD PREPARATIONS', 'R05C', 'EXPECTORANTS', 'R05C-', 'EXPECTORANTS', 'R05CB03', 'Carbocisteine', '1', 'L-carbocisteine', 'Mucodyne', 'Mucodyne DS 50%', '1g', '0', 'oral use', 'tablet', '1', '0', '5.6000', '0', '621989901');
-- 802: Drug exposure visit occurrence ID
INSERT INTO native.cdm_testing_jmdc.enrollment(member_id, year_of_birth_of_member, gender_of_member, individual_or_family, month_and_year_of_entry, month_and_year_of_contract_start, death_flag) VALUES ('M000000802', '1973', 'male', 'Individual', '200804', '200801', '0');
INSERT INTO native.cdm_testing_jmdc.claim(claim_id, member_id, type_of_claim, month_and_year_of_medical_care, institution_id, actual_number_of_days_of_medical_care, points) VALUES ('C000000000802', 'M000000802', 'out-patient', '201303', 'F0034824', '1', '338');
INSERT INTO native.cdm_testing_jmdc.drug(claim_id, member_id, type_of_claim, institution_id, month_and_year_of_medical_care, duration_per_prescription, administered_amount, drug_code, as_needed_medication_flag, daily_dose_per_prescription, unit_of_administered_amount, atc_level1_code, atc_level1_name, atc_level2_code, atc_level2_name, atc_level3_code, atc_level3_name, atc_level4_code, atc_level4_name, who_atc_code, who_atc_name, statement_id, general_name, brand_name, drug_name, standardized_unit, generic_drug_flag, formulation_large_classification_name, formulation_medium_classification_name, concurrent_id, category_of_medical_care, standard_price, actual_point, claim_code) VALUES ('C000000000802', 'M000000802', 'pharmacy', 'F0017014', '201303', '1', '1', '100000066676', '0', '1', 'T', 'R', 'RESPIRATORY SYSTEM', 'R05', 'COUGH AND COLD PREPARATIONS', 'R05C', 'EXPECTORANTS', 'R05C-', 'EXPECTORANTS', 'R05CB03', 'Carbocisteine', '1', 'L-carbocisteine', 'Mucodyne', 'Mucodyne DS 50%', '1g', '0', 'oral use', 'tablet', '1', '0', '5.6000', '0', '621989901');
-- 803: Drug exposure type concept ID
INSERT INTO native.cdm_testing_jmdc.enrollment(member_id, year_of_birth_of_member, gender_of_member, individual_or_family, month_and_year_of_entry, month_and_year_of_contract_start, death_flag) VALUES ('M000000803', '1973', 'male', 'Individual', '200804', '200801', '0');
INSERT INTO native.cdm_testing_jmdc.claim(claim_id, member_id, type_of_claim, month_and_year_of_medical_care, institution_id, actual_number_of_days_of_medical_care, points) VALUES ('C000000000803', 'M000000803', 'out-patient', '201303', 'F0034824', '1', '338');
INSERT INTO native.cdm_testing_jmdc.drug(claim_id, member_id, type_of_claim, institution_id, month_and_year_of_medical_care, duration_per_prescription, administered_amount, drug_code, as_needed_medication_flag, daily_dose_per_prescription, unit_of_administered_amount, atc_level1_code, atc_level1_name, atc_level2_code, atc_level2_name, atc_level3_code, atc_level3_name, atc_level4_code, atc_level4_name, who_atc_code, who_atc_name, statement_id, general_name, brand_name, drug_name, standardized_unit, generic_drug_flag, formulation_large_classification_name, formulation_medium_classification_name, concurrent_id, category_of_medical_care, standard_price, actual_point, claim_code) VALUES ('C000000000803', 'M000000803', 'out-patient', 'F0017014', '201303', '1', '1', '100000066676', '0', '1', 'T', 'R', 'RESPIRATORY SYSTEM', 'R05', 'COUGH AND COLD PREPARATIONS', 'R05C', 'EXPECTORANTS', 'R05C-', 'EXPECTORANTS', 'R05CB03', 'Carbocisteine', '1', 'L-carbocisteine', 'Mucodyne', 'Mucodyne DS 50%', '1g', '0', 'oral use', 'tablet', '1', '0', '5.6000', '0', '621989901');
INSERT INTO native.cdm_testing_jmdc.claim(claim_id, member_id, type_of_claim, month_and_year_of_medical_care, institution_id, actual_number_of_days_of_medical_care, points) VALUES ('C000000000804', 'M000000803', 'out-patient', '201303', 'F0034824', '1', '338');
INSERT INTO native.cdm_testing_jmdc.drug(claim_id, member_id, type_of_claim, institution_id, month_and_year_of_medical_care, duration_per_prescription, administered_amount, drug_code, as_needed_medication_flag, daily_dose_per_prescription, unit_of_administered_amount, atc_level1_code, atc_level1_name, atc_level2_code, atc_level2_name, atc_level3_code, atc_level3_name, atc_level4_code, atc_level4_name, who_atc_code, who_atc_name, statement_id, general_name, brand_name, drug_name, standardized_unit, generic_drug_flag, formulation_large_classification_name, formulation_medium_classification_name, concurrent_id, category_of_medical_care, standard_price, actual_point, claim_code) VALUES ('C000000000804', 'M000000803', 'in-patient', 'F0017014', '201303', '1', '1', '100000066676', '0', '1', 'T', 'R', 'RESPIRATORY SYSTEM', 'R05', 'COUGH AND COLD PREPARATIONS', 'R05C', 'EXPECTORANTS', 'R05C-', 'EXPECTORANTS', 'R05CB03', 'Carbocisteine', '1', 'L-carbocisteine', 'Mucodyne', 'Mucodyne DS 50%', '1g', '0', 'oral use', 'tablet', '1', '0', '5.6000', '0', '621989901');
INSERT INTO native.cdm_testing_jmdc.claim(claim_id, member_id, type_of_claim, month_and_year_of_medical_care, institution_id, actual_number_of_days_of_medical_care, points) VALUES ('C000000000805', 'M000000803', 'out-patient', '201303', 'F0034824', '1', '338');
INSERT INTO native.cdm_testing_jmdc.drug(claim_id, member_id, type_of_claim, institution_id, month_and_year_of_medical_care, duration_per_prescription, administered_amount, drug_code, as_needed_medication_flag, daily_dose_per_prescription, unit_of_administered_amount, atc_level1_code, atc_level1_name, atc_level2_code, atc_level2_name, atc_level3_code, atc_level3_name, atc_level4_code, atc_level4_name, who_atc_code, who_atc_name, statement_id, general_name, brand_name, drug_name, standardized_unit, generic_drug_flag, formulation_large_classification_name, formulation_medium_classification_name, concurrent_id, category_of_medical_care, standard_price, actual_point, claim_code) VALUES ('C000000000805', 'M000000803', 'DPC', 'F0017014', '201303', '1', '1', '100000066676', '0', '1', 'T', 'R', 'RESPIRATORY SYSTEM', 'R05', 'COUGH AND COLD PREPARATIONS', 'R05C', 'EXPECTORANTS', 'R05C-', 'EXPECTORANTS', 'R05CB03', 'Carbocisteine', '1', 'L-carbocisteine', 'Mucodyne', 'Mucodyne DS 50%', '1g', '0', 'oral use', 'tablet', '1', '0', '5.6000', '0', '621989901');
INSERT INTO native.cdm_testing_jmdc.claim(claim_id, member_id, type_of_claim, month_and_year_of_medical_care, institution_id, actual_number_of_days_of_medical_care, points) VALUES ('C000000000806', 'M000000803', 'out-patient', '201303', 'F0034824', '1', '338');
INSERT INTO native.cdm_testing_jmdc.drug(claim_id, member_id, type_of_claim, institution_id, month_and_year_of_medical_care, duration_per_prescription, administered_amount, drug_code, as_needed_medication_flag, daily_dose_per_prescription, unit_of_administered_amount, atc_level1_code, atc_level1_name, atc_level2_code, atc_level2_name, atc_level3_code, atc_level3_name, atc_level4_code, atc_level4_name, who_atc_code, who_atc_name, statement_id, general_name, brand_name, drug_name, standardized_unit, generic_drug_flag, formulation_large_classification_name, formulation_medium_classification_name, concurrent_id, category_of_medical_care, standard_price, actual_point, claim_code) VALUES ('C000000000806', 'M000000803', 'pharmacy', 'F0017014', '201303', '1', '1', '100000066676', '0', '1', 'T', 'R', 'RESPIRATORY SYSTEM', 'R05', 'COUGH AND COLD PREPARATIONS', 'R05C', 'EXPECTORANTS', 'R05C-', 'EXPECTORANTS', 'R05CB03', 'Carbocisteine', '1', 'L-carbocisteine', 'Mucodyne', 'Mucodyne DS 50%', '1g', '0', 'oral use', 'tablet', '1', '0', '5.6000', '0', '621989901');
-- 804: Drug provider from institution ID
INSERT INTO native.cdm_testing_jmdc.enrollment(member_id, year_of_birth_of_member, gender_of_member, individual_or_family, month_and_year_of_entry, month_and_year_of_contract_start, death_flag) VALUES ('M000000804', '1973', 'male', 'Individual', '200804', '200801', '0');
INSERT INTO native.cdm_testing_jmdc.claim(claim_id, member_id, type_of_claim, month_and_year_of_medical_care, institution_id, actual_number_of_days_of_medical_care, points) VALUES ('C000000000807', 'M000000804', 'out-patient', '201303', 'F0034824', '1', '338');
INSERT INTO native.cdm_testing_jmdc.drug(claim_id, member_id, type_of_claim, institution_id, month_and_year_of_medical_care, duration_per_prescription, administered_amount, drug_code, as_needed_medication_flag, daily_dose_per_prescription, unit_of_administered_amount, atc_level1_code, atc_level1_name, atc_level2_code, atc_level2_name, atc_level3_code, atc_level3_name, atc_level4_code, atc_level4_name, who_atc_code, who_atc_name, statement_id, general_name, brand_name, drug_name, standardized_unit, generic_drug_flag, formulation_large_classification_name, formulation_medium_classification_name, concurrent_id, category_of_medical_care, standard_price, actual_point, claim_code) VALUES ('C000000000807', 'M000000804', 'pharmacy', 'F0000007', '201303', '1', '1', '100000066676', '0', '1', 'T', 'R', 'RESPIRATORY SYSTEM', 'R05', 'COUGH AND COLD PREPARATIONS', 'R05C', 'EXPECTORANTS', 'R05C-', 'EXPECTORANTS', 'R05CB03', 'Carbocisteine', '1', 'L-carbocisteine', 'Mucodyne', 'Mucodyne DS 50%', '1g', '0', 'oral use', 'tablet', '1', '0', '5.6000', '0', '621989901');
-- 805: Drug provider from physician ID
INSERT INTO native.cdm_testing_jmdc.enrollment(member_id, year_of_birth_of_member, gender_of_member, individual_or_family, month_and_year_of_entry, month_and_year_of_contract_start, death_flag) VALUES ('M000000805', '1973', 'male', 'Individual', '200804', '200801', '0');
INSERT INTO native.cdm_testing_jmdc.claim(claim_id, member_id, type_of_claim, month_and_year_of_medical_care, institution_id, actual_number_of_days_of_medical_care, points) VALUES ('C000000000808', 'M000000805', 'out-patient', '201303', 'F0034824', '1', '338');
INSERT INTO native.cdm_testing_jmdc.drug(claim_id, member_id, type_of_claim, institution_id, physician_id, month_and_year_of_medical_care, duration_per_prescription, administered_amount, drug_code, as_needed_medication_flag, daily_dose_per_prescription, unit_of_administered_amount, atc_level1_code, atc_level1_name, atc_level2_code, atc_level2_name, atc_level3_code, atc_level3_name, atc_level4_code, atc_level4_name, who_atc_code, who_atc_name, statement_id, general_name, brand_name, drug_name, standardized_unit, generic_drug_flag, formulation_large_classification_name, formulation_medium_classification_name, concurrent_id, category_of_medical_care, standard_price, actual_point, claim_code) VALUES ('C000000000808', 'M000000805', 'pharmacy', 'F0000007', 'P0000002', '201303', '1', '1', '100000066676', '0', '1', 'T', 'R', 'RESPIRATORY SYSTEM', 'R05', 'COUGH AND COLD PREPARATIONS', 'R05C', 'EXPECTORANTS', 'R05C-', 'EXPECTORANTS', 'R05CB03', 'Carbocisteine', '1', 'L-carbocisteine', 'Mucodyne', 'Mucodyne DS 50%', '1g', '0', 'oral use', 'tablet', '1', '0', '5.6000', '0', '621989901');
-- 806: Drug start date from prescription date
INSERT INTO native.cdm_testing_jmdc.enrollment(member_id, year_of_birth_of_member, gender_of_member, individual_or_family, month_and_year_of_entry, month_and_year_of_contract_start, death_flag) VALUES ('M000000806', '1973', 'male', 'Individual', '200804', '200801', '0');
INSERT INTO native.cdm_testing_jmdc.claim(claim_id, member_id, type_of_claim, month_and_year_of_medical_care, institution_id, actual_number_of_days_of_medical_care, points) VALUES ('C000000000809', 'M000000806', 'out-patient', '201303', 'F0034824', '1', '338');
INSERT INTO native.cdm_testing_jmdc.drug(claim_id, member_id, type_of_claim, institution_id, month_and_year_of_medical_care, date_of_prescription, duration_per_prescription, administered_amount, drug_code, as_needed_medication_flag, daily_dose_per_prescription, unit_of_administered_amount, atc_level1_code, atc_level1_name, atc_level2_code, atc_level2_name, atc_level3_code, atc_level3_name, atc_level4_code, atc_level4_name, who_atc_code, who_atc_name, statement_id, general_name, brand_name, drug_name, standardized_unit, generic_drug_flag, formulation_large_classification_name, formulation_medium_classification_name, concurrent_id, category_of_medical_care, standard_price, actual_point, claim_code) VALUES ('C000000000809', 'M000000806', 'pharmacy', 'F0017014', '201303', '2010-01-05', '1', '1', '100000066676', '0', '1', 'T', 'R', 'RESPIRATORY SYSTEM', 'R05', 'COUGH AND COLD PREPARATIONS', 'R05C', 'EXPECTORANTS', 'R05C-', 'EXPECTORANTS', 'R05CB03', 'Carbocisteine', '1', 'L-carbocisteine', 'Mucodyne', 'Mucodyne DS 50%', '1g', '0', 'oral use', 'tablet', '1', '0', '5.6000', '0', '621989901');
-- 807: Drug start date from visit date
INSERT INTO native.cdm_testing_jmdc.enrollment(member_id, year_of_birth_of_member, gender_of_member, individual_or_family, month_and_year_of_entry, month_and_year_of_contract_start, death_flag) VALUES ('M000000807', '1973', 'male', 'Individual', '200804', '200801', '0');
INSERT INTO native.cdm_testing_jmdc.claim(claim_id, member_id, type_of_claim, month_and_year_of_medical_care, institution_id, actual_number_of_days_of_medical_care, points) VALUES ('C000000000810', 'M000000807', 'pharmacy', '201002', 'F0034824', '1', '338');
INSERT INTO native.cdm_testing_jmdc.drug(claim_id, member_id, type_of_claim, institution_id, month_and_year_of_medical_care, duration_per_prescription, administered_amount, drug_code, as_needed_medication_flag, daily_dose_per_prescription, unit_of_administered_amount, atc_level1_code, atc_level1_name, atc_level2_code, atc_level2_name, atc_level3_code, atc_level3_name, atc_level4_code, atc_level4_name, who_atc_code, who_atc_name, statement_id, general_name, brand_name, drug_name, standardized_unit, generic_drug_flag, formulation_large_classification_name, formulation_medium_classification_name, concurrent_id, category_of_medical_care, standard_price, actual_point, claim_code) VALUES ('C000000000810', 'M000000807', 'pharmacy', 'F0017014', '201303', '1', '1', '100000066676', '0', '1', 'T', 'R', 'RESPIRATORY SYSTEM', 'R05', 'COUGH AND COLD PREPARATIONS', 'R05C', 'EXPECTORANTS', 'R05C-', 'EXPECTORANTS', 'R05CB03', 'Carbocisteine', '1', 'L-carbocisteine', 'Mucodyne', 'Mucodyne DS 50%', '1g', '0', 'oral use', 'tablet', '1', '0', '5.6000', '0', '621989901');
-- 808: Drug end date
INSERT INTO native.cdm_testing_jmdc.enrollment(member_id, year_of_birth_of_member, gender_of_member, individual_or_family, month_and_year_of_entry, month_and_year_of_contract_start, death_flag) VALUES ('M000000808', '1973', 'male', 'Individual', '200804', '200801', '0');
INSERT INTO native.cdm_testing_jmdc.claim(claim_id, member_id, type_of_claim, month_and_year_of_medical_care, institution_id, actual_number_of_days_of_medical_care, points) VALUES ('C000000000811', 'M000000808', 'out-patient', '201303', 'F0034824', '1', '338');
INSERT INTO native.cdm_testing_jmdc.claim(claim_id, member_id, type_of_claim, month_and_year_of_medical_care, institution_id, actual_number_of_days_of_medical_care, points) VALUES ('C000000000812', 'M000000808', 'out-patient', '201303', 'F0034824', '1', '338');
INSERT INTO native.cdm_testing_jmdc.drug(claim_id, member_id, type_of_claim, institution_id, month_and_year_of_medical_care, date_of_prescription, duration_per_prescription, administered_amount, drug_code, as_needed_medication_flag, daily_dose_per_prescription, unit_of_administered_amount, atc_level1_code, atc_level1_name, atc_level2_code, atc_level2_name, atc_level3_code, atc_level3_name, atc_level4_code, atc_level4_name, who_atc_code, who_atc_name, statement_id, general_name, brand_name, drug_name, standardized_unit, generic_drug_flag, formulation_large_classification_name, formulation_medium_classification_name, concurrent_id, category_of_medical_care, standard_price, actual_point, claim_code) VALUES ('C000000000811', 'M000000808', 'pharmacy', 'F0017014', '201303', '2010-01-05', '3', '1', '100000066676', '0', '1', 'T', 'R', 'RESPIRATORY SYSTEM', 'R05', 'COUGH AND COLD PREPARATIONS', 'R05C', 'EXPECTORANTS', 'R05C-', 'EXPECTORANTS', 'R05CB03', 'Carbocisteine', '1', 'L-carbocisteine', 'Mucodyne', 'Mucodyne DS 50%', '1g', '0', 'oral use', 'tablet', '1', '0', '5.6000', '0', '621989901');
INSERT INTO native.cdm_testing_jmdc.drug(claim_id, member_id, type_of_claim, institution_id, month_and_year_of_medical_care, date_of_prescription, duration_per_prescription, administered_amount, drug_code, as_needed_medication_flag, daily_dose_per_prescription, unit_of_administered_amount, atc_level1_code, atc_level1_name, atc_level2_code, atc_level2_name, atc_level3_code, atc_level3_name, atc_level4_code, atc_level4_name, who_atc_code, who_atc_name, statement_id, general_name, brand_name, drug_name, standardized_unit, generic_drug_flag, formulation_large_classification_name, formulation_medium_classification_name, concurrent_id, category_of_medical_care, standard_price, actual_point, claim_code) VALUES ('C000000000812', 'M000000808', 'pharmacy', 'F0017014', '201303', '2010-01-01', '365', '1', '100000066676', '0', '1', 'T', 'R', 'RESPIRATORY SYSTEM', 'R05', 'COUGH AND COLD PREPARATIONS', 'R05C', 'EXPECTORANTS', 'R05C-', 'EXPECTORANTS', 'R05CB03', 'Carbocisteine', '1', 'L-carbocisteine', 'Mucodyne', 'Mucodyne DS 50%', '1g', '0', 'oral use', 'tablet', '1', '0', '5.6000', '0', '621989901');
-- 809: Drug days supply
INSERT INTO native.cdm_testing_jmdc.enrollment(member_id, year_of_birth_of_member, gender_of_member, individual_or_family, month_and_year_of_entry, month_and_year_of_contract_start, death_flag) VALUES ('M000000809', '1973', 'male', 'Individual', '200804', '200801', '0');
INSERT INTO native.cdm_testing_jmdc.claim(claim_id, member_id, type_of_claim, month_and_year_of_medical_care, institution_id, actual_number_of_days_of_medical_care, points) VALUES ('C000000000813', 'M000000809', 'out-patient', '201303', 'F0034824', '1', '338');
INSERT INTO native.cdm_testing_jmdc.claim(claim_id, member_id, type_of_claim, month_and_year_of_medical_care, institution_id, actual_number_of_days_of_medical_care, points) VALUES ('C000000000814', 'M000000809', 'out-patient', '201303', 'F0034824', '1', '338');
INSERT INTO native.cdm_testing_jmdc.drug(claim_id, member_id, type_of_claim, institution_id, month_and_year_of_medical_care, duration_per_prescription, administered_amount, drug_code, as_needed_medication_flag, daily_dose_per_prescription, unit_of_administered_amount, atc_level1_code, atc_level1_name, atc_level2_code, atc_level2_name, atc_level3_code, atc_level3_name, atc_level4_code, atc_level4_name, who_atc_code, who_atc_name, statement_id, general_name, brand_name, drug_name, standardized_unit, generic_drug_flag, formulation_large_classification_name, formulation_medium_classification_name, concurrent_id, category_of_medical_care, standard_price, actual_point, claim_code) VALUES ('C000000000813', 'M000000809', 'pharmacy', 'F0017014', '201303', '3', '1', '100000066676', '0', '1', 'T', 'R', 'RESPIRATORY SYSTEM', 'R05', 'COUGH AND COLD PREPARATIONS', 'R05C', 'EXPECTORANTS', 'R05C-', 'EXPECTORANTS', 'R05CB03', 'Carbocisteine', '1', 'L-carbocisteine', 'Mucodyne', 'Mucodyne DS 50%', '1g', '0', 'oral use', 'tablet', '1', '0', '5.6000', '0', '621989901');
INSERT INTO native.cdm_testing_jmdc.drug(claim_id, member_id, type_of_claim, institution_id, month_and_year_of_medical_care, duration_per_prescription, administered_amount, drug_code, as_needed_medication_flag, daily_dose_per_prescription, unit_of_administered_amount, atc_level1_code, atc_level1_name, atc_level2_code, atc_level2_name, atc_level3_code, atc_level3_name, atc_level4_code, atc_level4_name, who_atc_code, who_atc_name, statement_id, general_name, brand_name, drug_name, standardized_unit, generic_drug_flag, formulation_large_classification_name, formulation_medium_classification_name, concurrent_id, category_of_medical_care, standard_price, actual_point, claim_code) VALUES ('C000000000814', 'M000000809', 'pharmacy', 'F0017014', '201303', '365', '1', '100000066676', '0', '1', 'T', 'R', 'RESPIRATORY SYSTEM', 'R05', 'COUGH AND COLD PREPARATIONS', 'R05C', 'EXPECTORANTS', 'R05C-', 'EXPECTORANTS', 'R05CB03', 'Carbocisteine', '1', 'L-carbocisteine', 'Mucodyne', 'Mucodyne DS 50%', '1g', '0', 'oral use', 'tablet', '1', '0', '5.6000', '0', '621989901');
-- 810: Drug concept ID
INSERT INTO native.cdm_testing_jmdc.enrollment(member_id, year_of_birth_of_member, gender_of_member, individual_or_family, month_and_year_of_entry, month_and_year_of_contract_start, death_flag) VALUES ('M000000810', '1973', 'male', 'Individual', '200804', '200801', '0');
INSERT INTO native.cdm_testing_jmdc.claim(claim_id, member_id, type_of_claim, month_and_year_of_medical_care, institution_id, actual_number_of_days_of_medical_care, points) VALUES ('C000000000815', 'M000000810', 'out-patient', '201303', 'F0034824', '1', '338');
INSERT INTO native.cdm_testing_jmdc.drug(claim_id, member_id, type_of_claim, institution_id, month_and_year_of_medical_care, duration_per_prescription, administered_amount, drug_code, as_needed_medication_flag, daily_dose_per_prescription, unit_of_administered_amount, atc_level1_code, atc_level1_name, atc_level2_code, atc_level2_name, atc_level3_code, atc_level3_name, atc_level4_code, atc_level4_name, who_atc_code, who_atc_name, statement_id, general_name, brand_name, drug_name, standardized_unit, generic_drug_flag, formulation_large_classification_name, formulation_medium_classification_name, concurrent_id, category_of_medical_care, standard_price, actual_point, claim_code) VALUES ('C000000000815', 'M000000810', 'pharmacy', 'F0017014', '201303', '1', '1', '100000008105', '0', '1', 'T', 'R', 'RESPIRATORY SYSTEM', 'R05', 'COUGH AND COLD PREPARATIONS', 'R05C', 'EXPECTORANTS', 'R05C-', 'EXPECTORANTS', 'R05CB03', 'Carbocisteine', '1', 'L-carbocisteine', 'Mucodyne', 'Mucodyne DS 50%', '1g', '0', 'oral use', 'tablet', '1', '0', '5.6000', '0', '621989901');
-- 811: Drug sig
INSERT INTO native.cdm_testing_jmdc.enrollment(member_id, year_of_birth_of_member, gender_of_member, individual_or_family, month_and_year_of_entry, month_and_year_of_contract_start, death_flag) VALUES ('M000000811', '1973', 'male', 'Individual', '200804', '200801', '0');
INSERT INTO native.cdm_testing_jmdc.claim(claim_id, member_id, type_of_claim, month_and_year_of_medical_care, institution_id, actual_number_of_days_of_medical_care, points) VALUES ('C000000000816', 'M000000811', 'out-patient', '201303', 'F0034824', '1', '338');
INSERT INTO native.cdm_testing_jmdc.drug(claim_id, member_id, type_of_claim, institution_id, month_and_year_of_medical_care, duration_per_prescription, administered_amount, drug_code, as_needed_medication_flag, daily_dose_per_prescription, unit_of_administered_amount, atc_level1_code, atc_level1_name, atc_level2_code, atc_level2_name, atc_level3_code, atc_level3_name, atc_level4_code, atc_level4_name, who_atc_code, who_atc_name, statement_id, general_name, brand_name, drug_name, standardized_unit, generic_drug_flag, formulation_large_classification_name, formulation_medium_classification_name, concurrent_id, category_of_medical_care, standard_price, actual_point, claim_code) VALUES ('C000000000816', 'M000000811', 'pharmacy', 'F0017014', '201303', '1', '1', '100000066676', '1', '2', 'g', 'R', 'RESPIRATORY SYSTEM', 'R05', 'COUGH AND COLD PREPARATIONS', 'R05C', 'EXPECTORANTS', 'R05C-', 'EXPECTORANTS', 'R05CB03', 'Carbocisteine', '1', 'L-carbocisteine', 'Mucodyne', 'Mucodyne DS 50%', '1g', '0', 'oral use', 'tablet', '1', '0', '5.6000', '0', '621989901');
-- 901: Procedure occurrence person ID
INSERT INTO native.cdm_testing_jmdc.enrollment(member_id, year_of_birth_of_member, gender_of_member, individual_or_family, month_and_year_of_entry, month_and_year_of_contract_start, death_flag) VALUES ('M000000901', '1973', 'male', 'Individual', '200804', '200801', '0');
INSERT INTO native.cdm_testing_jmdc.claim(claim_id, member_id, type_of_claim, month_and_year_of_medical_care, institution_id, actual_number_of_days_of_medical_care, points) VALUES ('C000000000901', 'M000000901', 'out-patient', '201303', 'F0034824', '1', '338');
INSERT INTO native.cdm_testing_jmdc.[procedure](claim_id, member_id, type_of_claim, month_and_year_of_medical_care, institution_id, statement_id, procedure_medical_care_category_medium_classification_name, procedure_medical_care_category_small_classification_name, procedure_medical_care_category_subclassification_name, procedure_code, standardized_procedure_id, standardized_procedure_name, number_of_times, concurrent_id, category_of_medical_care, standard_point, actual_point) VALUES ('C000000000901', 'M000000901', 'out-patient', '201303', 'F0017014', '1', '検査', '検体検査料', '再診料', 'A001', '112007410', '再診', '1', '1', '60', '11', '0');
-- 902: Procedure occurrence visit occurrence ID
INSERT INTO native.cdm_testing_jmdc.enrollment(member_id, year_of_birth_of_member, gender_of_member, individual_or_family, month_and_year_of_entry, month_and_year_of_contract_start, death_flag) VALUES ('M000000902', '1973', 'male', 'Individual', '200804', '200801', '0');
INSERT INTO native.cdm_testing_jmdc.claim(claim_id, member_id, type_of_claim, month_and_year_of_medical_care, institution_id, actual_number_of_days_of_medical_care, points) VALUES ('C000000000902', 'M000000902', 'out-patient', '201303', 'F0034824', '1', '338');
INSERT INTO native.cdm_testing_jmdc.[procedure](claim_id, member_id, type_of_claim, month_and_year_of_medical_care, institution_id, statement_id, procedure_medical_care_category_medium_classification_name, procedure_medical_care_category_small_classification_name, procedure_medical_care_category_subclassification_name, procedure_code, standardized_procedure_id, standardized_procedure_name, number_of_times, concurrent_id, category_of_medical_care, standard_point, actual_point) VALUES ('C000000000902', 'M000000902', 'out-patient', '201303', 'F0017014', '1', '検査', '検体検査料', '再診料', 'A001', '112007410', '再診', '1', '1', '60', '11', '0');
-- 903: Procedure occurrence type concept ID
INSERT INTO native.cdm_testing_jmdc.enrollment(member_id, year_of_birth_of_member, gender_of_member, individual_or_family, month_and_year_of_entry, month_and_year_of_contract_start, death_flag) VALUES ('M000000903', '1973', 'male', 'Individual', '200804', '200801', '0');
INSERT INTO native.cdm_testing_jmdc.claim(claim_id, member_id, type_of_claim, month_and_year_of_medical_care, institution_id, actual_number_of_days_of_medical_care, points) VALUES ('C000000000903', 'M000000903', 'out-patient', '201303', 'F0034824', '1', '338');
INSERT INTO native.cdm_testing_jmdc.[procedure](claim_id, member_id, type_of_claim, month_and_year_of_medical_care, institution_id, statement_id, procedure_medical_care_category_medium_classification_name, procedure_medical_care_category_small_classification_name, procedure_medical_care_category_subclassification_name, procedure_code, standardized_procedure_id, standardized_procedure_name, number_of_times, concurrent_id, category_of_medical_care, standard_point, actual_point) VALUES ('C000000000903', 'M000000903', 'out-patient', '201303', 'F0017014', '1', '検査', '検体検査料', '再診料', 'A001', '112007410', '再診', '1', '1', '60', '11', '0');
INSERT INTO native.cdm_testing_jmdc.claim(claim_id, member_id, type_of_claim, month_and_year_of_medical_care, institution_id, actual_number_of_days_of_medical_care, points) VALUES ('C000000000904', 'M000000903', 'out-patient', '201303', 'F0034824', '1', '338');
INSERT INTO native.cdm_testing_jmdc.[procedure](claim_id, member_id, type_of_claim, month_and_year_of_medical_care, institution_id, statement_id, procedure_medical_care_category_medium_classification_name, procedure_medical_care_category_small_classification_name, procedure_medical_care_category_subclassification_name, procedure_code, standardized_procedure_id, standardized_procedure_name, number_of_times, concurrent_id, category_of_medical_care, standard_point, actual_point) VALUES ('C000000000904', 'M000000903', 'in-patient', '201303', 'F0017014', '1', '検査', '検体検査料', '再診料', 'A001', '112007410', '再診', '1', '1', '60', '11', '0');
INSERT INTO native.cdm_testing_jmdc.claim(claim_id, member_id, type_of_claim, month_and_year_of_medical_care, institution_id, actual_number_of_days_of_medical_care, points) VALUES ('C000000000905', 'M000000903', 'out-patient', '201303', 'F0034824', '1', '338');
INSERT INTO native.cdm_testing_jmdc.[procedure](claim_id, member_id, type_of_claim, month_and_year_of_medical_care, institution_id, statement_id, procedure_medical_care_category_medium_classification_name, procedure_medical_care_category_small_classification_name, procedure_medical_care_category_subclassification_name, procedure_code, standardized_procedure_id, standardized_procedure_name, number_of_times, concurrent_id, category_of_medical_care, standard_point, actual_point) VALUES ('C000000000905', 'M000000903', 'DPC', '201303', 'F0017014', '1', '検査', '検体検査料', '再診料', 'A001', '112007410', '再診', '1', '1', '60', '11', '0');
-- 904: Procedure provider
INSERT INTO native.cdm_testing_jmdc.enrollment(member_id, year_of_birth_of_member, gender_of_member, individual_or_family, month_and_year_of_entry, month_and_year_of_contract_start, death_flag) VALUES ('M000000904', '1973', 'male', 'Individual', '200804', '200801', '0');
INSERT INTO native.cdm_testing_jmdc.claim(claim_id, member_id, type_of_claim, month_and_year_of_medical_care, institution_id, actual_number_of_days_of_medical_care, points) VALUES ('C000000000907', 'M000000904', 'out-patient', '201303', 'F0034824', '1', '338');
INSERT INTO native.cdm_testing_jmdc.[procedure](claim_id, member_id, type_of_claim, month_and_year_of_medical_care, institution_id, statement_id, procedure_medical_care_category_medium_classification_name, procedure_medical_care_category_small_classification_name, procedure_medical_care_category_subclassification_name, procedure_code, standardized_procedure_id, standardized_procedure_name, number_of_times, concurrent_id, category_of_medical_care, standard_point, actual_point) VALUES ('C000000000907', 'M000000904', 'out-patient', '201303', 'F0000008', '1', '検査', '検体検査料', '再診料', 'A001', '112007410', '再診', '1', '1', '60', '11', '0');
-- 906: Procedure date from procedure date
INSERT INTO native.cdm_testing_jmdc.enrollment(member_id, year_of_birth_of_member, gender_of_member, individual_or_family, month_and_year_of_entry, month_and_year_of_contract_start, death_flag) VALUES ('M000000906', '1973', 'male', 'Individual', '200804', '200801', '0');
INSERT INTO native.cdm_testing_jmdc.claim(claim_id, member_id, type_of_claim, month_and_year_of_medical_care, institution_id, actual_number_of_days_of_medical_care, points) VALUES ('C000000000909', 'M000000906', 'out-patient', '201303', 'F0034824', '1', '338');
INSERT INTO native.cdm_testing_jmdc.[procedure](claim_id, member_id, type_of_claim, month_and_year_of_medical_care, date_of_procedure, institution_id, statement_id, procedure_medical_care_category_medium_classification_name, procedure_medical_care_category_small_classification_name, procedure_medical_care_category_subclassification_name, procedure_code, standardized_procedure_id, standardized_procedure_name, number_of_times, concurrent_id, category_of_medical_care, standard_point, actual_point) VALUES ('C000000000909', 'M000000906', 'out-patient', '201303', '2010-01-05', 'F0017014', '1', '検査', '検体検査料', '再診料', 'A001', '112007410', '再診', '1', '1', '60', '11', '0');
-- 907: Procedure date from visit date
INSERT INTO native.cdm_testing_jmdc.enrollment(member_id, year_of_birth_of_member, gender_of_member, individual_or_family, month_and_year_of_entry, month_and_year_of_contract_start, death_flag) VALUES ('M000000907', '1973', 'male', 'Individual', '200804', '200801', '0');
INSERT INTO native.cdm_testing_jmdc.claim(claim_id, member_id, type_of_claim, month_and_year_of_medical_care, institution_id, actual_number_of_days_of_medical_care, points) VALUES ('C000000000910', 'M000000907', 'out-patient', '201002', 'F0034824', '1', '338');
INSERT INTO native.cdm_testing_jmdc.[procedure](claim_id, member_id, type_of_claim, month_and_year_of_medical_care, institution_id, statement_id, procedure_medical_care_category_medium_classification_name, procedure_medical_care_category_small_classification_name, procedure_medical_care_category_subclassification_name, procedure_code, standardized_procedure_id, standardized_procedure_name, number_of_times, concurrent_id, category_of_medical_care, standard_point, actual_point) VALUES ('C000000000910', 'M000000907', 'out-patient', '201303', 'F0017014', '1', '検査', '検体検査料', '再診料', 'A001', '112007410', '再診', '1', '1', '60', '11', '0');
-- 908: Procedure concept ID
INSERT INTO native.cdm_testing_jmdc.enrollment(member_id, year_of_birth_of_member, gender_of_member, individual_or_family, month_and_year_of_entry, month_and_year_of_contract_start, death_flag) VALUES ('M000000908', '1973', 'male', 'Individual', '200804', '200801', '0');
INSERT INTO native.cdm_testing_jmdc.claim(claim_id, member_id, type_of_claim, month_and_year_of_medical_care, institution_id, actual_number_of_days_of_medical_care, points) VALUES ('C000000000911', 'M000000908', 'out-patient', '201303', 'F0034824', '1', '338');
INSERT INTO native.cdm_testing_jmdc.[procedure](claim_id, member_id, type_of_claim, month_and_year_of_medical_care, institution_id, icd9cm_level1, statement_id, procedure_medical_care_category_medium_classification_name, procedure_medical_care_category_small_classification_name, procedure_medical_care_category_subclassification_name, procedure_code, standardized_procedure_id, standardized_procedure_name, number_of_times, concurrent_id, category_of_medical_care, standard_point, actual_point) VALUES ('C000000000911', 'M000000908', 'out-patient', '201303', 'F0017014', '9394', '1', '検査', '検体検査料', '再診料', 'A001', '112007410', '再診', '1', '1', '60', '11', '0');
-- 909: Procedure from diagnosis
INSERT INTO native.cdm_testing_jmdc.enrollment(member_id, year_of_birth_of_member, gender_of_member, individual_or_family, month_and_year_of_entry, month_and_year_of_contract_start, death_flag) VALUES ('M000000909', '1973', 'male', 'Individual', '200804', '200801', '0');
INSERT INTO native.cdm_testing_jmdc.claim(claim_id, member_id, type_of_claim, month_and_year_of_medical_care, institution_id, actual_number_of_days_of_medical_care, points) VALUES ('C000000000912', 'M000000909', 'out-patient', '201303', 'F0034824', '1', '338');
INSERT INTO native.cdm_testing_jmdc.diagnosis(claim_id, member_id, type_of_claim, month_and_year_of_medical_care, month_and_year_of_start_of_medical_care, institution_id, icd10_level4_code, icd10_level1_code, icd10_level1_name, icd10_level2_code, icd10_level2_name, icd10_level3_code, icd10_level3_name, icd10_level4_name, standard_disease_code, standard_disease_name, suspicion_flag, outcome) VALUES ('C000000000912', 'M000000909', 'out-patient', '201303', '20110506', 'F0034824', 'Z043', 'J00-J99', 'Diseases of the respiratory system', 'J00-J06', 'Acute upper respiratory infections', 'J30', 'Vasomotor and allergic rhinitis', 'Allergic rhinitis, unspecified', '4779004', 'allergic rhinitis', '0', '0');
-- 1001: Measurement person ID
INSERT INTO native.cdm_testing_jmdc.enrollment(member_id, year_of_birth_of_member, gender_of_member, individual_or_family, month_and_year_of_entry, month_and_year_of_contract_start, death_flag) VALUES ('M000001001', '1973', 'male', 'Individual', '200804', '200801', '0');
INSERT INTO native.cdm_testing_jmdc.health_checkups(member_id, month_and_year_of_health_checkups, bmi, sbp, dbp, urine_sugar, urine_protein, smoking_habits, eating_habit_1, eating_habit_2, eating_habit_3, eating_habit_4, drinking_habits, sleeping) VALUES ('M000001001', '201204', '22.0', '120', '70', '1', '1', '2', '2', '2', '2', '2', '3', '1');
-- 1002: Measurement concept ID and type concept ID
INSERT INTO native.cdm_testing_jmdc.enrollment(member_id, year_of_birth_of_member, gender_of_member, individual_or_family, month_and_year_of_entry, month_and_year_of_contract_start, death_flag) VALUES ('M000001002', '1973', 'male', 'Individual', '200804', '200801', '0');
INSERT INTO native.cdm_testing_jmdc.health_checkups(member_id, month_and_year_of_health_checkups, bmi, sbp, dbp, urine_sugar, urine_protein, electrocardiogram, smoking_habits, eating_habit_1, eating_habit_2, eating_habit_3, eating_habit_4, drinking_habits, sleeping) VALUES ('M000001002', '201204', '25', '120', '70', '1', '1', '1', '2', '2', '2', '2', '2', '3', '1');
-- 1003: Measurement date
INSERT INTO native.cdm_testing_jmdc.enrollment(member_id, year_of_birth_of_member, gender_of_member, individual_or_family, month_and_year_of_entry, month_and_year_of_contract_start, death_flag) VALUES ('M000001003', '1973', 'male', 'Individual', '200804', '200801', '0');
INSERT INTO native.cdm_testing_jmdc.health_checkups(member_id, month_and_year_of_health_checkups, bmi, sbp, dbp, urine_sugar, urine_protein, smoking_habits, eating_habit_1, eating_habit_2, eating_habit_3, eating_habit_4, drinking_habits, sleeping) VALUES ('M000001003', '201001', '22.0', '120', '70', '1', '1', '2', '2', '2', '2', '2', '3', '1');
-- 1004: Measurement value
INSERT INTO native.cdm_testing_jmdc.enrollment(member_id, year_of_birth_of_member, gender_of_member, individual_or_family, month_and_year_of_entry, month_and_year_of_contract_start, death_flag) VALUES ('M000001004', '1973', 'male', 'Individual', '200804', '200801', '0');
INSERT INTO native.cdm_testing_jmdc.health_checkups(member_id, month_and_year_of_health_checkups, bmi, sbp, dbp, urine_sugar, urine_protein, electrocardiogram, smoking_habits, eating_habit_1, eating_habit_2, eating_habit_3, eating_habit_4, drinking_habits, sleeping) VALUES ('M000001004', '201204', '25.0', '120', '70', '1', '1', '1', '2', '2', '2', '2', '2', '3', '1');
-- 1005: Measurement normal ranges
INSERT INTO native.cdm_testing_jmdc.enrollment(member_id, year_of_birth_of_member, gender_of_member, individual_or_family, month_and_year_of_entry, month_and_year_of_contract_start, death_flag) VALUES ('M000001005', '1973', 'male', 'Individual', '200804', '200801', '0');
INSERT INTO native.cdm_testing_jmdc.health_checkups(member_id, month_and_year_of_health_checkups, bmi, sbp, dbp, urine_sugar, urine_protein, smoking_habits, eating_habit_1, eating_habit_2, eating_habit_3, eating_habit_4, drinking_habits, sleeping) VALUES ('M000001005', '201204', '22.0', '110', '70', '1', '1', '2', '2', '2', '2', '2', '3', '1');
-- 1006: Measurement from diagnosis
INSERT INTO native.cdm_testing_jmdc.enrollment(member_id, year_of_birth_of_member, gender_of_member, individual_or_family, month_and_year_of_entry, month_and_year_of_contract_start, death_flag) VALUES ('M000001006', '1973', 'male', 'Individual', '200804', '200801', '0');
INSERT INTO native.cdm_testing_jmdc.claim(claim_id, member_id, type_of_claim, month_and_year_of_medical_care, institution_id, actual_number_of_days_of_medical_care, points) VALUES ('C000000001001', 'M000001006', 'out-patient', '201303', 'F0034824', '1', '338');
INSERT INTO native.cdm_testing_jmdc.diagnosis(claim_id, member_id, type_of_claim, month_and_year_of_medical_care, month_and_year_of_start_of_medical_care, institution_id, icd10_level4_code, icd10_level1_code, icd10_level1_name, icd10_level2_code, icd10_level2_name, icd10_level3_code, icd10_level3_name, icd10_level4_name, standard_disease_code, standard_disease_name, suspicion_flag, outcome) VALUES ('C000000001001', 'M000001006', 'out-patient', '201303', '20110506', 'F0034824', 'R824', 'J00-J99', 'Diseases of the respiratory system', 'J00-J06', 'Acute upper respiratory infections', 'J30', 'Vasomotor and allergic rhinitis', 'Allergic rhinitis, unspecified', '4779004', 'allergic rhinitis', '0', '0');
-- 1101: Observation person ID from diagnosis
INSERT INTO native.cdm_testing_jmdc.enrollment(member_id, year_of_birth_of_member, gender_of_member, individual_or_family, month_and_year_of_entry, month_and_year_of_contract_start, death_flag) VALUES ('M000001101', '1973', 'male', 'Individual', '200804', '200801', '0');
INSERT INTO native.cdm_testing_jmdc.claim(claim_id, member_id, type_of_claim, month_and_year_of_medical_care, institution_id, actual_number_of_days_of_medical_care, points) VALUES ('C000000001101', 'M000001101', 'out-patient', '201303', 'F0034824', '1', '338');
INSERT INTO native.cdm_testing_jmdc.diagnosis(claim_id, member_id, type_of_claim, month_and_year_of_medical_care, month_and_year_of_start_of_medical_care, institution_id, icd10_level4_code, icd10_level1_code, icd10_level1_name, icd10_level2_code, icd10_level2_name, icd10_level3_code, icd10_level3_name, icd10_level4_name, standard_disease_code, standard_disease_name, suspicion_flag, outcome) VALUES ('C000000001101', 'M000001101', 'out-patient', '201303', '20110506', 'F0034824', 'Z914', 'J00-J99', 'Diseases of the respiratory system', 'J00-J06', 'Acute upper respiratory infections', 'J30', 'Vasomotor and allergic rhinitis', 'Allergic rhinitis, unspecified', '4779004', 'allergic rhinitis', '0', '0');
-- 1102: Observation concept ID from diagnosis
INSERT INTO native.cdm_testing_jmdc.enrollment(member_id, year_of_birth_of_member, gender_of_member, individual_or_family, month_and_year_of_entry, month_and_year_of_contract_start, death_flag) VALUES ('M000001102', '1973', 'male', 'Individual', '200804', '200801', '0');
INSERT INTO native.cdm_testing_jmdc.claim(claim_id, member_id, type_of_claim, month_and_year_of_medical_care, institution_id, actual_number_of_days_of_medical_care, points) VALUES ('C000000001102', 'M000001102', 'out-patient', '201303', 'F0034824', '1', '338');
INSERT INTO native.cdm_testing_jmdc.diagnosis(claim_id, member_id, type_of_claim, month_and_year_of_medical_care, month_and_year_of_start_of_medical_care, institution_id, icd10_level4_code, icd10_level1_code, icd10_level1_name, icd10_level2_code, icd10_level2_name, icd10_level3_code, icd10_level3_name, icd10_level4_name, standard_disease_code, standard_disease_name, suspicion_flag, outcome) VALUES ('C000000001102', 'M000001102', 'out-patient', '201303', '20110506', 'F0034824', 'Z914', 'J00-J99', 'Diseases of the respiratory system', 'J00-J06', 'Acute upper respiratory infections', 'J30', 'Vasomotor and allergic rhinitis', 'Allergic rhinitis, unspecified', '4779004', 'allergic rhinitis', '0', '0');
-- 1103: Observation value as concept ID from diagnosis
INSERT INTO native.cdm_testing_jmdc.enrollment(member_id, year_of_birth_of_member, gender_of_member, individual_or_family, month_and_year_of_entry, month_and_year_of_contract_start, death_flag) VALUES ('M000001103', '1973', 'male', 'Individual', '200804', '200801', '0');
INSERT INTO native.cdm_testing_jmdc.claim(claim_id, member_id, type_of_claim, month_and_year_of_medical_care, institution_id, actual_number_of_days_of_medical_care, points) VALUES ('C000000001103', 'M000001103', 'out-patient', '201303', 'F0034824', '1', '338');
INSERT INTO native.cdm_testing_jmdc.diagnosis(claim_id, member_id, type_of_claim, month_and_year_of_medical_care, month_and_year_of_start_of_medical_care, institution_id, icd10_level4_code, icd10_level1_code, icd10_level1_name, icd10_level2_code, icd10_level2_name, icd10_level3_code, icd10_level3_name, icd10_level4_name, standard_disease_code, standard_disease_name, suspicion_flag, outcome) VALUES ('C000000001103', 'M000001103', 'out-patient', '201303', '20110506', 'F0034824', 'Z914', 'J00-J99', 'Diseases of the respiratory system', 'J00-J06', 'Acute upper respiratory infections', 'J30', 'Vasomotor and allergic rhinitis', 'Allergic rhinitis, unspecified', '4779004', 'allergic rhinitis', '0', '0');
-- 1104: Observation visit occurrence ID, provider ID, type concept ID from diagnosis
INSERT INTO native.cdm_testing_jmdc.enrollment(member_id, year_of_birth_of_member, gender_of_member, individual_or_family, month_and_year_of_entry, month_and_year_of_contract_start, death_flag) VALUES ('M000001104', '1973', 'male', 'Individual', '200804', '200801', '0');
INSERT INTO native.cdm_testing_jmdc.claim(claim_id, member_id, type_of_claim, month_and_year_of_medical_care, institution_id, actual_number_of_days_of_medical_care, points) VALUES ('C000000001104', 'M000001104', 'out-patient', '201303', 'F0034824', '1', '338');
INSERT INTO native.cdm_testing_jmdc.diagnosis(claim_id, member_id, type_of_claim, month_and_year_of_medical_care, month_and_year_of_start_of_medical_care, institution_id, icd10_level4_code, icd10_level1_code, icd10_level1_name, icd10_level2_code, icd10_level2_name, icd10_level3_code, icd10_level3_name, icd10_level4_name, standard_disease_code, standard_disease_name, suspicion_flag, outcome) VALUES ('C000000001104', 'M000001104', 'out-patient', '201303', '20110506', 'F0000009', 'Z914', 'J00-J99', 'Diseases of the respiratory system', 'J00-J06', 'Acute upper respiratory infections', 'J30', 'Vasomotor and allergic rhinitis', 'Allergic rhinitis, unspecified', '4779004', 'allergic rhinitis', '0', '0');
-- 1105: Observation date from diagnosis with admission date
INSERT INTO native.cdm_testing_jmdc.enrollment(member_id, year_of_birth_of_member, gender_of_member, individual_or_family, month_and_year_of_entry, month_and_year_of_contract_start, death_flag) VALUES ('M000001105', '1973', 'male', 'Individual', '200804', '200801', '0');
INSERT INTO native.cdm_testing_jmdc.claim(claim_id, member_id, type_of_claim, month_and_year_of_medical_care, institution_id, actual_number_of_days_of_medical_care, points) VALUES ('C000000001105', 'M000001105', 'out-patient', '201001', 'F0034824', '1', '338');
INSERT INTO native.cdm_testing_jmdc.diagnosis(claim_id, member_id, type_of_claim, month_and_year_of_medical_care, admission_date, month_and_year_of_start_of_medical_care, institution_id, icd10_level4_code, icd10_level1_code, icd10_level1_name, icd10_level2_code, icd10_level2_name, icd10_level3_code, icd10_level3_name, icd10_level4_name, standard_disease_code, standard_disease_name, suspicion_flag, outcome) VALUES ('C000000001105', 'M000001105', 'out-patient', '201303', '20100101', '20110506', 'F0034824', 'Z914', 'J00-J99', 'Diseases of the respiratory system', 'J00-J06', 'Acute upper respiratory infections', 'J30', 'Vasomotor and allergic rhinitis', 'Allergic rhinitis, unspecified', '4779004', 'allergic rhinitis', '0', '0');
-- 1106: Observation date from diagnosis without admission date
INSERT INTO native.cdm_testing_jmdc.enrollment(member_id, year_of_birth_of_member, gender_of_member, individual_or_family, month_and_year_of_entry, month_and_year_of_contract_start, death_flag) VALUES ('M000001106', '1973', 'male', 'Individual', '200804', '200801', '0');
INSERT INTO native.cdm_testing_jmdc.claim(claim_id, member_id, type_of_claim, month_and_year_of_medical_care, institution_id, actual_number_of_days_of_medical_care, points) VALUES ('C000000001106', 'M000001106', 'out-patient', '201001', 'F0034824', '1', '338');
INSERT INTO native.cdm_testing_jmdc.diagnosis(claim_id, member_id, type_of_claim, month_and_year_of_medical_care, month_and_year_of_start_of_medical_care, institution_id, icd10_level4_code, icd10_level1_code, icd10_level1_name, icd10_level2_code, icd10_level2_name, icd10_level3_code, icd10_level3_name, icd10_level4_name, standard_disease_code, standard_disease_name, suspicion_flag, outcome) VALUES ('C000000001106', 'M000001106', 'out-patient', '201303', '20110506', 'F0034824', 'Z914', 'J00-J99', 'Diseases of the respiratory system', 'J00-J06', 'Acute upper respiratory infections', 'J30', 'Vasomotor and allergic rhinitis', 'Allergic rhinitis, unspecified', '4779004', 'allergic rhinitis', '0', '0');
-- 1107: Observation from checkup
INSERT INTO native.cdm_testing_jmdc.enrollment(member_id, year_of_birth_of_member, gender_of_member, individual_or_family, month_and_year_of_entry, month_and_year_of_contract_start, death_flag) VALUES ('M000001107', '1973', 'male', 'Individual', '200804', '200801', '0');
INSERT INTO native.cdm_testing_jmdc.health_checkups(member_id, month_and_year_of_health_checkups, bmi, sbp, dbp, urine_sugar, urine_protein, smoking_habits, eating_habit_1, eating_habit_2, eating_habit_3, eating_habit_4, drinking_habits, sleeping) VALUES ('M000001107', '201001', '22.0', '120', '70', '1', '1', '2', '2', '2', '2', '2', '3', '2');
-- 1201: Claim cost
INSERT INTO native.cdm_testing_jmdc.enrollment(member_id, year_of_birth_of_member, gender_of_member, individual_or_family, month_and_year_of_entry, month_and_year_of_contract_start, death_flag) VALUES ('M000001201', '1973', 'male', 'Individual', '200804', '200801', '0');
INSERT INTO native.cdm_testing_jmdc.claim(claim_id, member_id, type_of_claim, month_and_year_of_medical_care, institution_id, actual_number_of_days_of_medical_care, points) VALUES ('C000000001201', 'M000001201', 'out-patient', '201303', 'F0034824', '1', '123');
