TRUNCATE TABLE native.cdm_testing_jmdc.claim;
TRUNCATE TABLE native.cdm_testing_jmdc.enrollment;
TRUNCATE TABLE native.cdm_testing_jmdc.diagnosis;
TRUNCATE TABLE native.cdm_testing_jmdc.diagnosis_master;
TRUNCATE TABLE native.cdm_testing_jmdc.[procedure];
TRUNCATE TABLE native.cdm_testing_jmdc.procedure_master;
TRUNCATE TABLE native.cdm_testing_jmdc.annual_health_checkup;
TRUNCATE TABLE native.cdm_testing_jmdc.drug;
TRUNCATE TABLE native.cdm_testing_jmdc.drug_master;
TRUNCATE TABLE native.cdm_testing_jmdc.medical_facility;
TRUNCATE TABLE native.cdm_testing_jmdc.material;
TRUNCATE TABLE native.cdm_testing_jmdc.material_master;
TRUNCATE TABLE native.cdm_testing_jmdc._version;
INSERT INTO native.cdm_testing_jmdc.diagnosis_master(standard_disease_code, icd10_level1_code, icd10_level1_name, icd10_level2_code, icd10_level2_name, icd10_level3_code, icd10_level3_name, icd10_level4_code, icd10_level4_name) VALUES ('123', 'S00-T98', 'Injury, poisoning and certain other consequences of external causes', 'D10-D36', 'Benign neoplasms', 'C44', 'Other malignant neoplasms of skin', 'J309', 'Haemangioma, any site');
INSERT INTO native.cdm_testing_jmdc.procedure_master(standardized_procedure_id, standardized_procedure_version, standardized_procedure_name, procedure_category_medium_classification_name, procedure_category_small_classification_name, procedure_category_subclassification_name, procedure_code, procedure_standard_point, icd9cm_level1) VALUES ('123', '201404', 'additional fee for play space, nursery teacher etc. <pediatric inpatient management fee>', 'surgery', 'surgery fee', 'musculoskeletal system / extremity / trunk', 'D007', '100', '9394');
-- 101: Person id
INSERT INTO native.cdm_testing_jmdc.enrollment(member_id, month_and_year_of_birth_of_member, gender_of_member, insured_or_dependent, observation_start, observation_end) VALUES ('M000000101', '198407', 'Male', 'Insured', '201001', '201712');
-- 102: Person gender mappings
INSERT INTO native.cdm_testing_jmdc.enrollment(member_id, month_and_year_of_birth_of_member, gender_of_member, insured_or_dependent, observation_start, observation_end) VALUES ('M000000102', '198407', 'male', 'Insured', '201001', '201712');
INSERT INTO native.cdm_testing_jmdc.enrollment(member_id, month_and_year_of_birth_of_member, gender_of_member, insured_or_dependent, observation_start, observation_end) VALUES ('M000000103', '198407', 'female', 'Insured', '201001', '201712');
-- 103: Person year and month of birth
INSERT INTO native.cdm_testing_jmdc.enrollment(member_id, month_and_year_of_birth_of_member, gender_of_member, insured_or_dependent, observation_start, observation_end) VALUES ('M000000104', '197508', 'Male', 'Insured', '201001', '201712');
-- 201: Observation period person id
INSERT INTO native.cdm_testing_jmdc.enrollment(member_id, month_and_year_of_birth_of_member, gender_of_member, insured_or_dependent, observation_start, observation_end) VALUES ('M000000201', '198407', 'Male', 'Insured', '201001', '201712');
-- 202: Observation period start date
INSERT INTO native.cdm_testing_jmdc.enrollment(member_id, month_and_year_of_birth_of_member, gender_of_member, insured_or_dependent, observation_start, observation_end) VALUES ('M000000202', '198407', 'Male', 'Insured', '201001', '201212');
-- 203: Observation period end date
INSERT INTO native.cdm_testing_jmdc.enrollment(member_id, month_and_year_of_birth_of_member, gender_of_member, insured_or_dependent, observation_start, observation_end) VALUES ('M000000203', '198407', 'Male', 'Insured', '201001', '201412');
-- 204: Observation period type
INSERT INTO native.cdm_testing_jmdc.enrollment(member_id, month_and_year_of_birth_of_member, gender_of_member, insured_or_dependent, observation_start, observation_end) VALUES ('M000000204', '198407', 'Male', 'Insured', '201001', '201412');
-- 301: Care site id
INSERT INTO native.cdm_testing_jmdc.medical_facility(medical_facility_id, medium_classification_of_department, number_of_beds, hpgp, large_classification_of_department, management_body) VALUES ('F0000001', 'General Internal Medicine', '0-19', 'GP', 'Internal Medicine', 'Clinic');
-- 401: Visit occurrence and person id
INSERT INTO native.cdm_testing_jmdc.enrollment(member_id, month_and_year_of_birth_of_member, gender_of_member, insured_or_dependent, observation_start, observation_end) VALUES ('M000000401', '198407', 'Male', 'Insured', '201001', '201712');
INSERT INTO native.cdm_testing_jmdc.claim(claim_id, member_id, type_of_claim, month_and_year_of_medical_care, days_of_medical_care, medical_facility_id, total_point) VALUES ('C000000000401', 'M000000401', 'Outpatient', '201603', '1', 'F0110804', '338');
-- 402: Visit concept ID
INSERT INTO native.cdm_testing_jmdc.enrollment(member_id, month_and_year_of_birth_of_member, gender_of_member, insured_or_dependent, observation_start, observation_end) VALUES ('M000000402', '198407', 'Male', 'Insured', '201001', '201712');
INSERT INTO native.cdm_testing_jmdc.claim(claim_id, member_id, type_of_claim, month_and_year_of_medical_care, days_of_medical_care, medical_facility_id, total_point) VALUES ('C000000000402', 'M000000402', 'Outpatient', '201603', '1', 'F0110804', '338');
INSERT INTO native.cdm_testing_jmdc.claim(claim_id, member_id, type_of_claim, month_and_year_of_medical_care, days_of_medical_care, medical_facility_id, total_point) VALUES ('C000000000403', 'M000000402', 'DPC', '201603', '1', 'F0110804', '338');
INSERT INTO native.cdm_testing_jmdc.claim(claim_id, member_id, type_of_claim, month_and_year_of_medical_care, days_of_medical_care, medical_facility_id, total_point) VALUES ('C000000000404', 'M000000402', 'Inpatient’', '201603', '1', 'F0110804', '338');
-- 403: Visit start date without other info
INSERT INTO native.cdm_testing_jmdc.enrollment(member_id, month_and_year_of_birth_of_member, gender_of_member, insured_or_dependent, observation_start, observation_end) VALUES ('M000000403', '198407', 'Male', 'Insured', '201001', '201712');
INSERT INTO native.cdm_testing_jmdc.claim(claim_id, member_id, type_of_claim, month_and_year_of_medical_care, days_of_medical_care, medical_facility_id, total_point) VALUES ('C000000000406', 'M000000403', 'Outpatient', '201002', '1', 'F0110804', '338');
-- 404: Visit start date with admission date in month of care
INSERT INTO native.cdm_testing_jmdc.enrollment(member_id, month_and_year_of_birth_of_member, gender_of_member, insured_or_dependent, observation_start, observation_end) VALUES ('M000000404', '198407', 'Male', 'Insured', '201001', '201712');
INSERT INTO native.cdm_testing_jmdc.claim(claim_id, member_id, type_of_claim, month_and_year_of_medical_care, admission_date, days_of_medical_care, medical_facility_id, total_point) VALUES ('C000000000407', 'M000000404', 'Outpatient', '201002', '2010-02-05', '1', 'F0110804', '338');
-- 405: Visit start date with admission date before month of care
INSERT INTO native.cdm_testing_jmdc.enrollment(member_id, month_and_year_of_birth_of_member, gender_of_member, insured_or_dependent, observation_start, observation_end) VALUES ('M000000405', '198407', 'Male', 'Insured', '201001', '201712');
INSERT INTO native.cdm_testing_jmdc.claim(claim_id, member_id, type_of_claim, month_and_year_of_medical_care, admission_date, days_of_medical_care, medical_facility_id, total_point) VALUES ('C000000000408', 'M000000405', 'Outpatient', '201002', '2010-01-05', '1', 'F0110804', '338');
-- 406: Visit start date with prescription date
INSERT INTO native.cdm_testing_jmdc.enrollment(member_id, month_and_year_of_birth_of_member, gender_of_member, insured_or_dependent, observation_start, observation_end) VALUES ('M000000406', '198407', 'Male', 'Insured', '201001', '201712');
INSERT INTO native.cdm_testing_jmdc.claim(claim_id, member_id, type_of_claim, month_and_year_of_medical_care, days_of_medical_care, medical_facility_id, total_point) VALUES ('C000000000409', 'M000000406', 'Outpatient', '201002', '1', 'F0110804', '338');
INSERT INTO native.cdm_testing_jmdc.drug(claim_id, member_id, type_of_claim, month_and_year_of_medical_care, date_of_prescription, administered_days, jmdc_drug_code, prescribed_amount_per_day, administered_amount, unit_of_administered_amount, medical_facility_id, statement_id, drug_name, drug_price, concurrent_id, actual_point) VALUES ('C000000000409', 'M000000406', 'Pharmacy', '201603', '2010-02-05', '1.0', '100000049967', '1.0', '1.0', 'T', 'F0280760', '1', 'Asverin Powder 10%', '5.60', '1', '0');
-- 407: Visit start date with procedure date
INSERT INTO native.cdm_testing_jmdc.enrollment(member_id, month_and_year_of_birth_of_member, gender_of_member, insured_or_dependent, observation_start, observation_end) VALUES ('M000000407', '198407', 'Male', 'Insured', '201001', '201712');
INSERT INTO native.cdm_testing_jmdc.claim(claim_id, member_id, type_of_claim, month_and_year_of_medical_care, days_of_medical_care, medical_facility_id, total_point) VALUES ('C000000000410', 'M000000407', 'Outpatient', '201002', '1', 'F0110804', '338');
INSERT INTO native.cdm_testing_jmdc.[procedure](claim_id, member_id, type_of_claim, month_and_year_of_medical_care, date_of_procedure, standardized_procedure_id, medical_facility_id, statement_id, standardized_procedure_version, standardized_procedure_name, number_of_times, concurrent_id, category_of_medical_care, actual_point) VALUES ('C000000000410', 'M000000407', 'Outpatient', '201603', '2010-02-05', '123', 'F0280760', '1', '201404', 'prescription fee, other', '1', '1', '60', '0');
-- 408: Visit start date from start of medical care
INSERT INTO native.cdm_testing_jmdc.enrollment(member_id, month_and_year_of_birth_of_member, gender_of_member, insured_or_dependent, observation_start, observation_end) VALUES ('M000000408', '198407', 'Male', 'Insured', '201001', '201712');
INSERT INTO native.cdm_testing_jmdc.claim(claim_id, member_id, type_of_claim, month_and_year_of_medical_care, days_of_medical_care, medical_facility_id, total_point) VALUES ('C000000000411', 'M000000408', 'Outpatient', '201002', '1', 'F0110804', '338');
INSERT INTO native.cdm_testing_jmdc.diagnosis(claim_id, member_id, type_of_claim, date_of_medical_care_start, month_and_year_of_medical_care, standard_disease_code, medical_facility_id, statement_id, standard_disease_name, outcome) VALUES ('C000000000411', 'M000000408', 'Outpatient', '2010-02-08', '201603', '123', 'F0280760', '1', 'allergic rhinitis', '0');
-- 409: Visit start date when start of medical care before month of care
INSERT INTO native.cdm_testing_jmdc.enrollment(member_id, month_and_year_of_birth_of_member, gender_of_member, insured_or_dependent, observation_start, observation_end) VALUES ('M000000409', '198407', 'Male', 'Insured', '201001', '201712');
INSERT INTO native.cdm_testing_jmdc.claim(claim_id, member_id, type_of_claim, month_and_year_of_medical_care, days_of_medical_care, medical_facility_id, total_point) VALUES ('C000000000412', 'M000000409', 'Outpatient', '201002', '1', 'F0110804', '338');
INSERT INTO native.cdm_testing_jmdc.diagnosis(claim_id, member_id, type_of_claim, date_of_medical_care_start, month_and_year_of_medical_care, standard_disease_code, medical_facility_id, statement_id, standard_disease_name, outcome) VALUES ('C000000000412', 'M000000409', 'Outpatient', '2010-01-01', '201603', '123', 'F0280760', '1', 'allergic rhinitis', '0');
-- 410: Visit end date
INSERT INTO native.cdm_testing_jmdc.enrollment(member_id, month_and_year_of_birth_of_member, gender_of_member, insured_or_dependent, observation_start, observation_end) VALUES ('M000000410', '198407', 'Male', 'Insured', '201001', '201712');
INSERT INTO native.cdm_testing_jmdc.claim(claim_id, member_id, type_of_claim, month_and_year_of_medical_care, days_of_medical_care, medical_facility_id, total_point) VALUES ('C000000000413', 'M000000410', 'Outpatient', '201002', '3', 'F0110804', '338');
INSERT INTO native.cdm_testing_jmdc.claim(claim_id, member_id, type_of_claim, month_and_year_of_medical_care, admission_date, days_of_medical_care, medical_facility_id, total_point) VALUES ('C000000000414', 'M000000410', 'Outpatient', '201004', '2010-04-05', '3', 'F0110804', '338');
INSERT INTO native.cdm_testing_jmdc.claim(claim_id, member_id, type_of_claim, month_and_year_of_medical_care, admission_date, days_of_medical_care, medical_facility_id, total_point) VALUES ('C000000000415', 'M000000410', 'Outpatient', '201006', '2010-05-05', '3', 'F0110804', '338');
INSERT INTO native.cdm_testing_jmdc.claim(claim_id, member_id, type_of_claim, month_and_year_of_medical_care, days_of_medical_care, medical_facility_id, total_point) VALUES ('C000000000416', 'M000000410', 'Outpatient', '201008', '3', 'F0110804', '338');
INSERT INTO native.cdm_testing_jmdc.claim(claim_id, member_id, type_of_claim, month_and_year_of_medical_care, days_of_medical_care, medical_facility_id, total_point) VALUES ('C000000000417', 'M000000410', 'Outpatient', '201010', '3', 'F0110804', '338');
INSERT INTO native.cdm_testing_jmdc.claim(claim_id, member_id, type_of_claim, month_and_year_of_medical_care, days_of_medical_care, medical_facility_id, total_point) VALUES ('C000000000418', 'M000000410', 'Outpatient', '201012', '3', 'F0110804', '338');
INSERT INTO native.cdm_testing_jmdc.claim(claim_id, member_id, type_of_claim, month_and_year_of_medical_care, days_of_medical_care, medical_facility_id, total_point) VALUES ('C000000000419', 'M000000410', 'Outpatient', '201102', '3', 'F0110804', '338');
INSERT INTO native.cdm_testing_jmdc.drug(claim_id, member_id, type_of_claim, month_and_year_of_medical_care, date_of_prescription, administered_days, jmdc_drug_code, prescribed_amount_per_day, administered_amount, unit_of_administered_amount, medical_facility_id, statement_id, drug_name, drug_price, concurrent_id, actual_point) VALUES ('C000000000416', 'M000000410', 'Pharmacy', '201603', '2010-08-05', '1.0', '100000049967', '1.0', '1.0', 'T', 'F0280760', '1', 'Asverin Powder 10%', '5.60', '1', '0');
INSERT INTO native.cdm_testing_jmdc.[procedure](claim_id, member_id, type_of_claim, month_and_year_of_medical_care, date_of_procedure, standardized_procedure_id, medical_facility_id, statement_id, standardized_procedure_version, standardized_procedure_name, number_of_times, concurrent_id, category_of_medical_care, actual_point) VALUES ('C000000000417', 'M000000410', 'Outpatient', '201603', '2010-10-05', '123', 'F0280760', '1', '201404', 'prescription fee, other', '1', '1', '60', '0');
INSERT INTO native.cdm_testing_jmdc.diagnosis(claim_id, member_id, type_of_claim, date_of_medical_care_start, month_and_year_of_medical_care, standard_disease_code, medical_facility_id, statement_id, standard_disease_name, outcome) VALUES ('C000000000418', 'M000000410', 'Outpatient', '2010-12-05', '201603', '123', 'F0280760', '1', 'allergic rhinitis', '0');
INSERT INTO native.cdm_testing_jmdc.diagnosis(claim_id, member_id, type_of_claim, date_of_medical_care_start, month_and_year_of_medical_care, standard_disease_code, medical_facility_id, statement_id, standard_disease_name, outcome) VALUES ('C000000000419', 'M000000410', 'Outpatient', '2011-01-08', '201603', '123', 'F0280760', '1', 'allergic rhinitis', '0');
-- 411: Visit type concept ID
INSERT INTO native.cdm_testing_jmdc.enrollment(member_id, month_and_year_of_birth_of_member, gender_of_member, insured_or_dependent, observation_start, observation_end) VALUES ('M000000411', '198407', 'Male', 'Insured', '201001', '201712');
INSERT INTO native.cdm_testing_jmdc.claim(claim_id, member_id, type_of_claim, month_and_year_of_medical_care, days_of_medical_care, medical_facility_id, total_point) VALUES ('C000000000420', 'M000000411', 'Outpatient', '201603', '1', 'F0110804', '338');
-- 412: Visit care site ID
INSERT INTO native.cdm_testing_jmdc.enrollment(member_id, month_and_year_of_birth_of_member, gender_of_member, insured_or_dependent, observation_start, observation_end) VALUES ('M000000412', '198407', 'Male', 'Insured', '201001', '201712');
INSERT INTO native.cdm_testing_jmdc.claim(claim_id, member_id, type_of_claim, month_and_year_of_medical_care, days_of_medical_care, medical_facility_id, total_point) VALUES ('C000000000421', 'M000000412', 'Outpatient', '201603', '1', 'F0000002', '338');
-- 413: Visit source value
INSERT INTO native.cdm_testing_jmdc.enrollment(member_id, month_and_year_of_birth_of_member, gender_of_member, insured_or_dependent, observation_start, observation_end) VALUES ('M000000413', '198407', 'Male', 'Insured', '201001', '201712');
INSERT INTO native.cdm_testing_jmdc.claim(claim_id, member_id, type_of_claim, month_and_year_of_medical_care, days_of_medical_care, medical_facility_id, total_point) VALUES ('C000000000422', 'M000000413', 'Outpatient', '201603', '1', 'F0110804', '338');
-- 414: Visit start date from multiple start of medical care records
INSERT INTO native.cdm_testing_jmdc.enrollment(member_id, month_and_year_of_birth_of_member, gender_of_member, insured_or_dependent, observation_start, observation_end) VALUES ('M000000414', '198407', 'Male', 'Insured', '201001', '201712');
INSERT INTO native.cdm_testing_jmdc.claim(claim_id, member_id, type_of_claim, month_and_year_of_medical_care, days_of_medical_care, medical_facility_id, total_point) VALUES ('C000000000423', 'M000000414', 'Outpatient', '201002', '1', 'F0110804', '338');
INSERT INTO native.cdm_testing_jmdc.diagnosis(claim_id, member_id, type_of_claim, date_of_medical_care_start, month_and_year_of_medical_care, standard_disease_code, medical_facility_id, statement_id, standard_disease_name, outcome) VALUES ('C000000000423', 'M000000414', 'Outpatient', '2010-02-08', '201603', '123', 'F0280760', '1', 'allergic rhinitis', '0');
INSERT INTO native.cdm_testing_jmdc.diagnosis(claim_id, member_id, type_of_claim, date_of_medical_care_start, month_and_year_of_medical_care, standard_disease_code, medical_facility_id, statement_id, standard_disease_name, outcome) VALUES ('C000000000423', 'M000000414', 'Outpatient', '2010-02-12', '201603', '123', 'F0280760', '1', 'allergic rhinitis', '0');
INSERT INTO native.cdm_testing_jmdc.claim(claim_id, member_id, type_of_claim, month_and_year_of_medical_care, days_of_medical_care, medical_facility_id, total_point) VALUES ('C000000000424', 'M000000414', 'Outpatient', '201003', '1', 'F0110804', '338');
INSERT INTO native.cdm_testing_jmdc.diagnosis(claim_id, member_id, type_of_claim, date_of_medical_care_start, month_and_year_of_medical_care, standard_disease_code, medical_facility_id, statement_id, standard_disease_name, outcome) VALUES ('C000000000424', 'M000000414', 'Outpatient', '2010-03-08', '201603', '123', 'F0280760', '1', 'allergic rhinitis', '0');
INSERT INTO native.cdm_testing_jmdc.diagnosis(claim_id, member_id, type_of_claim, date_of_medical_care_start, month_and_year_of_medical_care, standard_disease_code, medical_facility_id, statement_id, standard_disease_name, outcome) VALUES ('C000000000424', 'M000000414', 'Outpatient', '2010-03-12', '201603', '123', 'F0000002', '1', 'allergic rhinitis', '0');
INSERT INTO native.cdm_testing_jmdc.diagnosis(claim_id, member_id, type_of_claim, date_of_medical_care_start, month_and_year_of_medical_care, standard_disease_code, medical_facility_id, statement_id, standard_disease_name, outcome) VALUES ('C000000000424', 'M000000414', 'Outpatient', '2010-03-10', '201603', '123', 'F0000002', '1', 'allergic rhinitis', '0');
INSERT INTO native.cdm_testing_jmdc.claim(claim_id, member_id, type_of_claim, month_and_year_of_medical_care, days_of_medical_care, medical_facility_id, total_point) VALUES ('C000000000425', 'M000000414', 'Outpatient', '201003', '1', 'F0110804', '338');
INSERT INTO native.cdm_testing_jmdc.diagnosis(claim_id, member_id, type_of_claim, date_of_medical_care_start, month_and_year_of_medical_care, standard_disease_code, medical_facility_id, statement_id, standard_disease_name, outcome) VALUES ('C000000000425', 'M000000414', 'Outpatient', '2010-03-12', '201603', '123', 'F0000002', '1', 'allergic rhinitis', '0');
INSERT INTO native.cdm_testing_jmdc.diagnosis(claim_id, member_id, type_of_claim, date_of_medical_care_start, month_and_year_of_medical_care, standard_disease_code, medical_facility_id, statement_id, standard_disease_name, outcome) VALUES ('C000000000425', 'M000000414', 'Outpatient', '2010-03-10', '201603', '123', 'F0000002', '1', 'allergic rhinitis', '0');
-- 415: No visit occurrence when claim type is pharmacy
INSERT INTO native.cdm_testing_jmdc.enrollment(member_id, month_and_year_of_birth_of_member, gender_of_member, insured_or_dependent, observation_start, observation_end) VALUES ('M000000415', '198407', 'Male', 'Insured', '201001', '201712');
INSERT INTO native.cdm_testing_jmdc.claim(claim_id, member_id, type_of_claim, month_and_year_of_medical_care, days_of_medical_care, medical_facility_id, total_point) VALUES ('C000000000426', 'M000000415', 'Pharmacy', '201603', '1', 'F0110804', '338');
-- 501: Provider ID from institution
INSERT INTO native.cdm_testing_jmdc.medical_facility(medical_facility_id, medium_classification_of_department, number_of_beds, hpgp, large_classification_of_department, management_body) VALUES ('F0000003', 'General Internal Medicine', '0-19', 'GP', 'Internal Medicine', 'Clinic');
-- 504: Provider specialty
INSERT INTO native.cdm_testing_jmdc.medical_facility(medical_facility_id, medium_classification_of_department, number_of_beds, hpgp, large_classification_of_department, management_body) VALUES ('F0000005', 'Cardiology', '0-19', 'GP', 'Internal Medicine', 'Clinic');
-- 601: Death person ID from diagnosis
INSERT INTO native.cdm_testing_jmdc.enrollment(member_id, month_and_year_of_birth_of_member, gender_of_member, insured_or_dependent, observation_start, observation_end) VALUES ('M000000601', '198407', 'Male', 'Insured', '201001', '201712');
INSERT INTO native.cdm_testing_jmdc.claim(claim_id, member_id, type_of_claim, month_and_year_of_medical_care, days_of_medical_care, medical_facility_id, total_point) VALUES ('C000000000600', 'M000000601', 'Outpatient', '201603', '1', 'F0110804', '338');
INSERT INTO native.cdm_testing_jmdc.diagnosis(claim_id, member_id, type_of_claim, date_of_medical_care_start, month_and_year_of_medical_care, standard_disease_code, medical_facility_id, statement_id, standard_disease_name, outcome) VALUES ('C000000000600', 'M000000601', 'Outpatient', '2014-04-28', '201603', '123', 'F0280760', '1', 'allergic rhinitis', '2');
-- 602: Death person ID from enrollement
INSERT INTO native.cdm_testing_jmdc.enrollment(member_id, month_and_year_of_birth_of_member, gender_of_member, insured_or_dependent, observation_start, observation_end, withdrawal_death_flag) VALUES ('M000000602', '198407', 'Male', 'Insured', '201001', '201712', 'true');
-- 603: Death date from diagnosis
INSERT INTO native.cdm_testing_jmdc.enrollment(member_id, month_and_year_of_birth_of_member, gender_of_member, insured_or_dependent, observation_start, observation_end) VALUES ('M000000603', '198407', 'Male', 'Insured', '201001', '201712');
INSERT INTO native.cdm_testing_jmdc.claim(claim_id, member_id, type_of_claim, month_and_year_of_medical_care, admission_date, days_of_medical_care, medical_facility_id, total_point) VALUES ('C000000000601', 'M000000603', 'Outpatient', '201001', '2008', '3', 'F0110804', '338');
INSERT INTO native.cdm_testing_jmdc.diagnosis(claim_id, member_id, type_of_claim, date_of_medical_care_start, month_and_year_of_medical_care, standard_disease_code, medical_facility_id, statement_id, standard_disease_name, outcome) VALUES ('C000000000601', 'M000000603', 'Outpatient', '2014-04-28', '201603', '123', 'F0280760', '1', 'allergic rhinitis', '2');
-- 604: Death date from enrollment
INSERT INTO native.cdm_testing_jmdc.enrollment(member_id, month_and_year_of_birth_of_member, gender_of_member, insured_or_dependent, observation_start, observation_end, withdrawal_death_flag) VALUES ('M000000604', '198407', 'Male', 'Insured', '201001', '201112', 'true');
-- 605: Death date from multiple diagnoses
INSERT INTO native.cdm_testing_jmdc.enrollment(member_id, month_and_year_of_birth_of_member, gender_of_member, insured_or_dependent, observation_start, observation_end) VALUES ('M000000605', '198407', 'Male', 'Insured', '201001', '201712');
INSERT INTO native.cdm_testing_jmdc.claim(claim_id, member_id, type_of_claim, month_and_year_of_medical_care, admission_date, days_of_medical_care, medical_facility_id, total_point) VALUES ('C000000000602', 'M000000605', 'Outpatient', '201001', '2008', '3', 'F0110804', '338');
INSERT INTO native.cdm_testing_jmdc.diagnosis(claim_id, member_id, type_of_claim, date_of_medical_care_start, month_and_year_of_medical_care, standard_disease_code, medical_facility_id, statement_id, standard_disease_name, outcome) VALUES ('C000000000602', 'M000000605', 'Outpatient', '2014-04-28', '201603', '123', 'F0280760', '1', 'allergic rhinitis', '2');
INSERT INTO native.cdm_testing_jmdc.claim(claim_id, member_id, type_of_claim, month_and_year_of_medical_care, admission_date, days_of_medical_care, medical_facility_id, total_point) VALUES ('C000000000603', 'M000000605', 'Outpatient', '201002', '2007', '3', 'F0110804', '338');
INSERT INTO native.cdm_testing_jmdc.diagnosis(claim_id, member_id, type_of_claim, date_of_medical_care_start, month_and_year_of_medical_care, standard_disease_code, medical_facility_id, statement_id, standard_disease_name, outcome) VALUES ('C000000000603', 'M000000605', 'Outpatient', '2014-04-28', '201603', '123', 'F0280760', '1', 'allergic rhinitis', '2');
-- 606: Death date from diagnosis and enrollment
INSERT INTO native.cdm_testing_jmdc.enrollment(member_id, month_and_year_of_birth_of_member, gender_of_member, insured_or_dependent, observation_start, observation_end, withdrawal_death_flag) VALUES ('M000000606', '198407', 'Male', 'Insured', '201001', '201112', 'true');
INSERT INTO native.cdm_testing_jmdc.claim(claim_id, member_id, type_of_claim, month_and_year_of_medical_care, admission_date, days_of_medical_care, medical_facility_id, total_point) VALUES ('C000000000604', 'M000000606', 'Outpatient', '201001', '2008', '3', 'F0110804', '338');
INSERT INTO native.cdm_testing_jmdc.diagnosis(claim_id, member_id, type_of_claim, date_of_medical_care_start, month_and_year_of_medical_care, standard_disease_code, medical_facility_id, statement_id, standard_disease_name, outcome) VALUES ('C000000000604', 'M000000606', 'Outpatient', '2014-04-28', '201603', '123', 'F0280760', '1', 'allergic rhinitis', '2');
-- 607: Death type concept ID
INSERT INTO native.cdm_testing_jmdc.enrollment(member_id, month_and_year_of_birth_of_member, gender_of_member, insured_or_dependent, observation_start, observation_end, withdrawal_death_flag) VALUES ('M000000607', '198407', 'Male', 'Insured', '201001', '201712', 'true');
INSERT INTO native.cdm_testing_jmdc.enrollment(member_id, month_and_year_of_birth_of_member, gender_of_member, insured_or_dependent, observation_start, observation_end) VALUES ('M000000608', '198407', 'Male', 'Insured', '201001', '201712');
INSERT INTO native.cdm_testing_jmdc.claim(claim_id, member_id, type_of_claim, month_and_year_of_medical_care, days_of_medical_care, medical_facility_id, total_point) VALUES ('C000000000605', 'M000000608', 'Outpatient', '201603', '1', 'F0110804', '338');
INSERT INTO native.cdm_testing_jmdc.diagnosis(claim_id, member_id, type_of_claim, date_of_medical_care_start, month_and_year_of_medical_care, standard_disease_code, medical_facility_id, statement_id, standard_disease_name, outcome) VALUES ('C000000000605', 'M000000608', 'Outpatient', '2014-04-28', '201603', '123', 'F0280760', '1', 'allergic rhinitis', '2');
-- 701: Condition occurrence person ID
INSERT INTO native.cdm_testing_jmdc.enrollment(member_id, month_and_year_of_birth_of_member, gender_of_member, insured_or_dependent, observation_start, observation_end) VALUES ('M000000701', '198407', 'Male', 'Insured', '201001', '201712');
INSERT INTO native.cdm_testing_jmdc.claim(claim_id, member_id, type_of_claim, month_and_year_of_medical_care, days_of_medical_care, medical_facility_id, total_point) VALUES ('C000000000701', 'M000000701', 'Outpatient', '201603', '1', 'F0110804', '338');
INSERT INTO native.cdm_testing_jmdc.diagnosis(claim_id, member_id, type_of_claim, date_of_medical_care_start, month_and_year_of_medical_care, standard_disease_code, medical_facility_id, statement_id, standard_disease_name, outcome) VALUES ('C000000000701', 'M000000701', 'Outpatient', '2014-04-28', '201603', '123', 'F0280760', '1', 'allergic rhinitis', '0');
-- 702: Condition occurrence visit occurrence ID
INSERT INTO native.cdm_testing_jmdc.enrollment(member_id, month_and_year_of_birth_of_member, gender_of_member, insured_or_dependent, observation_start, observation_end) VALUES ('M000000702', '198407', 'Male', 'Insured', '201001', '201712');
INSERT INTO native.cdm_testing_jmdc.claim(claim_id, member_id, type_of_claim, month_and_year_of_medical_care, days_of_medical_care, medical_facility_id, total_point) VALUES ('C000000000702', 'M000000702', 'Outpatient', '201603', '1', 'F0110804', '338');
INSERT INTO native.cdm_testing_jmdc.diagnosis(claim_id, member_id, type_of_claim, date_of_medical_care_start, month_and_year_of_medical_care, standard_disease_code, medical_facility_id, statement_id, standard_disease_name, outcome) VALUES ('C000000000702', 'M000000702', 'Outpatient', '2014-04-28', '201603', '123', 'F0280760', '1', 'allergic rhinitis', '0');
-- 703: Condition type concept ID
INSERT INTO native.cdm_testing_jmdc.enrollment(member_id, month_and_year_of_birth_of_member, gender_of_member, insured_or_dependent, observation_start, observation_end) VALUES ('M000000703', '198407', 'Male', 'Insured', '201001', '201712');
INSERT INTO native.cdm_testing_jmdc.claim(claim_id, member_id, type_of_claim, month_and_year_of_medical_care, days_of_medical_care, medical_facility_id, total_point) VALUES ('C000000000703', 'M000000703', 'Outpatient', '201603', '1', 'F0110804', '338');
INSERT INTO native.cdm_testing_jmdc.diagnosis(claim_id, member_id, type_of_claim, date_of_medical_care_start, month_and_year_of_medical_care, standard_disease_code, medical_facility_id, statement_id, standard_disease_name, outcome) VALUES ('C000000000703', 'M000000703', 'Outpatient', '2014-04-28', '201603', '123', 'F0280760', '1', 'allergic rhinitis', '0');
INSERT INTO native.cdm_testing_jmdc.claim(claim_id, member_id, type_of_claim, month_and_year_of_medical_care, days_of_medical_care, medical_facility_id, total_point) VALUES ('C000000000704', 'M000000703', 'Outpatient', '201603', '1', 'F0110804', '338');
INSERT INTO native.cdm_testing_jmdc.diagnosis(claim_id, member_id, type_of_claim, date_of_medical_care_start, month_and_year_of_medical_care, standard_disease_code, medical_facility_id, statement_id, standard_disease_name, outcome) VALUES ('C000000000704', 'M000000703', 'Inpatient', '2014-04-28', '201603', '123', 'F0280760', '1', 'allergic rhinitis', '0');
INSERT INTO native.cdm_testing_jmdc.claim(claim_id, member_id, type_of_claim, month_and_year_of_medical_care, days_of_medical_care, medical_facility_id, total_point) VALUES ('C000000000705', 'M000000703', 'Outpatient', '201603', '1', 'F0110804', '338');
INSERT INTO native.cdm_testing_jmdc.diagnosis(claim_id, member_id, type_of_claim, date_of_medical_care_start, month_and_year_of_medical_care, standard_disease_code, medical_facility_id, statement_id, standard_disease_name, outcome) VALUES ('C000000000705', 'M000000703', 'DPC', '2014-04-28', '201603', '123', 'F0280760', '1', 'allergic rhinitis', '0');
-- 704: Condition start date from admission date
INSERT INTO native.cdm_testing_jmdc.enrollment(member_id, month_and_year_of_birth_of_member, gender_of_member, insured_or_dependent, observation_start, observation_end) VALUES ('M000000704', '198407', 'Male', 'Insured', '201001', '201712');
INSERT INTO native.cdm_testing_jmdc.claim(claim_id, member_id, type_of_claim, month_and_year_of_medical_care, admission_date, days_of_medical_care, medical_facility_id, total_point) VALUES ('C000000000706', 'M000000704', 'Outpatient', '201002', '2010-01-01', '1', 'F0110804', '338');
INSERT INTO native.cdm_testing_jmdc.diagnosis(claim_id, member_id, type_of_claim, date_of_medical_care_start, month_and_year_of_medical_care, standard_disease_code, medical_facility_id, statement_id, standard_disease_name, outcome) VALUES ('C000000000706', 'M000000704', 'Outpatient', '2014-04-28', '201603', '123', 'F0280760', '1', 'allergic rhinitis', '0');
-- 705: Condition start date from claim date
INSERT INTO native.cdm_testing_jmdc.enrollment(member_id, month_and_year_of_birth_of_member, gender_of_member, insured_or_dependent, observation_start, observation_end) VALUES ('M000000705', '198407', 'Male', 'Insured', '201001', '201712');
INSERT INTO native.cdm_testing_jmdc.claim(claim_id, member_id, type_of_claim, month_and_year_of_medical_care, days_of_medical_care, medical_facility_id, total_point) VALUES ('C000000000707', 'M000000705', 'Outpatient', '201002', '1', 'F0110804', '338');
INSERT INTO native.cdm_testing_jmdc.diagnosis(claim_id, member_id, type_of_claim, date_of_medical_care_start, month_and_year_of_medical_care, standard_disease_code, medical_facility_id, statement_id, standard_disease_name, outcome) VALUES ('C000000000707', 'M000000705', 'Outpatient', '2014-04-28', '201603', '123', 'F0280760', '1', 'allergic rhinitis', '0');
-- 706: Condition provider ID
INSERT INTO native.cdm_testing_jmdc.enrollment(member_id, month_and_year_of_birth_of_member, gender_of_member, insured_or_dependent, observation_start, observation_end) VALUES ('M000000706', '198407', 'Male', 'Insured', '201001', '201712');
INSERT INTO native.cdm_testing_jmdc.claim(claim_id, member_id, type_of_claim, month_and_year_of_medical_care, days_of_medical_care, medical_facility_id, total_point) VALUES ('C000000000708', 'M000000706', 'Outpatient', '201603', '1', 'F0110804', '338');
INSERT INTO native.cdm_testing_jmdc.diagnosis(claim_id, member_id, type_of_claim, date_of_medical_care_start, month_and_year_of_medical_care, standard_disease_code, medical_facility_id, statement_id, standard_disease_name, outcome) VALUES ('C000000000708', 'M000000706', 'Outpatient', '2014-04-28', '201603', '123', 'F0000006', '1', 'allergic rhinitis', '0');
-- 707: Condition concept ID and source values
INSERT INTO native.cdm_testing_jmdc.enrollment(member_id, month_and_year_of_birth_of_member, gender_of_member, insured_or_dependent, observation_start, observation_end) VALUES ('M000000707', '198407', 'Male', 'Insured', '201001', '201712');
INSERT INTO native.cdm_testing_jmdc.claim(claim_id, member_id, type_of_claim, month_and_year_of_medical_care, days_of_medical_care, medical_facility_id, total_point) VALUES ('C000000000709', 'M000000707', 'Outpatient', '201603', '1', 'F0110804', '338');
INSERT INTO native.cdm_testing_jmdc.diagnosis(claim_id, member_id, type_of_claim, date_of_medical_care_start, month_and_year_of_medical_care, standard_disease_code, medical_facility_id, statement_id, standard_disease_name, outcome) VALUES ('C000000000709', 'M000000707', 'Outpatient', '2014-04-28', '201603', '1', 'F0280760', '1', 'allergic rhinitis', '0');
INSERT INTO native.cdm_testing_jmdc.diagnosis_master(standard_disease_code, icd10_level1_code, icd10_level1_name, icd10_level2_code, icd10_level2_name, icd10_level3_code, icd10_level3_name, icd10_level4_code, icd10_level4_name) VALUES ('1', 'S00-T98', 'Injury, poisoning and certain other consequences of external causes', 'D10-D36', 'Benign neoplasms', 'C44', 'Other malignant neoplasms of skin', 'I10-', 'Haemangioma, any site');
-- 708: Condition occurrence that are era-like
INSERT INTO native.cdm_testing_jmdc.enrollment(member_id, month_and_year_of_birth_of_member, gender_of_member, insured_or_dependent, observation_start, observation_end) VALUES ('M000000708', '198407', 'Male', 'Insured', '201001', '201212');
INSERT INTO native.cdm_testing_jmdc.claim(claim_id, member_id, type_of_claim, month_and_year_of_medical_care, days_of_medical_care, medical_facility_id, total_point) VALUES ('C000000000710', 'M000000708', 'Outpatient', '201002', '1', 'F0110804', '338');
INSERT INTO native.cdm_testing_jmdc.diagnosis(claim_id, member_id, type_of_claim, date_of_medical_care_start, month_and_year_of_medical_care, standard_disease_code, medical_facility_id, statement_id, standard_disease_name, outcome) VALUES ('C000000000710', 'M000000708', 'Outpatient', '2010-01-05', '201603', '123', 'F0280760', '1', 'allergic rhinitis', '0');
-- 709: Condition occurrence that are era-like, start before OP start
INSERT INTO native.cdm_testing_jmdc.enrollment(member_id, month_and_year_of_birth_of_member, gender_of_member, insured_or_dependent, observation_start, observation_end) VALUES ('M000000709', '198407', 'Male', 'Insured', '201001', '201212');
INSERT INTO native.cdm_testing_jmdc.claim(claim_id, member_id, type_of_claim, month_and_year_of_medical_care, days_of_medical_care, medical_facility_id, total_point) VALUES ('C000000000711', 'M000000709', 'Outpatient', '201002', '1', 'F0110804', '338');
INSERT INTO native.cdm_testing_jmdc.diagnosis(claim_id, member_id, type_of_claim, date_of_medical_care_start, month_and_year_of_medical_care, standard_disease_code, medical_facility_id, statement_id, standard_disease_name, outcome) VALUES ('C000000000711', 'M000000709', 'Outpatient', '2009-12-01', '201603', '123', 'F0280760', '1', 'allergic rhinitis', '0');
-- 710: Condition with suspicion flag
INSERT INTO native.cdm_testing_jmdc.enrollment(member_id, month_and_year_of_birth_of_member, gender_of_member, insured_or_dependent, observation_start, observation_end) VALUES ('M000000710', '198407', 'Male', 'Insured', '201001', '201712');
INSERT INTO native.cdm_testing_jmdc.claim(claim_id, member_id, type_of_claim, month_and_year_of_medical_care, days_of_medical_care, medical_facility_id, total_point) VALUES ('C000000000712', 'M000000710', 'Outpatient', '201603', '1', 'F0110804', '338');
INSERT INTO native.cdm_testing_jmdc.diagnosis(claim_id, member_id, type_of_claim, date_of_medical_care_start, month_and_year_of_medical_care, standard_disease_code, medical_facility_id, statement_id, standard_disease_name, suspicion_flag, outcome) VALUES ('C000000000712', 'M000000710', 'Outpatient', '2014-04-28', '201603', '1', 'F0280760', '1', 'allergic rhinitis', '1', '0');
-- 801: Drug exposure person ID
INSERT INTO native.cdm_testing_jmdc.enrollment(member_id, month_and_year_of_birth_of_member, gender_of_member, insured_or_dependent, observation_start, observation_end) VALUES ('M000000801', '198407', 'Male', 'Insured', '201001', '201712');
INSERT INTO native.cdm_testing_jmdc.claim(claim_id, member_id, type_of_claim, month_and_year_of_medical_care, days_of_medical_care, medical_facility_id, total_point) VALUES ('C000000000801', 'M000000801', 'Outpatient', '201603', '1', 'F0110804', '338');
INSERT INTO native.cdm_testing_jmdc.drug(claim_id, member_id, type_of_claim, month_and_year_of_medical_care, administered_days, jmdc_drug_code, prescribed_amount_per_day, administered_amount, unit_of_administered_amount, medical_facility_id, statement_id, drug_name, drug_price, concurrent_id, actual_point) VALUES ('C000000000801', 'M000000801', 'Pharmacy', '201603', '1.0', '100000049967', '1.0', '1.0', 'T', 'F0280760', '1', 'Asverin Powder 10%', '5.60', '1', '0');
-- 802: Drug exposure visit occurrence ID
INSERT INTO native.cdm_testing_jmdc.enrollment(member_id, month_and_year_of_birth_of_member, gender_of_member, insured_or_dependent, observation_start, observation_end) VALUES ('M000000802', '198407', 'Male', 'Insured', '201001', '201712');
INSERT INTO native.cdm_testing_jmdc.claim(claim_id, member_id, type_of_claim, month_and_year_of_medical_care, days_of_medical_care, medical_facility_id, total_point) VALUES ('C000000000802', 'M000000802', 'Outpatient', '201603', '1', 'F0110804', '338');
INSERT INTO native.cdm_testing_jmdc.drug(claim_id, member_id, type_of_claim, month_and_year_of_medical_care, administered_days, jmdc_drug_code, prescribed_amount_per_day, administered_amount, unit_of_administered_amount, medical_facility_id, statement_id, drug_name, drug_price, concurrent_id, actual_point) VALUES ('C000000000802', 'M000000802', 'Pharmacy', '201603', '1.0', '100000049967', '1.0', '1.0', 'T', 'F0280760', '1', 'Asverin Powder 10%', '5.60', '1', '0');
-- 803: Drug exposure type concept ID
INSERT INTO native.cdm_testing_jmdc.enrollment(member_id, month_and_year_of_birth_of_member, gender_of_member, insured_or_dependent, observation_start, observation_end) VALUES ('M000000803', '198407', 'Male', 'Insured', '201001', '201712');
INSERT INTO native.cdm_testing_jmdc.claim(claim_id, member_id, type_of_claim, month_and_year_of_medical_care, days_of_medical_care, medical_facility_id, total_point) VALUES ('C000000000803', 'M000000803', 'Outpatient', '201603', '1', 'F0110804', '338');
INSERT INTO native.cdm_testing_jmdc.drug(claim_id, member_id, type_of_claim, month_and_year_of_medical_care, administered_days, jmdc_drug_code, prescribed_amount_per_day, administered_amount, unit_of_administered_amount, medical_facility_id, statement_id, drug_name, drug_price, concurrent_id, actual_point) VALUES ('C000000000803', 'M000000803', 'Outpatient', '201603', '1.0', '100000049967', '1.0', '1.0', 'T', 'F0280760', '1', 'Asverin Powder 10%', '5.60', '1', '0');
INSERT INTO native.cdm_testing_jmdc.claim(claim_id, member_id, type_of_claim, month_and_year_of_medical_care, days_of_medical_care, medical_facility_id, total_point) VALUES ('C000000000804', 'M000000803', 'Outpatient', '201603', '1', 'F0110804', '338');
INSERT INTO native.cdm_testing_jmdc.drug(claim_id, member_id, type_of_claim, month_and_year_of_medical_care, administered_days, jmdc_drug_code, prescribed_amount_per_day, administered_amount, unit_of_administered_amount, medical_facility_id, statement_id, drug_name, drug_price, concurrent_id, actual_point) VALUES ('C000000000804', 'M000000803', 'Inpatient', '201603', '1.0', '100000049967', '1.0', '1.0', 'T', 'F0280760', '1', 'Asverin Powder 10%', '5.60', '1', '0');
INSERT INTO native.cdm_testing_jmdc.claim(claim_id, member_id, type_of_claim, month_and_year_of_medical_care, days_of_medical_care, medical_facility_id, total_point) VALUES ('C000000000805', 'M000000803', 'Outpatient', '201603', '1', 'F0110804', '338');
INSERT INTO native.cdm_testing_jmdc.drug(claim_id, member_id, type_of_claim, month_and_year_of_medical_care, administered_days, jmdc_drug_code, prescribed_amount_per_day, administered_amount, unit_of_administered_amount, medical_facility_id, statement_id, drug_name, drug_price, concurrent_id, actual_point) VALUES ('C000000000805', 'M000000803', 'DPC', '201603', '1.0', '100000049967', '1.0', '1.0', 'T', 'F0280760', '1', 'Asverin Powder 10%', '5.60', '1', '0');
INSERT INTO native.cdm_testing_jmdc.claim(claim_id, member_id, type_of_claim, month_and_year_of_medical_care, days_of_medical_care, medical_facility_id, total_point) VALUES ('C000000000806', 'M000000803', 'Outpatient', '201603', '1', 'F0110804', '338');
INSERT INTO native.cdm_testing_jmdc.drug(claim_id, member_id, type_of_claim, month_and_year_of_medical_care, administered_days, jmdc_drug_code, prescribed_amount_per_day, administered_amount, unit_of_administered_amount, medical_facility_id, statement_id, drug_name, drug_price, concurrent_id, actual_point) VALUES ('C000000000806', 'M000000803', 'Pharmacy', '201603', '1.0', '100000049967', '1.0', '1.0', 'T', 'F0280760', '1', 'Asverin Powder 10%', '5.60', '1', '0');
-- 804: Drug provider from institution ID
INSERT INTO native.cdm_testing_jmdc.enrollment(member_id, month_and_year_of_birth_of_member, gender_of_member, insured_or_dependent, observation_start, observation_end) VALUES ('M000000804', '198407', 'Male', 'Insured', '201001', '201712');
INSERT INTO native.cdm_testing_jmdc.claim(claim_id, member_id, type_of_claim, month_and_year_of_medical_care, days_of_medical_care, medical_facility_id, total_point) VALUES ('C000000000807', 'M000000804', 'Outpatient', '201603', '1', 'F0110804', '338');
INSERT INTO native.cdm_testing_jmdc.drug(claim_id, member_id, type_of_claim, month_and_year_of_medical_care, administered_days, jmdc_drug_code, prescribed_amount_per_day, administered_amount, unit_of_administered_amount, medical_facility_id, statement_id, drug_name, drug_price, concurrent_id, actual_point) VALUES ('C000000000807', 'M000000804', 'Pharmacy', '201603', '1.0', '100000049967', '1.0', '1.0', 'T', 'F0000007', '1', 'Asverin Powder 10%', '5.60', '1', '0');
-- 806: Drug start date from prescription date
INSERT INTO native.cdm_testing_jmdc.enrollment(member_id, month_and_year_of_birth_of_member, gender_of_member, insured_or_dependent, observation_start, observation_end) VALUES ('M000000806', '198407', 'Male', 'Insured', '201001', '201712');
INSERT INTO native.cdm_testing_jmdc.claim(claim_id, member_id, type_of_claim, month_and_year_of_medical_care, days_of_medical_care, medical_facility_id, total_point) VALUES ('C000000000809', 'M000000806', 'Outpatient', '201603', '1', 'F0110804', '338');
INSERT INTO native.cdm_testing_jmdc.drug(claim_id, member_id, type_of_claim, month_and_year_of_medical_care, date_of_prescription, administered_days, jmdc_drug_code, prescribed_amount_per_day, administered_amount, unit_of_administered_amount, medical_facility_id, statement_id, drug_name, drug_price, concurrent_id, actual_point) VALUES ('C000000000809', 'M000000806', 'Pharmacy', '201603', '2010-01-05', '1.0', '100000049967', '1.0', '1.0', 'T', 'F0280760', '1', 'Asverin Powder 10%', '5.60', '1', '0');
-- 807: Drug start date from visit date
INSERT INTO native.cdm_testing_jmdc.enrollment(member_id, month_and_year_of_birth_of_member, gender_of_member, insured_or_dependent, observation_start, observation_end) VALUES ('M000000807', '198407', 'Male', 'Insured', '201001', '201712');
INSERT INTO native.cdm_testing_jmdc.claim(claim_id, member_id, type_of_claim, month_and_year_of_medical_care, days_of_medical_care, medical_facility_id, total_point) VALUES ('C000000000810', 'M000000807', 'pharmacy', '201002', '1', 'F0110804', '338');
INSERT INTO native.cdm_testing_jmdc.drug(claim_id, member_id, type_of_claim, month_and_year_of_medical_care, administered_days, jmdc_drug_code, prescribed_amount_per_day, administered_amount, unit_of_administered_amount, medical_facility_id, statement_id, drug_name, drug_price, concurrent_id, actual_point) VALUES ('C000000000810', 'M000000807', 'Pharmacy', '201603', '1.0', '100000049967', '1.0', '1.0', 'T', 'F0280760', '1', 'Asverin Powder 10%', '5.60', '1', '0');
-- 808: Drug end date
INSERT INTO native.cdm_testing_jmdc.enrollment(member_id, month_and_year_of_birth_of_member, gender_of_member, insured_or_dependent, observation_start, observation_end) VALUES ('M000000808', '198407', 'Male', 'Insured', '201001', '201712');
INSERT INTO native.cdm_testing_jmdc.claim(claim_id, member_id, type_of_claim, month_and_year_of_medical_care, days_of_medical_care, medical_facility_id, total_point) VALUES ('C000000000811', 'M000000808', 'Outpatient', '201603', '1', 'F0110804', '338');
INSERT INTO native.cdm_testing_jmdc.claim(claim_id, member_id, type_of_claim, month_and_year_of_medical_care, days_of_medical_care, medical_facility_id, total_point) VALUES ('C000000000812', 'M000000808', 'Outpatient', '201603', '1', 'F0110804', '338');
INSERT INTO native.cdm_testing_jmdc.drug(claim_id, member_id, type_of_claim, month_and_year_of_medical_care, date_of_prescription, administered_days, jmdc_drug_code, prescribed_amount_per_day, administered_amount, unit_of_administered_amount, medical_facility_id, statement_id, drug_name, drug_price, concurrent_id, actual_point) VALUES ('C000000000811', 'M000000808', 'Pharmacy', '201603', '2010-01-05', '3', '100000049967', '1.0', '1.0', 'T', 'F0280760', '1', 'Asverin Powder 10%', '5.60', '1', '0');
INSERT INTO native.cdm_testing_jmdc.drug(claim_id, member_id, type_of_claim, month_and_year_of_medical_care, date_of_prescription, administered_days, jmdc_drug_code, prescribed_amount_per_day, administered_amount, unit_of_administered_amount, medical_facility_id, statement_id, drug_name, drug_price, concurrent_id, actual_point) VALUES ('C000000000812', 'M000000808', 'Pharmacy', '201603', '2010-01-01', '365', '100000049967', '1.0', '1.0', 'T', 'F0280760', '1', 'Asverin Powder 10%', '5.60', '1', '0');
-- 809: Drug days supply
INSERT INTO native.cdm_testing_jmdc.enrollment(member_id, month_and_year_of_birth_of_member, gender_of_member, insured_or_dependent, observation_start, observation_end) VALUES ('M000000809', '198407', 'Male', 'Insured', '201001', '201712');
INSERT INTO native.cdm_testing_jmdc.claim(claim_id, member_id, type_of_claim, month_and_year_of_medical_care, days_of_medical_care, medical_facility_id, total_point) VALUES ('C000000000813', 'M000000809', 'Outpatient', '201603', '1', 'F0110804', '338');
INSERT INTO native.cdm_testing_jmdc.claim(claim_id, member_id, type_of_claim, month_and_year_of_medical_care, days_of_medical_care, medical_facility_id, total_point) VALUES ('C000000000814', 'M000000809', 'Outpatient', '201603', '1', 'F0110804', '338');
INSERT INTO native.cdm_testing_jmdc.drug(claim_id, member_id, type_of_claim, month_and_year_of_medical_care, administered_days, jmdc_drug_code, prescribed_amount_per_day, administered_amount, unit_of_administered_amount, medical_facility_id, statement_id, drug_name, drug_price, concurrent_id, actual_point) VALUES ('C000000000813', 'M000000809', 'Pharmacy', '201603', '3', '100000049967', '1.0', '1.0', 'T', 'F0280760', '1', 'Asverin Powder 10%', '5.60', '1', '0');
INSERT INTO native.cdm_testing_jmdc.drug(claim_id, member_id, type_of_claim, month_and_year_of_medical_care, administered_days, jmdc_drug_code, prescribed_amount_per_day, administered_amount, unit_of_administered_amount, medical_facility_id, statement_id, drug_name, drug_price, concurrent_id, actual_point) VALUES ('C000000000814', 'M000000809', 'Pharmacy', '201603', '365', '100000049967', '1.0', '1.0', 'T', 'F0280760', '1', 'Asverin Powder 10%', '5.60', '1', '0');
-- 810: Drug concept ID
INSERT INTO native.cdm_testing_jmdc.enrollment(member_id, month_and_year_of_birth_of_member, gender_of_member, insured_or_dependent, observation_start, observation_end) VALUES ('M000000810', '198407', 'Male', 'Insured', '201001', '201712');
INSERT INTO native.cdm_testing_jmdc.claim(claim_id, member_id, type_of_claim, month_and_year_of_medical_care, days_of_medical_care, medical_facility_id, total_point) VALUES ('C000000000815', 'M000000810', 'Outpatient', '201603', '1', 'F0110804', '338');
INSERT INTO native.cdm_testing_jmdc.drug(claim_id, member_id, type_of_claim, month_and_year_of_medical_care, administered_days, jmdc_drug_code, prescribed_amount_per_day, administered_amount, unit_of_administered_amount, medical_facility_id, statement_id, drug_name, drug_price, concurrent_id, actual_point) VALUES ('C000000000815', 'M000000810', 'Pharmacy', '201603', '1.0', '100000008105', '1.0', '1.0', 'T', 'F0280760', '1', 'Asverin Powder 10%', '5.60', '1', '0');
-- 811: Drug sig
INSERT INTO native.cdm_testing_jmdc.enrollment(member_id, month_and_year_of_birth_of_member, gender_of_member, insured_or_dependent, observation_start, observation_end) VALUES ('M000000811', '198407', 'Male', 'Insured', '201001', '201712');
INSERT INTO native.cdm_testing_jmdc.claim(claim_id, member_id, type_of_claim, month_and_year_of_medical_care, days_of_medical_care, medical_facility_id, total_point) VALUES ('C000000000816', 'M000000811', 'Outpatient', '201603', '1', 'F0110804', '338');
INSERT INTO native.cdm_testing_jmdc.drug(claim_id, member_id, type_of_claim, month_and_year_of_medical_care, administered_days, jmdc_drug_code, as_needed_medication_flag, prescribed_amount_per_day, administered_amount, unit_of_administered_amount, medical_facility_id, statement_id, drug_name, drug_price, concurrent_id, actual_point) VALUES ('C000000000816', 'M000000811', 'Pharmacy', '201603', '1.0', '100000049967', '1', '1', '20', 'g', 'F0280760', '1', 'Asverin Powder 10%', '5.60', '1', '0');
-- 901: Procedure occurrence person ID
INSERT INTO native.cdm_testing_jmdc.enrollment(member_id, month_and_year_of_birth_of_member, gender_of_member, insured_or_dependent, observation_start, observation_end) VALUES ('M000000901', '198407', 'Male', 'Insured', '201001', '201712');
INSERT INTO native.cdm_testing_jmdc.claim(claim_id, member_id, type_of_claim, month_and_year_of_medical_care, days_of_medical_care, medical_facility_id, total_point) VALUES ('C000000000901', 'M000000901', 'Outpatient', '201603', '1', 'F0110804', '338');
INSERT INTO native.cdm_testing_jmdc.[procedure](claim_id, member_id, type_of_claim, month_and_year_of_medical_care, standardized_procedure_id, medical_facility_id, statement_id, standardized_procedure_version, standardized_procedure_name, number_of_times, concurrent_id, category_of_medical_care, actual_point) VALUES ('C000000000901', 'M000000901', 'Outpatient', '201603', '123', 'F0280760', '1', '201404', 'prescription fee, other', '1', '1', '60', '0');
-- 902: Procedure occurrence visit occurrence ID
INSERT INTO native.cdm_testing_jmdc.enrollment(member_id, month_and_year_of_birth_of_member, gender_of_member, insured_or_dependent, observation_start, observation_end) VALUES ('M000000902', '198407', 'Male', 'Insured', '201001', '201712');
INSERT INTO native.cdm_testing_jmdc.claim(claim_id, member_id, type_of_claim, month_and_year_of_medical_care, days_of_medical_care, medical_facility_id, total_point) VALUES ('C000000000902', 'M000000902', 'Outpatient', '201603', '1', 'F0110804', '338');
INSERT INTO native.cdm_testing_jmdc.[procedure](claim_id, member_id, type_of_claim, month_and_year_of_medical_care, standardized_procedure_id, medical_facility_id, statement_id, standardized_procedure_version, standardized_procedure_name, number_of_times, concurrent_id, category_of_medical_care, actual_point) VALUES ('C000000000902', 'M000000902', 'Outpatient', '201603', '123', 'F0280760', '1', '201404', 'prescription fee, other', '1', '1', '60', '0');
-- 903: Procedure occurrence type concept ID
INSERT INTO native.cdm_testing_jmdc.enrollment(member_id, month_and_year_of_birth_of_member, gender_of_member, insured_or_dependent, observation_start, observation_end) VALUES ('M000000903', '198407', 'Male', 'Insured', '201001', '201712');
INSERT INTO native.cdm_testing_jmdc.claim(claim_id, member_id, type_of_claim, month_and_year_of_medical_care, days_of_medical_care, medical_facility_id, total_point) VALUES ('C000000000903', 'M000000903', 'Outpatient', '201603', '1', 'F0110804', '338');
INSERT INTO native.cdm_testing_jmdc.[procedure](claim_id, member_id, type_of_claim, month_and_year_of_medical_care, standardized_procedure_id, medical_facility_id, statement_id, standardized_procedure_version, standardized_procedure_name, number_of_times, concurrent_id, category_of_medical_care, actual_point) VALUES ('C000000000903', 'M000000903', 'Outpatient', '201603', '123', 'F0280760', '1', '201404', 'prescription fee, other', '1', '1', '60', '0');
INSERT INTO native.cdm_testing_jmdc.claim(claim_id, member_id, type_of_claim, month_and_year_of_medical_care, days_of_medical_care, medical_facility_id, total_point) VALUES ('C000000000904', 'M000000903', 'Outpatient', '201603', '1', 'F0110804', '338');
INSERT INTO native.cdm_testing_jmdc.[procedure](claim_id, member_id, type_of_claim, month_and_year_of_medical_care, standardized_procedure_id, medical_facility_id, statement_id, standardized_procedure_version, standardized_procedure_name, number_of_times, concurrent_id, category_of_medical_care, actual_point) VALUES ('C000000000904', 'M000000903', 'Inpatient', '201603', '123', 'F0280760', '1', '201404', 'prescription fee, other', '1', '1', '60', '0');
INSERT INTO native.cdm_testing_jmdc.claim(claim_id, member_id, type_of_claim, month_and_year_of_medical_care, days_of_medical_care, medical_facility_id, total_point) VALUES ('C000000000905', 'M000000903', 'Outpatient', '201603', '1', 'F0110804', '338');
INSERT INTO native.cdm_testing_jmdc.[procedure](claim_id, member_id, type_of_claim, month_and_year_of_medical_care, standardized_procedure_id, medical_facility_id, statement_id, standardized_procedure_version, standardized_procedure_name, number_of_times, concurrent_id, category_of_medical_care, actual_point) VALUES ('C000000000905', 'M000000903', 'DPC', '201603', '123', 'F0280760', '1', '201404', 'prescription fee, other', '1', '1', '60', '0');
-- 904: Procedure provider
INSERT INTO native.cdm_testing_jmdc.enrollment(member_id, month_and_year_of_birth_of_member, gender_of_member, insured_or_dependent, observation_start, observation_end) VALUES ('M000000904', '198407', 'Male', 'Insured', '201001', '201712');
INSERT INTO native.cdm_testing_jmdc.claim(claim_id, member_id, type_of_claim, month_and_year_of_medical_care, days_of_medical_care, medical_facility_id, total_point) VALUES ('C000000000907', 'M000000904', 'Outpatient', '201603', '1', 'F0110804', '338');
INSERT INTO native.cdm_testing_jmdc.[procedure](claim_id, member_id, type_of_claim, month_and_year_of_medical_care, standardized_procedure_id, medical_facility_id, statement_id, standardized_procedure_version, standardized_procedure_name, number_of_times, concurrent_id, category_of_medical_care, actual_point) VALUES ('C000000000907', 'M000000904', 'Outpatient', '201603', '123', 'F0000008', '1', '201404', 'prescription fee, other', '1', '1', '60', '0');
-- 906: Procedure date from procedure date
INSERT INTO native.cdm_testing_jmdc.enrollment(member_id, month_and_year_of_birth_of_member, gender_of_member, insured_or_dependent, observation_start, observation_end) VALUES ('M000000906', '198407', 'Male', 'Insured', '201001', '201712');
INSERT INTO native.cdm_testing_jmdc.claim(claim_id, member_id, type_of_claim, month_and_year_of_medical_care, days_of_medical_care, medical_facility_id, total_point) VALUES ('C000000000909', 'M000000906', 'Outpatient', '201603', '1', 'F0110804', '338');
INSERT INTO native.cdm_testing_jmdc.[procedure](claim_id, member_id, type_of_claim, month_and_year_of_medical_care, date_of_procedure, standardized_procedure_id, medical_facility_id, statement_id, standardized_procedure_version, standardized_procedure_name, number_of_times, concurrent_id, category_of_medical_care, actual_point) VALUES ('C000000000909', 'M000000906', 'Outpatient', '201603', '2010-01-05', '123', 'F0280760', '1', '201404', 'prescription fee, other', '1', '1', '60', '0');
-- 907: Procedure date from visit date
INSERT INTO native.cdm_testing_jmdc.enrollment(member_id, month_and_year_of_birth_of_member, gender_of_member, insured_or_dependent, observation_start, observation_end) VALUES ('M000000907', '198407', 'Male', 'Insured', '201001', '201712');
INSERT INTO native.cdm_testing_jmdc.claim(claim_id, member_id, type_of_claim, month_and_year_of_medical_care, days_of_medical_care, medical_facility_id, total_point) VALUES ('C000000000910', 'M000000907', 'Outpatient', '201002', '1', 'F0110804', '338');
INSERT INTO native.cdm_testing_jmdc.[procedure](claim_id, member_id, type_of_claim, month_and_year_of_medical_care, standardized_procedure_id, medical_facility_id, statement_id, standardized_procedure_version, standardized_procedure_name, number_of_times, concurrent_id, category_of_medical_care, actual_point) VALUES ('C000000000910', 'M000000907', 'Outpatient', '201603', '123', 'F0280760', '1', '201404', 'prescription fee, other', '1', '1', '60', '0');
-- 908: Procedure concept ID
INSERT INTO native.cdm_testing_jmdc.enrollment(member_id, month_and_year_of_birth_of_member, gender_of_member, insured_or_dependent, observation_start, observation_end) VALUES ('M000000908', '198407', 'Male', 'Insured', '201001', '201712');
INSERT INTO native.cdm_testing_jmdc.claim(claim_id, member_id, type_of_claim, month_and_year_of_medical_care, days_of_medical_care, medical_facility_id, total_point) VALUES ('C000000000911', 'M000000908', 'Outpatient', '201603', '1', 'F0110804', '338');
INSERT INTO native.cdm_testing_jmdc.[procedure](claim_id, member_id, type_of_claim, month_and_year_of_medical_care, standardized_procedure_id, medical_facility_id, statement_id, standardized_procedure_version, standardized_procedure_name, number_of_times, concurrent_id, category_of_medical_care, actual_point) VALUES ('C000000000911', 'M000000908', 'Outpatient', '201603', '1', 'F0280760', '1', '1', 'prescription fee, other', '1', '1', '60', '0');
INSERT INTO native.cdm_testing_jmdc.procedure_master(standardized_procedure_id, standardized_procedure_version, standardized_procedure_name, procedure_category_medium_classification_name, procedure_category_small_classification_name, procedure_category_subclassification_name, procedure_code, procedure_standard_point, icd9cm_level1) VALUES ('1', '1', 'additional fee for play space, nursery teacher etc. <pediatric inpatient management fee>', 'surgery', 'surgery fee', 'musculoskeletal system / extremity / trunk', 'D007', '100', '9394');
-- 909: Procedure from diagnosis
INSERT INTO native.cdm_testing_jmdc.enrollment(member_id, month_and_year_of_birth_of_member, gender_of_member, insured_or_dependent, observation_start, observation_end) VALUES ('M000000909', '198407', 'Male', 'Insured', '201001', '201712');
INSERT INTO native.cdm_testing_jmdc.claim(claim_id, member_id, type_of_claim, month_and_year_of_medical_care, days_of_medical_care, medical_facility_id, total_point) VALUES ('C000000000912', 'M000000909', 'Outpatient', '201603', '1', 'F0110804', '338');
INSERT INTO native.cdm_testing_jmdc.diagnosis(claim_id, member_id, type_of_claim, date_of_medical_care_start, month_and_year_of_medical_care, standard_disease_code, medical_facility_id, statement_id, standard_disease_name, outcome) VALUES ('C000000000912', 'M000000909', 'Outpatient', '2014-04-28', '201603', '2', 'F0280760', '1', 'allergic rhinitis', '0');
INSERT INTO native.cdm_testing_jmdc.diagnosis_master(standard_disease_code, icd10_level1_code, icd10_level1_name, icd10_level2_code, icd10_level2_name, icd10_level3_code, icd10_level3_name, icd10_level4_code, icd10_level4_name) VALUES ('2', 'S00-T98', 'Injury, poisoning and certain other consequences of external causes', 'D10-D36', 'Benign neoplasms', 'C44', 'Other malignant neoplasms of skin', 'Z043', 'Haemangioma, any site');
-- 1001: Measurement person ID
INSERT INTO native.cdm_testing_jmdc.enrollment(member_id, month_and_year_of_birth_of_member, gender_of_member, insured_or_dependent, observation_start, observation_end) VALUES ('M000001001', '198407', 'Male', 'Insured', '201001', '201712');
INSERT INTO native.cdm_testing_jmdc.annual_health_checkup(member_id, date_of_health_checkup, diastolic_bp, urinary_sugar, uric_protein, presence_of_medical_history, presence_of_subjective_symptoms, presence_of_objective_symptoms, smoking_habit, eating_habit_1, eating_habit_2, eating_habit_3, eating_habit_4, drinking_habit, sleeping, drug_1, drug_2, drug_3, medical_history_1, medical_history_2, medical_history_3, anemia, change_of_weight_after_20_year_old, exercise_habit, physical_activity, walking_speed, change_of_weight_in_a_year, lifestyle_modification, request_for_health_guidance) VALUES ('M000001001', '2013-04-01', '70', '1', '1', '2', '2', '2', '2', '2', '2', '2', '2', '3', '1', '2', '2', '2', '2', '2', '2', '2', '2', '2', '2', '2', '2', '2', '2');
-- 1002: Measurement concept ID and type concept ID
INSERT INTO native.cdm_testing_jmdc.enrollment(member_id, month_and_year_of_birth_of_member, gender_of_member, insured_or_dependent, observation_start, observation_end) VALUES ('M000001002', '198407', 'Male', 'Insured', '201001', '201712');
INSERT INTO native.cdm_testing_jmdc.annual_health_checkup(member_id, date_of_health_checkup, bmi, diastolic_bp, urinary_sugar, uric_protein, ecg, presence_of_medical_history, presence_of_subjective_symptoms, presence_of_objective_symptoms, smoking_habit, eating_habit_1, eating_habit_2, eating_habit_3, eating_habit_4, drinking_habit, sleeping, drug_1, drug_2, drug_3, medical_history_1, medical_history_2, medical_history_3, anemia, change_of_weight_after_20_year_old, exercise_habit, physical_activity, walking_speed, change_of_weight_in_a_year, lifestyle_modification, request_for_health_guidance) VALUES ('M000001002', '2013-04-01', '25', '70', '1', '1', '1', '2', '2', '2', '2', '2', '2', '2', '2', '3', '1', '2', '2', '2', '2', '2', '2', '2', '2', '2', '2', '2', '2', '2', '2');
-- 1003: Measurement date
INSERT INTO native.cdm_testing_jmdc.enrollment(member_id, month_and_year_of_birth_of_member, gender_of_member, insured_or_dependent, observation_start, observation_end) VALUES ('M000001003', '198407', 'Male', 'Insured', '201001', '201712');
INSERT INTO native.cdm_testing_jmdc.annual_health_checkup(member_id, date_of_health_checkup, diastolic_bp, urinary_sugar, uric_protein, presence_of_medical_history, presence_of_subjective_symptoms, presence_of_objective_symptoms, smoking_habit, eating_habit_1, eating_habit_2, eating_habit_3, eating_habit_4, drinking_habit, sleeping, drug_1, drug_2, drug_3, medical_history_1, medical_history_2, medical_history_3, anemia, change_of_weight_after_20_year_old, exercise_habit, physical_activity, walking_speed, change_of_weight_in_a_year, lifestyle_modification, request_for_health_guidance) VALUES ('M000001003', '2010-01-16', '70', '1', '1', '2', '2', '2', '2', '2', '2', '2', '2', '3', '1', '2', '2', '2', '2', '2', '2', '2', '2', '2', '2', '2', '2', '2', '2');
-- 1004: Measurement value
INSERT INTO native.cdm_testing_jmdc.enrollment(member_id, month_and_year_of_birth_of_member, gender_of_member, insured_or_dependent, observation_start, observation_end) VALUES ('M000001004', '198407', 'Male', 'Insured', '201001', '201712');
INSERT INTO native.cdm_testing_jmdc.annual_health_checkup(member_id, date_of_health_checkup, bmi, diastolic_bp, urinary_sugar, uric_protein, ecg, presence_of_medical_history, presence_of_subjective_symptoms, presence_of_objective_symptoms, smoking_habit, eating_habit_1, eating_habit_2, eating_habit_3, eating_habit_4, drinking_habit, sleeping, drug_1, drug_2, drug_3, medical_history_1, medical_history_2, medical_history_3, anemia, change_of_weight_after_20_year_old, exercise_habit, physical_activity, walking_speed, change_of_weight_in_a_year, lifestyle_modification, request_for_health_guidance) VALUES ('M000001004', '2013-04-01', '25.0', '70', '1', '1', '1', '2', '2', '2', '2', '2', '2', '2', '2', '3', '1', '2', '2', '2', '2', '2', '2', '2', '2', '2', '2', '2', '2', '2', '2');
-- 1005: Measurement normal ranges
INSERT INTO native.cdm_testing_jmdc.enrollment(member_id, month_and_year_of_birth_of_member, gender_of_member, insured_or_dependent, observation_start, observation_end) VALUES ('M000001005', '198407', 'Male', 'Insured', '201001', '201712');
INSERT INTO native.cdm_testing_jmdc.annual_health_checkup(member_id, date_of_health_checkup, systolic_bp, diastolic_bp, urinary_sugar, uric_protein, presence_of_medical_history, presence_of_subjective_symptoms, presence_of_objective_symptoms, smoking_habit, eating_habit_1, eating_habit_2, eating_habit_3, eating_habit_4, drinking_habit, sleeping, drug_1, drug_2, drug_3, medical_history_1, medical_history_2, medical_history_3, anemia, change_of_weight_after_20_year_old, exercise_habit, physical_activity, walking_speed, change_of_weight_in_a_year, lifestyle_modification, request_for_health_guidance) VALUES ('M000001005', '2013-04-01', '110', '70', '1', '1', '2', '2', '2', '2', '2', '2', '2', '2', '3', '1', '2', '2', '2', '2', '2', '2', '2', '2', '2', '2', '2', '2', '2', '2');
-- 1006: Measurement from diagnosis
INSERT INTO native.cdm_testing_jmdc.enrollment(member_id, month_and_year_of_birth_of_member, gender_of_member, insured_or_dependent, observation_start, observation_end) VALUES ('M000001006', '198407', 'Male', 'Insured', '201001', '201712');
INSERT INTO native.cdm_testing_jmdc.claim(claim_id, member_id, type_of_claim, month_and_year_of_medical_care, days_of_medical_care, medical_facility_id, total_point) VALUES ('C000000001001', 'M000001006', 'Outpatient', '201603', '1', 'F0110804', '338');
INSERT INTO native.cdm_testing_jmdc.diagnosis(claim_id, member_id, type_of_claim, date_of_medical_care_start, month_and_year_of_medical_care, standard_disease_code, medical_facility_id, statement_id, standard_disease_name, outcome) VALUES ('C000000001001', 'M000001006', 'Outpatient', '2014-04-28', '201603', '3', 'F0280760', '1', 'allergic rhinitis', '0');
INSERT INTO native.cdm_testing_jmdc.diagnosis_master(standard_disease_code, icd10_level1_code, icd10_level1_name, icd10_level2_code, icd10_level2_name, icd10_level3_code, icd10_level3_name, icd10_level4_code, icd10_level4_name) VALUES ('3', 'S00-T98', 'Injury, poisoning and certain other consequences of external causes', 'D10-D36', 'Benign neoplasms', 'C44', 'Other malignant neoplasms of skin', 'R824', 'Haemangioma, any site');
-- 1101: Observation person ID from diagnosis
INSERT INTO native.cdm_testing_jmdc.enrollment(member_id, month_and_year_of_birth_of_member, gender_of_member, insured_or_dependent, observation_start, observation_end) VALUES ('M000001101', '198407', 'Male', 'Insured', '201001', '201712');
INSERT INTO native.cdm_testing_jmdc.claim(claim_id, member_id, type_of_claim, month_and_year_of_medical_care, days_of_medical_care, medical_facility_id, total_point) VALUES ('C000000001101', 'M000001101', 'Outpatient', '201603', '1', 'F0110804', '338');
INSERT INTO native.cdm_testing_jmdc.diagnosis(claim_id, member_id, type_of_claim, date_of_medical_care_start, month_and_year_of_medical_care, standard_disease_code, medical_facility_id, statement_id, standard_disease_name, outcome) VALUES ('C000000001101', 'M000001101', 'Outpatient', '2014-04-28', '201603', '4', 'F0280760', '1', 'allergic rhinitis', '0');
INSERT INTO native.cdm_testing_jmdc.diagnosis_master(standard_disease_code, icd10_level1_code, icd10_level1_name, icd10_level2_code, icd10_level2_name, icd10_level3_code, icd10_level3_name, icd10_level4_code, icd10_level4_name) VALUES ('4', 'S00-T98', 'Injury, poisoning and certain other consequences of external causes', 'D10-D36', 'Benign neoplasms', 'C44', 'Other malignant neoplasms of skin', 'Z914', 'Haemangioma, any site');
-- 1102: Observation concept ID from diagnosis
INSERT INTO native.cdm_testing_jmdc.enrollment(member_id, month_and_year_of_birth_of_member, gender_of_member, insured_or_dependent, observation_start, observation_end) VALUES ('M000001102', '198407', 'Male', 'Insured', '201001', '201712');
INSERT INTO native.cdm_testing_jmdc.claim(claim_id, member_id, type_of_claim, month_and_year_of_medical_care, days_of_medical_care, medical_facility_id, total_point) VALUES ('C000000001102', 'M000001102', 'Outpatient', '201603', '1', 'F0110804', '338');
INSERT INTO native.cdm_testing_jmdc.diagnosis(claim_id, member_id, type_of_claim, date_of_medical_care_start, month_and_year_of_medical_care, standard_disease_code, medical_facility_id, statement_id, standard_disease_name, outcome) VALUES ('C000000001102', 'M000001102', 'Outpatient', '2014-04-28', '201603', '4', 'F0280760', '1', 'allergic rhinitis', '0');
-- 1103: Observation value as concept ID from diagnosis
INSERT INTO native.cdm_testing_jmdc.enrollment(member_id, month_and_year_of_birth_of_member, gender_of_member, insured_or_dependent, observation_start, observation_end) VALUES ('M000001103', '198407', 'Male', 'Insured', '201001', '201712');
INSERT INTO native.cdm_testing_jmdc.claim(claim_id, member_id, type_of_claim, month_and_year_of_medical_care, days_of_medical_care, medical_facility_id, total_point) VALUES ('C000000001103', 'M000001103', 'Outpatient', '201603', '1', 'F0110804', '338');
INSERT INTO native.cdm_testing_jmdc.diagnosis(claim_id, member_id, type_of_claim, date_of_medical_care_start, month_and_year_of_medical_care, standard_disease_code, medical_facility_id, statement_id, standard_disease_name, outcome) VALUES ('C000000001103', 'M000001103', 'Outpatient', '2014-04-28', '201603', '4', 'F0280760', '1', 'allergic rhinitis', '0');
-- 1104: Observation visit occurrence ID, provider ID, type concept ID from diagnosis
INSERT INTO native.cdm_testing_jmdc.enrollment(member_id, month_and_year_of_birth_of_member, gender_of_member, insured_or_dependent, observation_start, observation_end) VALUES ('M000001104', '198407', 'Male', 'Insured', '201001', '201712');
INSERT INTO native.cdm_testing_jmdc.claim(claim_id, member_id, type_of_claim, month_and_year_of_medical_care, days_of_medical_care, medical_facility_id, total_point) VALUES ('C000000001104', 'M000001104', 'Outpatient', '201603', '1', 'F0110804', '338');
INSERT INTO native.cdm_testing_jmdc.diagnosis(claim_id, member_id, type_of_claim, date_of_medical_care_start, month_and_year_of_medical_care, standard_disease_code, medical_facility_id, statement_id, standard_disease_name, outcome) VALUES ('C000000001104', 'M000001104', 'Outpatient', '2014-04-28', '201603', '4', 'F0000009', '1', 'allergic rhinitis', '0');
-- 1105: Observation date from diagnosis with admission date
INSERT INTO native.cdm_testing_jmdc.enrollment(member_id, month_and_year_of_birth_of_member, gender_of_member, insured_or_dependent, observation_start, observation_end) VALUES ('M000001105', '198407', 'Male', 'Insured', '201001', '201712');
INSERT INTO native.cdm_testing_jmdc.claim(claim_id, member_id, type_of_claim, month_and_year_of_medical_care, admission_date, days_of_medical_care, medical_facility_id, total_point) VALUES ('C000000001105', 'M000001105', 'Outpatient', '201001', '20100101', '1', 'F0110804', '338');
INSERT INTO native.cdm_testing_jmdc.diagnosis(claim_id, member_id, type_of_claim, date_of_medical_care_start, month_and_year_of_medical_care, standard_disease_code, medical_facility_id, statement_id, standard_disease_name, outcome) VALUES ('C000000001105', 'M000001105', 'Outpatient', '2014-04-28', '201603', '4', 'F0280760', '1', 'allergic rhinitis', '0');
-- 1106: Observation date from diagnosis without admission date
INSERT INTO native.cdm_testing_jmdc.enrollment(member_id, month_and_year_of_birth_of_member, gender_of_member, insured_or_dependent, observation_start, observation_end) VALUES ('M000001106', '198407', 'Male', 'Insured', '201001', '201712');
INSERT INTO native.cdm_testing_jmdc.claim(claim_id, member_id, type_of_claim, month_and_year_of_medical_care, days_of_medical_care, medical_facility_id, total_point) VALUES ('C000000001106', 'M000001106', 'Outpatient', '201001', '1', 'F0110804', '338');
INSERT INTO native.cdm_testing_jmdc.diagnosis(claim_id, member_id, type_of_claim, date_of_medical_care_start, month_and_year_of_medical_care, standard_disease_code, medical_facility_id, statement_id, standard_disease_name, outcome) VALUES ('C000000001106', 'M000001106', 'Outpatient', '2014-04-28', '201603', '4', 'F0280760', '1', 'allergic rhinitis', '0');
-- 1107: Observation from checkup
INSERT INTO native.cdm_testing_jmdc.enrollment(member_id, month_and_year_of_birth_of_member, gender_of_member, insured_or_dependent, observation_start, observation_end) VALUES ('M000001107', '198407', 'Male', 'Insured', '201001', '201712');
INSERT INTO native.cdm_testing_jmdc.annual_health_checkup(member_id, date_of_health_checkup, diastolic_bp, urinary_sugar, uric_protein, presence_of_medical_history, presence_of_subjective_symptoms, presence_of_objective_symptoms, smoking_habit, eating_habit_1, eating_habit_2, eating_habit_3, eating_habit_4, drinking_habit, sleeping, drug_1, drug_2, drug_3, medical_history_1, medical_history_2, medical_history_3, anemia, change_of_weight_after_20_year_old, exercise_habit, physical_activity, walking_speed, change_of_weight_in_a_year, lifestyle_modification, request_for_health_guidance) VALUES ('M000001107', '2010-01-13', '70', '1', '1', '2', '2', '2', '2', '2', '2', '2', '2', '3', '2', '2', '2', '2', '2', '2', '2', '2', '2', '2', '2', '2', '2', '2', '2');
-- 1201: Claim cost
INSERT INTO native.cdm_testing_jmdc.enrollment(member_id, month_and_year_of_birth_of_member, gender_of_member, insured_or_dependent, observation_start, observation_end) VALUES ('M000001201', '198407', 'Male', 'Insured', '201001', '201712');
INSERT INTO native.cdm_testing_jmdc.claim(claim_id, member_id, type_of_claim, month_and_year_of_medical_care, days_of_medical_care, medical_facility_id, total_point) VALUES ('C000000001201', 'M000001201', 'Outpatient', '201603', '1', 'F0110804', '123');
-- 1202: Procedure cost
INSERT INTO native.cdm_testing_jmdc.enrollment(member_id, month_and_year_of_birth_of_member, gender_of_member, insured_or_dependent, observation_start, observation_end) VALUES ('M000001202', '198407', 'Male', 'Insured', '201001', '201712');
INSERT INTO native.cdm_testing_jmdc.claim(claim_id, member_id, type_of_claim, month_and_year_of_medical_care, days_of_medical_care, medical_facility_id, total_point) VALUES ('C000000001202', 'M000001202', 'Outpatient', '201603', '1', 'F0110804', '338');
INSERT INTO native.cdm_testing_jmdc.[procedure](claim_id, member_id, type_of_claim, month_and_year_of_medical_care, standardized_procedure_id, medical_facility_id, statement_id, standardized_procedure_version, standardized_procedure_name, number_of_times, concurrent_id, category_of_medical_care, actual_point) VALUES ('C000000001202', 'M000001202', 'Outpatient', '201603', '2', 'F0280760', '1', '201404', 'prescription fee, other', '3', '1', '60', '0');
INSERT INTO native.cdm_testing_jmdc.procedure_master(standardized_procedure_id, standardized_procedure_version, standardized_procedure_name, procedure_category_medium_classification_name, procedure_category_small_classification_name, procedure_category_subclassification_name, procedure_code, procedure_standard_point) VALUES ('2', '201404', 'additional fee for play space, nursery teacher etc. <pediatric inpatient management fee>', 'surgery', 'surgery fee', 'musculoskeletal system / extremity / trunk', 'D007', '50');
-- 1203: Drug cost
INSERT INTO native.cdm_testing_jmdc.enrollment(member_id, month_and_year_of_birth_of_member, gender_of_member, insured_or_dependent, observation_start, observation_end) VALUES ('M000001203', '198407', 'Male', 'Insured', '201001', '201712');
INSERT INTO native.cdm_testing_jmdc.claim(claim_id, member_id, type_of_claim, month_and_year_of_medical_care, days_of_medical_care, medical_facility_id, total_point) VALUES ('C000000001203', 'M000001203', 'Outpatient', '201603', '1', 'F0110804', '338');
INSERT INTO native.cdm_testing_jmdc.drug(claim_id, member_id, type_of_claim, month_and_year_of_medical_care, administered_days, jmdc_drug_code, prescribed_amount_per_day, administered_amount, unit_of_administered_amount, medical_facility_id, statement_id, drug_name, drug_price, concurrent_id, actual_point) VALUES ('C000000001203', 'M000001203', 'Pharmacy', '201603', '1.0', '1', '1.0', '2', 'T', 'F0280760', '1', 'Asverin Powder 10%', '40', '1', '0');
