TRUNCATE TABLE native.Cdm_testing_optumpan._version;
TRUNCATE TABLE native.Cdm_testing_optumpan.care_area;
TRUNCATE TABLE native.Cdm_testing_optumpan.cost_factor;
TRUNCATE TABLE native.Cdm_testing_optumpan.diagnosis;
TRUNCATE TABLE native.Cdm_testing_optumpan.encounter;
TRUNCATE TABLE native.Cdm_testing_optumpan.encounter_provider;
TRUNCATE TABLE native.Cdm_testing_optumpan.immunizations;
TRUNCATE TABLE native.Cdm_testing_optumpan.insurance;
TRUNCATE TABLE native.Cdm_testing_optumpan.labs;
TRUNCATE TABLE native.Cdm_testing_optumpan.medication_administrations;
TRUNCATE TABLE native.Cdm_testing_optumpan.microbiology;
TRUNCATE TABLE native.Cdm_testing_optumpan.nlp_biomarkers;
TRUNCATE TABLE native.Cdm_testing_optumpan.nlp_custom;
TRUNCATE TABLE native.Cdm_testing_optumpan.nlp_drug_rationale;
TRUNCATE TABLE native.Cdm_testing_optumpan.nlp_measurement;
TRUNCATE TABLE native.Cdm_testing_optumpan.nlp_sds;
TRUNCATE TABLE native.Cdm_testing_optumpan.nlp_sds_family;
TRUNCATE TABLE native.Cdm_testing_optumpan.observations;
TRUNCATE TABLE native.Cdm_testing_optumpan.patient;
TRUNCATE TABLE native.Cdm_testing_optumpan.patient_reported_medications;
TRUNCATE TABLE native.Cdm_testing_optumpan.prescriptions_written;
TRUNCATE TABLE native.Cdm_testing_optumpan.[procedure];
TRUNCATE TABLE native.Cdm_testing_optumpan.provider;
TRUNCATE TABLE native.Cdm_testing_optumpan.visit;
-- 0: Diagnosis without ''Diagnosis of'' status is not loaded
INSERT INTO native.Cdm_testing_optumpan.patient(ptid, birth_yr, gender, race, ethnicity, region, division, pct_college_educ, deceased_indicator, date_of_death, idn_indicator, first_month_active, last_month_active, notes_eligible, has_notes, sourceid, source_data_through) VALUES ('PT1', '1950', 'Male', 'Caucasian', 'Not Hispanic', 'Midwest', 'South Atl/West South Crl', '26.0', '0', '      ', '1', '200701', '201001', '1', '1', 'S0034', '201706');
INSERT INTO native.Cdm_testing_optumpan.diagnosis(ptid, diag_date, diag_time, diagnosis_cd, diagnosis_cd_type, diagnosis_status, poa, admitting_diagnosis, discharge_diagnosis, primary_diagnosis, problem_list) VALUES ('PT1', '2009-01-01', '00:00:00', '7061', 'ICD9', 'Family history of', '0', '0', '0', '0', 'N');
-- 1: Test diag_date to condition_start_date
INSERT INTO native.Cdm_testing_optumpan.patient(ptid, birth_yr, gender, race, ethnicity, region, division, pct_college_educ, deceased_indicator, date_of_death, idn_indicator, first_month_active, last_month_active, notes_eligible, has_notes, sourceid, source_data_through) VALUES ('PT2', '1950', 'Male', 'Caucasian', 'Not Hispanic', 'Midwest', 'South Atl/West South Crl', '26.0', '0', '      ', '1', '200701', '201001', '1', '1', 'S0034', '201706');
INSERT INTO native.Cdm_testing_optumpan.diagnosis(ptid, diag_date, diag_time, diagnosis_cd, diagnosis_cd_type, diagnosis_status, poa, admitting_diagnosis, discharge_diagnosis, primary_diagnosis, problem_list) VALUES ('PT2', '2009-01-01', '00:00:00', '7061', 'ICD9', 'Diagnosis of', '0', '0', '0', '0', 'N');
-- 2: Test diagnosis code type ICD9
INSERT INTO native.Cdm_testing_optumpan.patient(ptid, birth_yr, gender, race, ethnicity, region, division, pct_college_educ, deceased_indicator, date_of_death, idn_indicator, first_month_active, last_month_active, notes_eligible, has_notes, sourceid, source_data_through) VALUES ('PT3', '1950', 'Male', 'Caucasian', 'Not Hispanic', 'Midwest', 'South Atl/West South Crl', '26.0', '0', '      ', '1', '200701', '201001', '1', '1', 'S0034', '201706');
INSERT INTO native.Cdm_testing_optumpan.diagnosis(ptid, diag_date, diag_time, diagnosis_cd, diagnosis_cd_type, diagnosis_status, poa, admitting_diagnosis, discharge_diagnosis, primary_diagnosis, problem_list) VALUES ('PT3', '2009-01-01', '00:00:00', '7061', 'ICD9', 'Diagnosis of', '0', '0', '0', '0', 'N');
-- 3: Test diagnosis code type ICD10
INSERT INTO native.Cdm_testing_optumpan.patient(ptid, birth_yr, gender, race, ethnicity, region, division, pct_college_educ, deceased_indicator, date_of_death, idn_indicator, first_month_active, last_month_active, notes_eligible, has_notes, sourceid, source_data_through) VALUES ('PT5', '1950', 'Male', 'Caucasian', 'Not Hispanic', 'Midwest', 'South Atl/West South Crl', '26.0', '0', '      ', '1', '200701', '201001', '1', '1', 'S0034', '201706');
INSERT INTO native.Cdm_testing_optumpan.diagnosis(ptid, diag_date, diag_time, diagnosis_cd, diagnosis_cd_type, diagnosis_status, poa, admitting_diagnosis, discharge_diagnosis, primary_diagnosis, problem_list) VALUES ('PT5', '2009-01-01', '00:00:00', 'H44.611', 'ICD10', 'Diagnosis of', '0', '0', '0', '0', 'N');
-- 4: Test primary diagnosis to condition_type_concept_id
INSERT INTO native.Cdm_testing_optumpan.patient(ptid, birth_yr, gender, race, ethnicity, region, division, pct_college_educ, deceased_indicator, date_of_death, idn_indicator, first_month_active, last_month_active, notes_eligible, has_notes, sourceid, source_data_through) VALUES ('PT7', '1950', 'Male', 'Caucasian', 'Not Hispanic', 'Midwest', 'South Atl/West South Crl', '26.0', '0', '      ', '1', '200701', '201001', '1', '1', 'S0034', '201706');
INSERT INTO native.Cdm_testing_optumpan.diagnosis(ptid, diag_date, diag_time, diagnosis_cd, diagnosis_cd_type, diagnosis_status, poa, admitting_diagnosis, discharge_diagnosis, primary_diagnosis, problem_list) VALUES ('PT7', '2009-01-01', '00:00:00', '7061', 'ICD9', 'Diagnosis of', '0', '0', '0', '1', 'N');
-- 5: Test non-primary diagnosis to condition_type_concept_id
INSERT INTO native.Cdm_testing_optumpan.patient(ptid, birth_yr, gender, race, ethnicity, region, division, pct_college_educ, deceased_indicator, date_of_death, idn_indicator, first_month_active, last_month_active, notes_eligible, has_notes, sourceid, source_data_through) VALUES ('PT9', '1950', 'Male', 'Caucasian', 'Not Hispanic', 'Midwest', 'South Atl/West South Crl', '26.0', '0', '      ', '1', '200701', '201001', '1', '1', 'S0034', '201706');
INSERT INTO native.Cdm_testing_optumpan.diagnosis(ptid, diag_date, diag_time, diagnosis_cd, diagnosis_cd_type, diagnosis_status, poa, admitting_diagnosis, discharge_diagnosis, primary_diagnosis, problem_list) VALUES ('PT9', '2009-01-01', '00:00:00', '7061', 'ICD9', 'Diagnosis of', '0', '0', '0', '0', 'N');
-- 6: Test diagnosis code with wrong diagnosis code type
INSERT INTO native.Cdm_testing_optumpan.patient(ptid, birth_yr, gender, race, ethnicity, region, division, pct_college_educ, deceased_indicator, date_of_death, idn_indicator, first_month_active, last_month_active, notes_eligible, has_notes, sourceid, source_data_through) VALUES ('PT11', '1950', 'Male', 'Caucasian', 'Not Hispanic', 'Midwest', 'South Atl/West South Crl', '26.0', '0', '      ', '1', '200701', '201001', '1', '1', 'S0034', '201706');
INSERT INTO native.Cdm_testing_optumpan.diagnosis(ptid, diag_date, diag_time, diagnosis_cd, diagnosis_cd_type, diagnosis_status, poa, admitting_diagnosis, discharge_diagnosis, primary_diagnosis, problem_list) VALUES ('PT11', '2009-01-01', '00:00:00', '44786629', 'ICD9', 'Diagnosis of', '0', '0', '0', '0', 'N');
-- 7: Test blank diagnosis code
INSERT INTO native.Cdm_testing_optumpan.patient(ptid, birth_yr, gender, race, ethnicity, region, division, pct_college_educ, deceased_indicator, date_of_death, idn_indicator, first_month_active, last_month_active, notes_eligible, has_notes, sourceid, source_data_through) VALUES ('PT13', '1950', 'Male', 'Caucasian', 'Not Hispanic', 'Midwest', 'South Atl/West South Crl', '26.0', '0', '      ', '1', '200701', '201001', '1', '1', 'S0034', '201706');
INSERT INTO native.Cdm_testing_optumpan.diagnosis(ptid, diag_date, diag_time, diagnosis_status, poa, admitting_diagnosis, discharge_diagnosis, primary_diagnosis, problem_list) VALUES ('PT13', '2009-01-01', '00:00:00', 'Diagnosis of', '0', '0', '0', '0', 'N');
-- 8: Test condition_status_concept_id when poa == 0 and admitting_diagnosis == 1
INSERT INTO native.Cdm_testing_optumpan.patient(ptid, birth_yr, gender, race, ethnicity, region, division, pct_college_educ, deceased_indicator, date_of_death, idn_indicator, first_month_active, last_month_active, notes_eligible, has_notes, sourceid, source_data_through) VALUES ('PT15', '1950', 'Male', 'Caucasian', 'Not Hispanic', 'Midwest', 'South Atl/West South Crl', '26.0', '0', '      ', '1', '200701', '201001', '1', '1', 'S0034', '201706');
INSERT INTO native.Cdm_testing_optumpan.diagnosis(ptid, diag_date, diag_time, diagnosis_cd, diagnosis_cd_type, diagnosis_status, poa, admitting_diagnosis, discharge_diagnosis, primary_diagnosis, problem_list) VALUES ('PT15', '2009-01-01', '00:00:00', '7061', 'ICD9', 'Diagnosis of', '0', '1', '0', '0', 'N');
-- 9: Test condition_status_concept_id when poa == 0 and discharge_diagnosis == 1
INSERT INTO native.Cdm_testing_optumpan.patient(ptid, birth_yr, gender, race, ethnicity, region, division, pct_college_educ, deceased_indicator, date_of_death, idn_indicator, first_month_active, last_month_active, notes_eligible, has_notes, sourceid, source_data_through) VALUES ('PT17', '1950', 'Male', 'Caucasian', 'Not Hispanic', 'Midwest', 'South Atl/West South Crl', '26.0', '0', '      ', '1', '200701', '201001', '1', '1', 'S0034', '201706');
INSERT INTO native.Cdm_testing_optumpan.diagnosis(ptid, diag_date, diag_time, diagnosis_cd, diagnosis_cd_type, diagnosis_status, poa, admitting_diagnosis, discharge_diagnosis, primary_diagnosis, problem_list) VALUES ('PT17', '2009-01-01', '00:00:00', '7061', 'ICD9', 'Diagnosis of', '0', '0', '1', '0', 'N');
-- 10: Test condition_status_concept_id when poa == 0 and primary_diagnosis == 1
INSERT INTO native.Cdm_testing_optumpan.patient(ptid, birth_yr, gender, race, ethnicity, region, division, pct_college_educ, deceased_indicator, date_of_death, idn_indicator, first_month_active, last_month_active, notes_eligible, has_notes, sourceid, source_data_through) VALUES ('PT19', '1950', 'Male', 'Caucasian', 'Not Hispanic', 'Midwest', 'South Atl/West South Crl', '26.0', '0', '      ', '1', '200701', '201001', '1', '1', 'S0034', '201706');
INSERT INTO native.Cdm_testing_optumpan.diagnosis(ptid, diag_date, diag_time, diagnosis_cd, diagnosis_cd_type, diagnosis_status, poa, admitting_diagnosis, discharge_diagnosis, primary_diagnosis, problem_list) VALUES ('PT19', '2009-01-01', '00:00:00', '7061', 'ICD9', 'Diagnosis of', '0', '0', '0', '1', 'N');
-- 11: Test condition_status_concept_id when poa == 1
INSERT INTO native.Cdm_testing_optumpan.patient(ptid, birth_yr, gender, race, ethnicity, region, division, pct_college_educ, deceased_indicator, date_of_death, idn_indicator, first_month_active, last_month_active, notes_eligible, has_notes, sourceid, source_data_through) VALUES ('PT21', '1950', 'Male', 'Caucasian', 'Not Hispanic', 'Midwest', 'South Atl/West South Crl', '26.0', '0', '      ', '1', '200701', '201001', '1', '1', 'S0034', '201706');
INSERT INTO native.Cdm_testing_optumpan.diagnosis(ptid, diag_date, diag_time, diagnosis_cd, diagnosis_cd_type, diagnosis_status, poa, admitting_diagnosis, discharge_diagnosis, primary_diagnosis, problem_list) VALUES ('PT21', '2009-01-01', '00:00:00', '7061', 'ICD9', 'Diagnosis of', '1', '0', '0', '0', 'N');
-- 12: Test HCPCS derived condition coming from procedure table
INSERT INTO native.Cdm_testing_optumpan.patient(ptid, birth_yr, gender, race, ethnicity, region, division, pct_college_educ, deceased_indicator, date_of_death, idn_indicator, first_month_active, last_month_active, notes_eligible, has_notes, sourceid, source_data_through) VALUES ('PT23', '1950', 'Male', 'Caucasian', 'Not Hispanic', 'Midwest', 'South Atl/West South Crl', '26.0', '0', '      ', '1', '200701', '201001', '1', '1', 'S0034', '201706');
INSERT INTO native.Cdm_testing_optumpan.[procedure](ptid, proc_date, proc_time, proc_code, proc_code_type) VALUES ('PT23', '2009-01-01', '00:00:00', 'G8007', 'HCPCS');
-- 13: Patient has PROCEDURE record; validate the provider for the encid is mapped to provid
INSERT INTO native.Cdm_testing_optumpan.patient(ptid, birth_yr, gender, race, ethnicity, region, division, pct_college_educ, deceased_indicator, date_of_death, idn_indicator, first_month_active, last_month_active, notes_eligible, has_notes, sourceid, source_data_through) VALUES ('PT24', '1950', 'Male', 'Caucasian', 'Not Hispanic', 'Midwest', 'South Atl/West South Crl', '26.0', '0', '      ', '1', '200701', '201001', '1', '1', 'S0034', '201706');
INSERT INTO native.Cdm_testing_optumpan.provider(provid, specialty, prim_spec_ind) VALUES ('25', 'Internal Medicine', '1');
INSERT INTO native.Cdm_testing_optumpan.encounter(ptid, encid, interaction_type, interaction_date, interaction_time, academic_community_flag) VALUES ('PT24', 'E000026', 'Inpatient', '2009-01-01', '00:00:00', 'U');
INSERT INTO native.Cdm_testing_optumpan.encounter_provider(encid, provid, provider_role) VALUES ('E000026', '25', 'ATTENDING');
INSERT INTO native.Cdm_testing_optumpan.[procedure](ptid, encid, proc_date, proc_time, proc_code, proc_code_type) VALUES ('PT24', 'E000026', '2009-01-01', '00:00:00', 'G8007', 'HCPCS');
-- 14: Patient has PROCEDURE record; validate the visit_occurrence_id
INSERT INTO native.Cdm_testing_optumpan.patient(ptid, birth_yr, gender, race, ethnicity, region, division, pct_college_educ, deceased_indicator, date_of_death, idn_indicator, first_month_active, last_month_active, notes_eligible, has_notes, sourceid, source_data_through) VALUES ('PT27', '1950', 'Male', 'Caucasian', 'Not Hispanic', 'Midwest', 'South Atl/West South Crl', '26.0', '0', '      ', '1', '200701', '201001', '1', '1', 'S0034', '201706');
INSERT INTO native.Cdm_testing_optumpan.encounter(ptid, encid, interaction_type, interaction_date, interaction_time, academic_community_flag) VALUES ('PT27', 'E000028', 'Inpatient', '2009-01-01', '00:00:00', 'U');
INSERT INTO native.Cdm_testing_optumpan.[procedure](ptid, encid, proc_date, proc_time, proc_code, proc_code_type) VALUES ('PT27', 'E000028', '2009-01-01', '00:00:00', 'G8007', 'HCPCS');
-- 15: Patient is indicated dead by date_of_death. Their death date is the last day of the month.
INSERT INTO native.Cdm_testing_optumpan.patient(ptid, birth_yr, gender, race, ethnicity, region, division, pct_college_educ, deceased_indicator, date_of_death, idn_indicator, first_month_active, last_month_active, notes_eligible, has_notes, sourceid, source_data_through) VALUES ('PT30', '1928 and Earlier', 'Female', 'Caucasian', 'Not Hispanic', 'Midwest', 'South Atl/West South Crl', '26.0', '0', '201404', '1', '200601', '201706', '1', '1', 'S0034', '201706');
-- 16: Patient has diagnosis data occurring data occurring exactly 30 days after death event. Expected result: dead
INSERT INTO native.Cdm_testing_optumpan.patient(ptid, birth_yr, gender, race, ethnicity, region, division, pct_college_educ, deceased_indicator, date_of_death, idn_indicator, first_month_active, last_month_active, notes_eligible, has_notes, sourceid, source_data_through) VALUES ('PT32', '1928 and Earlier', 'Female', 'Caucasian', 'Not Hispanic', 'Midwest', 'South Atl/West South Crl', '26.0', '0', '201404', '1', '200601', '201706', '1', '1', 'S0034', '201706');
INSERT INTO native.Cdm_testing_optumpan.encounter(ptid, visitid, encid, interaction_type, interaction_date, interaction_time, academic_community_flag) VALUES ('PT32', '34', 'E000033', 'Office or clinic patient', '2014-05-30', '00:00:00', 'U');
INSERT INTO native.Cdm_testing_optumpan.diagnosis(ptid, encid, diag_date, diag_time, diagnosis_cd, diagnosis_cd_type, diagnosis_status, poa, admitting_diagnosis, discharge_diagnosis, primary_diagnosis, problem_list) VALUES ('PT32', 'E000033', '2014-05-30', '00:00:00', '7061', 'ICD9', 'Diagnosis of', '0', '0', '0', '0', 'N');
-- 17: Patient has encounter data occurring data occurring exactly 30 days after death event. Expected result: dead
INSERT INTO native.Cdm_testing_optumpan.patient(ptid, birth_yr, gender, race, ethnicity, region, division, pct_college_educ, deceased_indicator, date_of_death, idn_indicator, first_month_active, last_month_active, notes_eligible, has_notes, sourceid, source_data_through) VALUES ('PT35', '1928 and Earlier', 'Female', 'Caucasian', 'Not Hispanic', 'Midwest', 'South Atl/West South Crl', '26.0', '0', '201404', '1', '200601', '201706', '1', '1', 'S0034', '201706');
INSERT INTO native.Cdm_testing_optumpan.encounter(ptid, visitid, encid, interaction_type, interaction_date, interaction_time, academic_community_flag) VALUES ('PT35', '37', 'E000036', 'Office or clinic patient', '2014-05-30', '00:00:00', 'U');
INSERT INTO native.Cdm_testing_optumpan.encounter(ptid, encid, interaction_type, interaction_date, interaction_time, academic_community_flag) VALUES ('PT35', 'E000036', 'Office or clinic patient', '2014-05-30', '00:00:00', 'U');
-- 18: Patient has immunizations data occurring data occurring exactly 30 days after death event. Expected result: dead
INSERT INTO native.Cdm_testing_optumpan.patient(ptid, birth_yr, gender, race, ethnicity, region, division, pct_college_educ, deceased_indicator, date_of_death, idn_indicator, first_month_active, last_month_active, notes_eligible, has_notes, sourceid, source_data_through) VALUES ('PT38', '1928 and Earlier', 'Female', 'Caucasian', 'Not Hispanic', 'Midwest', 'South Atl/West South Crl', '26.0', '0', '201404', '1', '200601', '201706', '1', '1', 'S0034', '201706');
INSERT INTO native.Cdm_testing_optumpan.encounter(ptid, visitid, encid, interaction_type, interaction_date, interaction_time, academic_community_flag) VALUES ('PT38', '40', 'E000039', 'Office or clinic patient', '2014-05-30', '00:00:00', 'U');
INSERT INTO native.Cdm_testing_optumpan.immunizations(ptid, immunization_date, mapped_name, ndc, ndc_source, pt_reported) VALUES ('PT38', '2014-05-30', 'Influenza Inactivated Vaccine', '49281039765', 'Derived', ' ');
-- 19: Patient has insurance data occurring data occurring exactly 30 days after death event. Expected result: dead
INSERT INTO native.Cdm_testing_optumpan.patient(ptid, birth_yr, gender, race, ethnicity, region, division, pct_college_educ, deceased_indicator, date_of_death, idn_indicator, first_month_active, last_month_active, notes_eligible, has_notes, sourceid, source_data_through) VALUES ('PT41', '1928 and Earlier', 'Female', 'Caucasian', 'Not Hispanic', 'Midwest', 'South Atl/West South Crl', '26.0', '0', '201404', '1', '200601', '201706', '1', '1', 'S0034', '201706');
INSERT INTO native.Cdm_testing_optumpan.encounter(ptid, visitid, encid, interaction_type, interaction_date, interaction_time, academic_community_flag) VALUES ('PT41', '43', 'E000042', 'Office or clinic patient', '2014-05-30', '00:00:00', 'U');
INSERT INTO native.Cdm_testing_optumpan.insurance(ptid, encid, insurance_date, insurance_time, ins_type) VALUES ('PT41', 'E000042', '2014-05-30', '00:00:00', 'Commercial');
-- 20: Patient has labs data occurring data occurring exactly 30 days after death event. Expected result: dead
INSERT INTO native.Cdm_testing_optumpan.patient(ptid, birth_yr, gender, race, ethnicity, region, division, pct_college_educ, deceased_indicator, date_of_death, idn_indicator, first_month_active, last_month_active, notes_eligible, has_notes, sourceid, source_data_through) VALUES ('PT44', '1928 and Earlier', 'Female', 'Caucasian', 'Not Hispanic', 'Midwest', 'South Atl/West South Crl', '26.0', '0', '201404', '1', '200601', '201706', '1', '1', 'S0034', '201706');
INSERT INTO native.Cdm_testing_optumpan.encounter(ptid, visitid, encid, interaction_type, interaction_date, interaction_time, academic_community_flag) VALUES ('PT44', '46', 'E000045', 'Office or clinic patient', '2014-05-30', '00:00:00', 'U');
INSERT INTO native.Cdm_testing_optumpan.labs(ptid, encid, test_name, test_type, order_date, result_time, test_result, result_unit, evaluated_for_range, value_within_range) VALUES ('PT44', 'E000045', 'Oxygen saturation (SpO2).pulse oximetry', 'CHEMISTRY', '2014-05-30', '00:00:00', 'negative', '%', 'Y', 'Y');
-- 21: Patient has medication_administrations data occurring data occurring exactly 30 days after death event. Expected result: dead
INSERT INTO native.Cdm_testing_optumpan.patient(ptid, birth_yr, gender, race, ethnicity, region, division, pct_college_educ, deceased_indicator, date_of_death, idn_indicator, first_month_active, last_month_active, notes_eligible, has_notes, sourceid, source_data_through) VALUES ('PT47', '1928 and Earlier', 'Female', 'Caucasian', 'Not Hispanic', 'Midwest', 'South Atl/West South Crl', '26.0', '0', '201404', '1', '200601', '201706', '1', '1', 'S0034', '201706');
INSERT INTO native.Cdm_testing_optumpan.encounter(ptid, visitid, encid, interaction_type, interaction_date, interaction_time, academic_community_flag) VALUES ('PT47', '49', 'E000048', 'Office or clinic patient', '2014-05-30', '00:00:00', 'U');
INSERT INTO native.Cdm_testing_optumpan.medication_administrations(ptid, encid, drug_name, ndc, ndc_source, order_date, order_time, route, strength, strength_unit, dosage_form, generic_desc, drug_class) VALUES ('PT47', 'E000048', 'SODIUM CHLORIDE 0.9 %', '00409798309', 'Derived', '2014-05-30', '12:00:00', 'Oral', 'mg', 'mg', 'Solution', '0.9 % SODIUM CHLORIDE', 'Narcotic agonist analgesics');
-- 22: Patient has microbiology data occurring data occurring exactly 30 days after death event. Expected result: dead
INSERT INTO native.Cdm_testing_optumpan.patient(ptid, birth_yr, gender, race, ethnicity, region, division, pct_college_educ, deceased_indicator, date_of_death, idn_indicator, first_month_active, last_month_active, notes_eligible, has_notes, sourceid, source_data_through) VALUES ('PT50', '1928 and Earlier', 'Female', 'Caucasian', 'Not Hispanic', 'Midwest', 'South Atl/West South Crl', '26.0', '0', '201404', '1', '200601', '201706', '1', '1', 'S0034', '201706');
INSERT INTO native.Cdm_testing_optumpan.encounter(ptid, visitid, encid, interaction_type, interaction_date, interaction_time, academic_community_flag) VALUES ('PT50', '52', 'E000051', 'Office or clinic patient', '2014-05-30', '00:00:00', 'U');
INSERT INTO native.Cdm_testing_optumpan.microbiology(ptid, encid, order_date, result_date, result_time, specimen_source, organism, mapped_organism_found, culture_growth, sensitivity) VALUES ('PT50', 'E000051', '2014-05-30', '2014-05-23', '00:00:00', 'Urine', 'ESCHERICHIA COLI', 'Escherichia coli', 'Not recorded', 'Sensitive');
-- 23: Patient has nlp_biomarkers data occurring data occurring exactly 30 days after death event. Expected result: dead
INSERT INTO native.Cdm_testing_optumpan.patient(ptid, birth_yr, gender, race, ethnicity, region, division, pct_college_educ, deceased_indicator, date_of_death, idn_indicator, first_month_active, last_month_active, notes_eligible, has_notes, sourceid, source_data_through) VALUES ('PT53', '1928 and Earlier', 'Female', 'Caucasian', 'Not Hispanic', 'Midwest', 'South Atl/West South Crl', '26.0', '0', '201404', '1', '200601', '201706', '1', '1', 'S0034', '201706');
INSERT INTO native.Cdm_testing_optumpan.encounter(ptid, visitid, encid, interaction_type, interaction_date, interaction_time, academic_community_flag) VALUES ('PT53', '55', 'E000054', 'Office or clinic patient', '2014-05-30', '00:00:00', 'U');
INSERT INTO native.Cdm_testing_optumpan.nlp_biomarkers(ptid, note_date, biomarker, biomarker_status) VALUES ('PT53', '2014-05-30', 'ER', 'negative');
-- 24: Patient has nlp_drug_rationale data occurring data occurring exactly 30 days after death event. Expected result: dead
INSERT INTO native.Cdm_testing_optumpan.patient(ptid, birth_yr, gender, race, ethnicity, region, division, pct_college_educ, deceased_indicator, date_of_death, idn_indicator, first_month_active, last_month_active, notes_eligible, has_notes, sourceid, source_data_through) VALUES ('PT56', '1928 and Earlier', 'Female', 'Caucasian', 'Not Hispanic', 'Midwest', 'South Atl/West South Crl', '26.0', '0', '201404', '1', '200601', '201706', '1', '1', 'S0034', '201706');
INSERT INTO native.Cdm_testing_optumpan.encounter(ptid, visitid, encid, interaction_type, interaction_date, interaction_time, academic_community_flag) VALUES ('PT56', '58', 'E000057', 'Office or clinic patient', '2014-05-30', '00:00:00', 'U');
INSERT INTO native.Cdm_testing_optumpan.nlp_drug_rationale(ptid, note_date, note_section, drug_name, drug_action, drug_action_preposition) VALUES ('PT56', '2014-05-30', 'MEDICATIONS', 'ASPIRIN', 'N/A', 'OF');
-- 25: Patient has nlp_measurement data occurring data occurring exactly 30 days after death event. Expected result: dead
INSERT INTO native.Cdm_testing_optumpan.patient(ptid, birth_yr, gender, race, ethnicity, region, division, pct_college_educ, deceased_indicator, date_of_death, idn_indicator, first_month_active, last_month_active, notes_eligible, has_notes, sourceid, source_data_through) VALUES ('PT59', '1928 and Earlier', 'Female', 'Caucasian', 'Not Hispanic', 'Midwest', 'South Atl/West South Crl', '26.0', '0', '201404', '1', '200601', '201706', '1', '1', 'S0034', '201706');
INSERT INTO native.Cdm_testing_optumpan.encounter(ptid, visitid, encid, interaction_type, interaction_date, interaction_time, academic_community_flag) VALUES ('PT59', '61', 'E000060', 'Office or clinic patient', '2014-05-30', '00:00:00', 'U');
INSERT INTO native.Cdm_testing_optumpan.nlp_measurement(ptid, encid, note_date, measurement_type, measurement_value) VALUES ('PT59', 'E000060', '2014-05-30', 'WEIGHT', 'normal');
-- 26: Patient has nlp_sds data occurring data occurring exactly 30 days after death event. Expected result: dead
INSERT INTO native.Cdm_testing_optumpan.patient(ptid, birth_yr, gender, race, ethnicity, region, division, pct_college_educ, deceased_indicator, date_of_death, idn_indicator, first_month_active, last_month_active, notes_eligible, has_notes, sourceid, source_data_through) VALUES ('PT62', '1928 and Earlier', 'Female', 'Caucasian', 'Not Hispanic', 'Midwest', 'South Atl/West South Crl', '26.0', '0', '201404', '1', '200601', '201706', '1', '1', 'S0034', '201706');
INSERT INTO native.Cdm_testing_optumpan.encounter(ptid, visitid, encid, interaction_type, interaction_date, interaction_time, academic_community_flag) VALUES ('PT62', '64', 'E000063', 'Office or clinic patient', '2014-05-30', '00:00:00', 'U');
INSERT INTO native.Cdm_testing_optumpan.nlp_sds(ptid, encid, note_date, sds_term) VALUES ('PT62', 'E000063', '2014-05-30', 'pain');
-- 27: Patient has nlp_sds_family data occurring data occurring exactly 30 days after death event. Expected result: dead
INSERT INTO native.Cdm_testing_optumpan.patient(ptid, birth_yr, gender, race, ethnicity, region, division, pct_college_educ, deceased_indicator, date_of_death, idn_indicator, first_month_active, last_month_active, notes_eligible, has_notes, sourceid, source_data_through) VALUES ('PT65', '1928 and Earlier', 'Female', 'Caucasian', 'Not Hispanic', 'Midwest', 'South Atl/West South Crl', '26.0', '0', '201404', '1', '200601', '201706', '1', '1', 'S0034', '201706');
INSERT INTO native.Cdm_testing_optumpan.encounter(ptid, visitid, encid, interaction_type, interaction_date, interaction_time, academic_community_flag) VALUES ('PT65', '67', 'E000066', 'Office or clinic patient', '2014-05-30', '00:00:00', 'U');
INSERT INTO native.Cdm_testing_optumpan.nlp_sds_family(ptid, encid, note_date, sds_term, sds_family_member, note_section) VALUES ('PT65', 'E000066', '2014-05-30', 'cancer', 'who=family', 'family medical history');
-- 28: Patient has observations data occurring data occurring exactly 30 days after death event. Expected result: dead
INSERT INTO native.Cdm_testing_optumpan.patient(ptid, birth_yr, gender, race, ethnicity, region, division, pct_college_educ, deceased_indicator, date_of_death, idn_indicator, first_month_active, last_month_active, notes_eligible, has_notes, sourceid, source_data_through) VALUES ('PT68', '1928 and Earlier', 'Female', 'Caucasian', 'Not Hispanic', 'Midwest', 'South Atl/West South Crl', '26.0', '0', '201404', '1', '200601', '201706', '1', '1', 'S0034', '201706');
INSERT INTO native.Cdm_testing_optumpan.encounter(ptid, visitid, encid, interaction_type, interaction_date, interaction_time, academic_community_flag) VALUES ('PT68', '70', 'E000069', 'Office or clinic patient', '2014-05-30', '00:00:00', 'U');
INSERT INTO native.Cdm_testing_optumpan.observations(ptid, encid, obs_type, nlp, obs_date, obs_time, obs_result, obs_unit, evaluated_for_range, value_within_range) VALUES ('PT68', 'E000069', 'SBP', 'N', '2014-05-30', '00:00:00', '18', 'mm Hg', 'N', 'U');
-- 29: Patient has patient_reported_medications data occurring data occurring exactly 30 days after death event. Expected result: dead
INSERT INTO native.Cdm_testing_optumpan.patient(ptid, birth_yr, gender, race, ethnicity, region, division, pct_college_educ, deceased_indicator, date_of_death, idn_indicator, first_month_active, last_month_active, notes_eligible, has_notes, sourceid, source_data_through) VALUES ('PT71', '1928 and Earlier', 'Female', 'Caucasian', 'Not Hispanic', 'Midwest', 'South Atl/West South Crl', '26.0', '0', '201404', '1', '200601', '201706', '1', '1', 'S0034', '201706');
INSERT INTO native.Cdm_testing_optumpan.encounter(ptid, visitid, encid, interaction_type, interaction_date, interaction_time, academic_community_flag) VALUES ('PT71', '73', 'E000072', 'Office or clinic patient', '2014-05-30', '00:00:00', 'U');
INSERT INTO native.Cdm_testing_optumpan.patient_reported_medications(ptid, reported_date, ndc, ndc_source, route, strength, strength_unit, dosage_form, drug_class) VALUES ('PT71', '2014-05-30', 'Derived', 'Derived', 'Oral', 'mg', 'mg', 'Tabs', 'Narcotic agonist analgesics');
-- 30: Patient has prescriptions_written data occurring data occurring exactly 30 days after death event. Expected result: dead
INSERT INTO native.Cdm_testing_optumpan.patient(ptid, birth_yr, gender, race, ethnicity, region, division, pct_college_educ, deceased_indicator, date_of_death, idn_indicator, first_month_active, last_month_active, notes_eligible, has_notes, sourceid, source_data_through) VALUES ('PT74', '1928 and Earlier', 'Female', 'Caucasian', 'Not Hispanic', 'Midwest', 'South Atl/West South Crl', '26.0', '0', '201404', '1', '200601', '201706', '1', '1', 'S0034', '201706');
INSERT INTO native.Cdm_testing_optumpan.encounter(ptid, visitid, encid, interaction_type, interaction_date, interaction_time, academic_community_flag) VALUES ('PT74', '76', 'E000075', 'Office or clinic patient', '2014-05-30', '00:00:00', 'U');
INSERT INTO native.Cdm_testing_optumpan.prescriptions_written(ptid, rxdate, rxtime, ndc, ndc_source, route, strength, strength_unit, num_refills, drug_class) VALUES ('PT74', '2014-05-30', '00:00:00', '00406012501', 'Derived', 'Oral', 'mg', 'mg', '0', 'Narcotic & analgesic combinations');
-- 31: Patient has procedure data occurring data occurring exactly 30 days after death event. Expected result: dead
INSERT INTO native.Cdm_testing_optumpan.patient(ptid, birth_yr, gender, race, ethnicity, region, division, pct_college_educ, deceased_indicator, date_of_death, idn_indicator, first_month_active, last_month_active, notes_eligible, has_notes, sourceid, source_data_through) VALUES ('PT77', '1928 and Earlier', 'Female', 'Caucasian', 'Not Hispanic', 'Midwest', 'South Atl/West South Crl', '26.0', '0', '201404', '1', '200601', '201706', '1', '1', 'S0034', '201706');
INSERT INTO native.Cdm_testing_optumpan.encounter(ptid, visitid, encid, interaction_type, interaction_date, interaction_time, academic_community_flag) VALUES ('PT77', '79', 'E000078', 'Office or clinic patient', '2014-05-30', '00:00:00', 'U');
INSERT INTO native.Cdm_testing_optumpan.[procedure](ptid, proc_date, proc_time, proc_code, proc_code_type) VALUES ('PT77', '2014-05-30', '00:00:00', 'CPT4', 'CPT4');
-- 32: Patient has visit data occurring data occurring exactly 30 days after death event. Expected result: dead
INSERT INTO native.Cdm_testing_optumpan.patient(ptid, birth_yr, gender, race, ethnicity, region, division, pct_college_educ, deceased_indicator, date_of_death, idn_indicator, first_month_active, last_month_active, notes_eligible, has_notes, sourceid, source_data_through) VALUES ('PT80', '1928 and Earlier', 'Female', 'Caucasian', 'Not Hispanic', 'Midwest', 'South Atl/West South Crl', '26.0', '0', '201404', '1', '200601', '201706', '1', '1', 'S0034', '201706');
INSERT INTO native.Cdm_testing_optumpan.encounter(ptid, visitid, encid, interaction_type, interaction_date, interaction_time, academic_community_flag) VALUES ('PT80', '82', 'E000081', 'Office or clinic patient', '2014-05-30', '00:00:00', 'U');
INSERT INTO native.Cdm_testing_optumpan.visit(ptid, visitid, visit_type, visit_start_date, visit_start_time, visit_end_date, visit_end_time, discharge_disposition, admission_source) VALUES ('PT80', '82', 'Emergency patient', '2014-05-30', '00:00:00', '2015-12-15', '00:00:00', '01 DISCHARGED TO HOME OR SELF CARE', 'Referred by physician or self referral; non-healthcare facility point of origin');
-- 33: Patient has diagnosis data occurring data occurring 60 days after death event. Expected result: not dead
INSERT INTO native.Cdm_testing_optumpan.patient(ptid, birth_yr, gender, race, ethnicity, region, division, pct_college_educ, deceased_indicator, date_of_death, idn_indicator, first_month_active, last_month_active, notes_eligible, has_notes, sourceid, source_data_through) VALUES ('PT83', '1928 and Earlier', 'Female', 'Caucasian', 'Not Hispanic', 'Midwest', 'South Atl/West South Crl', '26.0', '0', '201404', '1', '200601', '201706', '1', '1', 'S0034', '201706');
INSERT INTO native.Cdm_testing_optumpan.encounter(ptid, visitid, encid, interaction_type, interaction_date, interaction_time, academic_community_flag) VALUES ('PT83', '85', 'E000084', 'Office or clinic patient', '2014-06-29', '00:00:00', 'U');
INSERT INTO native.Cdm_testing_optumpan.diagnosis(ptid, encid, diag_date, diag_time, diagnosis_cd, diagnosis_cd_type, diagnosis_status, poa, admitting_diagnosis, discharge_diagnosis, primary_diagnosis, problem_list) VALUES ('PT83', 'E000084', '2014-06-29', '00:00:00', '7061', 'ICD9', 'Diagnosis of', '0', '0', '0', '0', 'N');
-- 34: Patient has encounter data occurring data occurring 60 days after death event. Expected result: not dead
INSERT INTO native.Cdm_testing_optumpan.patient(ptid, birth_yr, gender, race, ethnicity, region, division, pct_college_educ, deceased_indicator, date_of_death, idn_indicator, first_month_active, last_month_active, notes_eligible, has_notes, sourceid, source_data_through) VALUES ('PT86', '1928 and Earlier', 'Female', 'Caucasian', 'Not Hispanic', 'Midwest', 'South Atl/West South Crl', '26.0', '0', '201404', '1', '200601', '201706', '1', '1', 'S0034', '201706');
INSERT INTO native.Cdm_testing_optumpan.encounter(ptid, visitid, encid, interaction_type, interaction_date, interaction_time, academic_community_flag) VALUES ('PT86', '88', 'E000087', 'Office or clinic patient', '2014-06-29', '00:00:00', 'U');
INSERT INTO native.Cdm_testing_optumpan.encounter(ptid, encid, interaction_type, interaction_date, interaction_time, academic_community_flag) VALUES ('PT86', 'E000087', 'Office or clinic patient', '2014-06-29', '00:00:00', 'U');
-- 35: Patient has immunizations data occurring data occurring 60 days after death event. Expected result: not dead
INSERT INTO native.Cdm_testing_optumpan.patient(ptid, birth_yr, gender, race, ethnicity, region, division, pct_college_educ, deceased_indicator, date_of_death, idn_indicator, first_month_active, last_month_active, notes_eligible, has_notes, sourceid, source_data_through) VALUES ('PT89', '1928 and Earlier', 'Female', 'Caucasian', 'Not Hispanic', 'Midwest', 'South Atl/West South Crl', '26.0', '0', '201404', '1', '200601', '201706', '1', '1', 'S0034', '201706');
INSERT INTO native.Cdm_testing_optumpan.encounter(ptid, visitid, encid, interaction_type, interaction_date, interaction_time, academic_community_flag) VALUES ('PT89', '91', 'E000090', 'Office or clinic patient', '2014-06-29', '00:00:00', 'U');
INSERT INTO native.Cdm_testing_optumpan.immunizations(ptid, immunization_date, mapped_name, ndc, ndc_source, pt_reported) VALUES ('PT89', '2014-06-29', 'Influenza Inactivated Vaccine', '49281039765', 'Derived', ' ');
-- 36: Patient has insurance data occurring data occurring 60 days after death event. Expected result: not dead
INSERT INTO native.Cdm_testing_optumpan.patient(ptid, birth_yr, gender, race, ethnicity, region, division, pct_college_educ, deceased_indicator, date_of_death, idn_indicator, first_month_active, last_month_active, notes_eligible, has_notes, sourceid, source_data_through) VALUES ('PT92', '1928 and Earlier', 'Female', 'Caucasian', 'Not Hispanic', 'Midwest', 'South Atl/West South Crl', '26.0', '0', '201404', '1', '200601', '201706', '1', '1', 'S0034', '201706');
INSERT INTO native.Cdm_testing_optumpan.encounter(ptid, visitid, encid, interaction_type, interaction_date, interaction_time, academic_community_flag) VALUES ('PT92', '94', 'E000093', 'Office or clinic patient', '2014-06-29', '00:00:00', 'U');
INSERT INTO native.Cdm_testing_optumpan.insurance(ptid, encid, insurance_date, insurance_time, ins_type) VALUES ('PT92', 'E000093', '2014-06-29', '00:00:00', 'Commercial');
-- 37: Patient has labs data occurring data occurring 60 days after death event. Expected result: not dead
INSERT INTO native.Cdm_testing_optumpan.patient(ptid, birth_yr, gender, race, ethnicity, region, division, pct_college_educ, deceased_indicator, date_of_death, idn_indicator, first_month_active, last_month_active, notes_eligible, has_notes, sourceid, source_data_through) VALUES ('PT95', '1928 and Earlier', 'Female', 'Caucasian', 'Not Hispanic', 'Midwest', 'South Atl/West South Crl', '26.0', '0', '201404', '1', '200601', '201706', '1', '1', 'S0034', '201706');
INSERT INTO native.Cdm_testing_optumpan.encounter(ptid, visitid, encid, interaction_type, interaction_date, interaction_time, academic_community_flag) VALUES ('PT95', '97', 'E000096', 'Office or clinic patient', '2014-06-29', '00:00:00', 'U');
INSERT INTO native.Cdm_testing_optumpan.labs(ptid, encid, test_name, test_type, order_date, result_time, test_result, result_unit, evaluated_for_range, value_within_range) VALUES ('PT95', 'E000096', 'Oxygen saturation (SpO2).pulse oximetry', 'CHEMISTRY', '2014-06-29', '00:00:00', 'negative', '%', 'Y', 'Y');
-- 38: Patient has medication_administrations data occurring data occurring 60 days after death event. Expected result: not dead
INSERT INTO native.Cdm_testing_optumpan.patient(ptid, birth_yr, gender, race, ethnicity, region, division, pct_college_educ, deceased_indicator, date_of_death, idn_indicator, first_month_active, last_month_active, notes_eligible, has_notes, sourceid, source_data_through) VALUES ('PT98', '1928 and Earlier', 'Female', 'Caucasian', 'Not Hispanic', 'Midwest', 'South Atl/West South Crl', '26.0', '0', '201404', '1', '200601', '201706', '1', '1', 'S0034', '201706');
INSERT INTO native.Cdm_testing_optumpan.encounter(ptid, visitid, encid, interaction_type, interaction_date, interaction_time, academic_community_flag) VALUES ('PT98', '100', 'E000099', 'Office or clinic patient', '2014-06-29', '00:00:00', 'U');
INSERT INTO native.Cdm_testing_optumpan.medication_administrations(ptid, encid, drug_name, ndc, ndc_source, order_date, order_time, route, strength, strength_unit, dosage_form, generic_desc, drug_class) VALUES ('PT98', 'E000099', 'SODIUM CHLORIDE 0.9 %', '00409798309', 'Derived', '2014-06-29', '12:00:00', 'Oral', 'mg', 'mg', 'Solution', '0.9 % SODIUM CHLORIDE', 'Narcotic agonist analgesics');
-- 39: Patient has microbiology data occurring data occurring 60 days after death event. Expected result: not dead
INSERT INTO native.Cdm_testing_optumpan.patient(ptid, birth_yr, gender, race, ethnicity, region, division, pct_college_educ, deceased_indicator, date_of_death, idn_indicator, first_month_active, last_month_active, notes_eligible, has_notes, sourceid, source_data_through) VALUES ('PT101', '1928 and Earlier', 'Female', 'Caucasian', 'Not Hispanic', 'Midwest', 'South Atl/West South Crl', '26.0', '0', '201404', '1', '200601', '201706', '1', '1', 'S0034', '201706');
INSERT INTO native.Cdm_testing_optumpan.encounter(ptid, visitid, encid, interaction_type, interaction_date, interaction_time, academic_community_flag) VALUES ('PT101', '103', 'E0000102', 'Office or clinic patient', '2014-06-29', '00:00:00', 'U');
INSERT INTO native.Cdm_testing_optumpan.microbiology(ptid, encid, order_date, result_date, result_time, specimen_source, organism, mapped_organism_found, culture_growth, sensitivity) VALUES ('PT101', 'E0000102', '2014-06-29', '2014-05-23', '00:00:00', 'Urine', 'ESCHERICHIA COLI', 'Escherichia coli', 'Not recorded', 'Sensitive');
-- 40: Patient has nlp_biomarkers data occurring data occurring 60 days after death event. Expected result: not dead
INSERT INTO native.Cdm_testing_optumpan.patient(ptid, birth_yr, gender, race, ethnicity, region, division, pct_college_educ, deceased_indicator, date_of_death, idn_indicator, first_month_active, last_month_active, notes_eligible, has_notes, sourceid, source_data_through) VALUES ('PT104', '1928 and Earlier', 'Female', 'Caucasian', 'Not Hispanic', 'Midwest', 'South Atl/West South Crl', '26.0', '0', '201404', '1', '200601', '201706', '1', '1', 'S0034', '201706');
INSERT INTO native.Cdm_testing_optumpan.encounter(ptid, visitid, encid, interaction_type, interaction_date, interaction_time, academic_community_flag) VALUES ('PT104', '106', 'E0000105', 'Office or clinic patient', '2014-06-29', '00:00:00', 'U');
INSERT INTO native.Cdm_testing_optumpan.nlp_biomarkers(ptid, note_date, biomarker, biomarker_status) VALUES ('PT104', '2014-06-29', 'ER', 'negative');
-- 41: Patient has nlp_drug_rationale data occurring data occurring 60 days after death event. Expected result: not dead
INSERT INTO native.Cdm_testing_optumpan.patient(ptid, birth_yr, gender, race, ethnicity, region, division, pct_college_educ, deceased_indicator, date_of_death, idn_indicator, first_month_active, last_month_active, notes_eligible, has_notes, sourceid, source_data_through) VALUES ('PT107', '1928 and Earlier', 'Female', 'Caucasian', 'Not Hispanic', 'Midwest', 'South Atl/West South Crl', '26.0', '0', '201404', '1', '200601', '201706', '1', '1', 'S0034', '201706');
INSERT INTO native.Cdm_testing_optumpan.encounter(ptid, visitid, encid, interaction_type, interaction_date, interaction_time, academic_community_flag) VALUES ('PT107', '109', 'E0000108', 'Office or clinic patient', '2014-06-29', '00:00:00', 'U');
INSERT INTO native.Cdm_testing_optumpan.nlp_drug_rationale(ptid, note_date, note_section, drug_name, drug_action, drug_action_preposition) VALUES ('PT107', '2014-06-29', 'MEDICATIONS', 'ASPIRIN', 'N/A', 'OF');
-- 42: Patient has nlp_measurement data occurring data occurring 60 days after death event. Expected result: not dead
INSERT INTO native.Cdm_testing_optumpan.patient(ptid, birth_yr, gender, race, ethnicity, region, division, pct_college_educ, deceased_indicator, date_of_death, idn_indicator, first_month_active, last_month_active, notes_eligible, has_notes, sourceid, source_data_through) VALUES ('PT110', '1928 and Earlier', 'Female', 'Caucasian', 'Not Hispanic', 'Midwest', 'South Atl/West South Crl', '26.0', '0', '201404', '1', '200601', '201706', '1', '1', 'S0034', '201706');
INSERT INTO native.Cdm_testing_optumpan.encounter(ptid, visitid, encid, interaction_type, interaction_date, interaction_time, academic_community_flag) VALUES ('PT110', '112', 'E0000111', 'Office or clinic patient', '2014-06-29', '00:00:00', 'U');
INSERT INTO native.Cdm_testing_optumpan.nlp_measurement(ptid, encid, note_date, measurement_type, measurement_value) VALUES ('PT110', 'E0000111', '2014-06-29', 'WEIGHT', 'normal');
-- 43: Patient has nlp_sds data occurring data occurring 60 days after death event. Expected result: not dead
INSERT INTO native.Cdm_testing_optumpan.patient(ptid, birth_yr, gender, race, ethnicity, region, division, pct_college_educ, deceased_indicator, date_of_death, idn_indicator, first_month_active, last_month_active, notes_eligible, has_notes, sourceid, source_data_through) VALUES ('PT113', '1928 and Earlier', 'Female', 'Caucasian', 'Not Hispanic', 'Midwest', 'South Atl/West South Crl', '26.0', '0', '201404', '1', '200601', '201706', '1', '1', 'S0034', '201706');
INSERT INTO native.Cdm_testing_optumpan.encounter(ptid, visitid, encid, interaction_type, interaction_date, interaction_time, academic_community_flag) VALUES ('PT113', '115', 'E0000114', 'Office or clinic patient', '2014-06-29', '00:00:00', 'U');
INSERT INTO native.Cdm_testing_optumpan.nlp_sds(ptid, encid, note_date, sds_term) VALUES ('PT113', 'E0000114', '2014-06-29', 'pain');
-- 44: Patient has nlp_sds_family data occurring data occurring 60 days after death event. Expected result: not dead
INSERT INTO native.Cdm_testing_optumpan.patient(ptid, birth_yr, gender, race, ethnicity, region, division, pct_college_educ, deceased_indicator, date_of_death, idn_indicator, first_month_active, last_month_active, notes_eligible, has_notes, sourceid, source_data_through) VALUES ('PT116', '1928 and Earlier', 'Female', 'Caucasian', 'Not Hispanic', 'Midwest', 'South Atl/West South Crl', '26.0', '0', '201404', '1', '200601', '201706', '1', '1', 'S0034', '201706');
INSERT INTO native.Cdm_testing_optumpan.encounter(ptid, visitid, encid, interaction_type, interaction_date, interaction_time, academic_community_flag) VALUES ('PT116', '118', 'E0000117', 'Office or clinic patient', '2014-06-29', '00:00:00', 'U');
INSERT INTO native.Cdm_testing_optumpan.nlp_sds_family(ptid, encid, note_date, sds_term, sds_family_member, note_section) VALUES ('PT116', 'E0000117', '2014-06-29', 'cancer', 'who=family', 'family medical history');
-- 45: Patient has observations data occurring data occurring 60 days after death event. Expected result: not dead
INSERT INTO native.Cdm_testing_optumpan.patient(ptid, birth_yr, gender, race, ethnicity, region, division, pct_college_educ, deceased_indicator, date_of_death, idn_indicator, first_month_active, last_month_active, notes_eligible, has_notes, sourceid, source_data_through) VALUES ('PT119', '1928 and Earlier', 'Female', 'Caucasian', 'Not Hispanic', 'Midwest', 'South Atl/West South Crl', '26.0', '0', '201404', '1', '200601', '201706', '1', '1', 'S0034', '201706');
INSERT INTO native.Cdm_testing_optumpan.encounter(ptid, visitid, encid, interaction_type, interaction_date, interaction_time, academic_community_flag) VALUES ('PT119', '121', 'E0000120', 'Office or clinic patient', '2014-06-29', '00:00:00', 'U');
INSERT INTO native.Cdm_testing_optumpan.observations(ptid, encid, obs_type, nlp, obs_date, obs_time, obs_result, obs_unit, evaluated_for_range, value_within_range) VALUES ('PT119', 'E0000120', 'SBP', 'N', '2014-06-29', '00:00:00', '18', 'mm Hg', 'N', 'U');
-- 46: Patient has patient_reported_medications data occurring data occurring 60 days after death event. Expected result: not dead
INSERT INTO native.Cdm_testing_optumpan.patient(ptid, birth_yr, gender, race, ethnicity, region, division, pct_college_educ, deceased_indicator, date_of_death, idn_indicator, first_month_active, last_month_active, notes_eligible, has_notes, sourceid, source_data_through) VALUES ('PT122', '1928 and Earlier', 'Female', 'Caucasian', 'Not Hispanic', 'Midwest', 'South Atl/West South Crl', '26.0', '0', '201404', '1', '200601', '201706', '1', '1', 'S0034', '201706');
INSERT INTO native.Cdm_testing_optumpan.encounter(ptid, visitid, encid, interaction_type, interaction_date, interaction_time, academic_community_flag) VALUES ('PT122', '124', 'E0000123', 'Office or clinic patient', '2014-06-29', '00:00:00', 'U');
INSERT INTO native.Cdm_testing_optumpan.patient_reported_medications(ptid, reported_date, ndc, ndc_source, route, strength, strength_unit, dosage_form, drug_class) VALUES ('PT122', '2014-06-29', 'Derived', 'Derived', 'Oral', 'mg', 'mg', 'Tabs', 'Narcotic agonist analgesics');
-- 47: Patient has prescriptions_written data occurring data occurring 60 days after death event. Expected result: not dead
INSERT INTO native.Cdm_testing_optumpan.patient(ptid, birth_yr, gender, race, ethnicity, region, division, pct_college_educ, deceased_indicator, date_of_death, idn_indicator, first_month_active, last_month_active, notes_eligible, has_notes, sourceid, source_data_through) VALUES ('PT125', '1928 and Earlier', 'Female', 'Caucasian', 'Not Hispanic', 'Midwest', 'South Atl/West South Crl', '26.0', '0', '201404', '1', '200601', '201706', '1', '1', 'S0034', '201706');
INSERT INTO native.Cdm_testing_optumpan.encounter(ptid, visitid, encid, interaction_type, interaction_date, interaction_time, academic_community_flag) VALUES ('PT125', '127', 'E0000126', 'Office or clinic patient', '2014-06-29', '00:00:00', 'U');
INSERT INTO native.Cdm_testing_optumpan.prescriptions_written(ptid, rxdate, rxtime, ndc, ndc_source, route, strength, strength_unit, num_refills, drug_class) VALUES ('PT125', '2014-06-29', '00:00:00', '00406012501', 'Derived', 'Oral', 'mg', 'mg', '0', 'Narcotic & analgesic combinations');
-- 48: Patient has procedure data occurring data occurring 60 days after death event. Expected result: not dead
INSERT INTO native.Cdm_testing_optumpan.patient(ptid, birth_yr, gender, race, ethnicity, region, division, pct_college_educ, deceased_indicator, date_of_death, idn_indicator, first_month_active, last_month_active, notes_eligible, has_notes, sourceid, source_data_through) VALUES ('PT128', '1928 and Earlier', 'Female', 'Caucasian', 'Not Hispanic', 'Midwest', 'South Atl/West South Crl', '26.0', '0', '201404', '1', '200601', '201706', '1', '1', 'S0034', '201706');
INSERT INTO native.Cdm_testing_optumpan.encounter(ptid, visitid, encid, interaction_type, interaction_date, interaction_time, academic_community_flag) VALUES ('PT128', '130', 'E0000129', 'Office or clinic patient', '2014-06-29', '00:00:00', 'U');
INSERT INTO native.Cdm_testing_optumpan.[procedure](ptid, proc_date, proc_time, proc_code, proc_code_type) VALUES ('PT128', '2014-06-29', '00:00:00', 'CPT4', 'CPT4');
-- 49: Patient has visit data occurring data occurring 60 days after death event. Expected result: not dead
INSERT INTO native.Cdm_testing_optumpan.patient(ptid, birth_yr, gender, race, ethnicity, region, division, pct_college_educ, deceased_indicator, date_of_death, idn_indicator, first_month_active, last_month_active, notes_eligible, has_notes, sourceid, source_data_through) VALUES ('PT131', '1928 and Earlier', 'Female', 'Caucasian', 'Not Hispanic', 'Midwest', 'South Atl/West South Crl', '26.0', '0', '201404', '1', '200601', '201706', '1', '1', 'S0034', '201706');
INSERT INTO native.Cdm_testing_optumpan.encounter(ptid, visitid, encid, interaction_type, interaction_date, interaction_time, academic_community_flag) VALUES ('PT131', '133', 'E0000132', 'Office or clinic patient', '2014-06-29', '00:00:00', 'U');
INSERT INTO native.Cdm_testing_optumpan.visit(ptid, visitid, visit_type, visit_start_date, visit_start_time, visit_end_date, visit_end_time, discharge_disposition, admission_source) VALUES ('PT131', '133', 'Emergency patient', '2014-06-29', '00:00:00', '2015-12-15', '00:00:00', '01 DISCHARGED TO HOME OR SELF CARE', 'Referred by physician or self referral; non-healthcare facility point of origin');
-- 50: Test HCPCS derived device coming from procedure table
INSERT INTO native.Cdm_testing_optumpan.patient(ptid, birth_yr, gender, race, ethnicity, region, division, pct_college_educ, deceased_indicator, date_of_death, idn_indicator, first_month_active, last_month_active, notes_eligible, has_notes, sourceid, source_data_through) VALUES ('PT134', '1950', 'Male', 'Caucasian', 'Not Hispanic', 'Midwest', 'South Atl/West South Crl', '26.0', '0', '      ', '1', '200701', '201001', '1', '1', 'S0034', '201706');
INSERT INTO native.Cdm_testing_optumpan.[procedure](ptid, proc_date, proc_time, proc_code, proc_code_type) VALUES ('PT134', '2009-01-01', '00:00:00', 'A4217', 'HCPCS');
-- 51: Test device derived from diagnosis table
INSERT INTO native.Cdm_testing_optumpan.patient(ptid, birth_yr, gender, race, ethnicity, region, division, pct_college_educ, deceased_indicator, date_of_death, idn_indicator, first_month_active, last_month_active, notes_eligible, has_notes, sourceid, source_data_through) VALUES ('PT135', '1950', 'Male', 'Caucasian', 'Not Hispanic', 'Midwest', 'South Atl/West South Crl', '26.0', '0', '      ', '1', '200701', '201001', '1', '1', 'S0034', '201706');
INSERT INTO native.Cdm_testing_optumpan.diagnosis(ptid, diag_date, diag_time, diagnosis_cd, diagnosis_cd_type, diagnosis_status, poa, admitting_diagnosis, discharge_diagnosis, primary_diagnosis, problem_list) VALUES ('PT135', '2009-01-01', '00:00:00', 'Y73.0', 'ICD10', 'Diagnosis of', '0', '0', '0', '0', 'N');
-- 52: Patient has 1 valid MEDICATION_ADMINISTRATIONS record within the enrollment period.
INSERT INTO native.Cdm_testing_optumpan.patient(ptid, birth_yr, gender, race, ethnicity, region, division, pct_college_educ, deceased_indicator, date_of_death, idn_indicator, first_month_active, last_month_active, notes_eligible, has_notes, sourceid, source_data_through) VALUES ('PT136', '1928 and Earlier', 'Female', 'Caucasian', 'Not Hispanic', 'Midwest', 'South Atl/West South Crl', '26.0', '0', '      ', '1', '201005', '201412', '1', '1', 'S0034', '201706');
INSERT INTO native.Cdm_testing_optumpan.encounter(ptid, encid, interaction_type, interaction_date, interaction_time, academic_community_flag) VALUES ('PT136', 'E0000137', 'Office or clinic patient', '2011-01-07', '00:00:00', 'U');
INSERT INTO native.Cdm_testing_optumpan.medication_administrations(ptid, encid, drug_name, ndc, ndc_source, order_date, order_time, route, strength, strength_unit, dosage_form, generic_desc, drug_class) VALUES ('PT136', 'E0000137', 'SODIUM CHLORIDE 0.9 %', '55111067101', 'Derived', '2011-01-07', '12:00:00', 'Oral', 'mg', 'mg', 'Solution', '0.9 % SODIUM CHLORIDE', 'Narcotic agonist analgesics');
-- 53: Patient has 2 MEDICATION_ADMINISTRATIONS records, the first within the enrollment period, the second outside of enrollment.
INSERT INTO native.Cdm_testing_optumpan.patient(ptid, birth_yr, gender, race, ethnicity, region, division, pct_college_educ, deceased_indicator, date_of_death, idn_indicator, first_month_active, last_month_active, notes_eligible, has_notes, sourceid, source_data_through) VALUES ('PT138', '1928 and Earlier', 'Female', 'Caucasian', 'Not Hispanic', 'Midwest', 'South Atl/West South Crl', '26.0', '0', '      ', '1', '201005', '201212', '1', '1', 'S0034', '201706');
INSERT INTO native.Cdm_testing_optumpan.encounter(ptid, encid, interaction_type, interaction_date, interaction_time, academic_community_flag) VALUES ('PT138', 'E0000139', 'Office or clinic patient', '2011-01-07', '00:00:00', 'U');
INSERT INTO native.Cdm_testing_optumpan.encounter(ptid, encid, interaction_type, interaction_date, interaction_time, academic_community_flag) VALUES ('PT138', 'E0000140', 'Office or clinic patient', '2013-01-07', '00:00:00', 'U');
INSERT INTO native.Cdm_testing_optumpan.medication_administrations(ptid, encid, drug_name, ndc, ndc_source, order_date, order_time, route, strength, strength_unit, dosage_form, generic_desc, drug_class) VALUES ('PT138', 'E0000139', 'SODIUM CHLORIDE 0.9 %', '55111067101', 'Derived', '2011-01-07', '12:00:00', 'Oral', 'mg', 'mg', 'Solution', '0.9 % SODIUM CHLORIDE', 'Narcotic agonist analgesics');
INSERT INTO native.Cdm_testing_optumpan.medication_administrations(ptid, encid, drug_name, ndc, ndc_source, order_date, order_time, route, strength, strength_unit, dosage_form, generic_desc, drug_class) VALUES ('PT138', 'E0000140', 'SODIUM CHLORIDE 0.9 %', '58487000102', 'Derived', '2013-01-07', '12:00:00', 'Oral', 'mg', 'mg', 'Solution', '0.9 % SODIUM CHLORIDE', 'Narcotic agonist analgesics');
-- 54: Patient has multiple MEDICATION_ADMINISTRATIONS records, all within enrollment period, but have the same encounter_id, ndc and order_date.
INSERT INTO native.Cdm_testing_optumpan.encounter(ptid, encid, interaction_type, interaction_date, interaction_time, academic_community_flag) VALUES ('PT141', 'E0000142', 'Inpatient', '2011-01-07', '00:00:00', 'U');
INSERT INTO native.Cdm_testing_optumpan.patient(ptid, birth_yr, gender, race, ethnicity, region, division, pct_college_educ, deceased_indicator, date_of_death, idn_indicator, first_month_active, last_month_active, notes_eligible, has_notes, sourceid, source_data_through) VALUES ('PT141', '1928 and Earlier', 'Female', 'Caucasian', 'Not Hispanic', 'Midwest', 'South Atl/West South Crl', '26.0', '0', '      ', '1', '201005', '201212', '1', '1', 'S0034', '201706');
INSERT INTO native.Cdm_testing_optumpan.medication_administrations(ptid, encid, drug_name, ndc, ndc_source, order_date, order_time, route, strength, strength_unit, dosage_form, generic_desc, drug_class) VALUES ('PT141', 'E0000142', 'SODIUM CHLORIDE 0.9 %', '55111067101', 'Derived', '2011-01-07', '12:00:00', 'Oral', 'mg', 'mg', 'Solution', '0.9 % SODIUM CHLORIDE', 'Narcotic agonist analgesics');
INSERT INTO native.Cdm_testing_optumpan.medication_administrations(ptid, encid, drug_name, ndc, ndc_source, order_date, order_time, route, strength, strength_unit, dosage_form, generic_desc, drug_class) VALUES ('PT141', 'E0000142', 'SODIUM CHLORIDE 0.9 %', '55111067101', 'Derived', '2011-01-07', '12:00:00', 'Oral', 'mg', 'mg', 'Solution', '0.9 % SODIUM CHLORIDE', 'Narcotic agonist analgesics');
-- 55: Patient has multiple MEDICATION_ADMINISTRATIONS records, all within enrollment period, that have the same ndc on the same day, but different encounters.
INSERT INTO native.Cdm_testing_optumpan.encounter(ptid, encid, interaction_type, interaction_date, interaction_time, academic_community_flag) VALUES ('PT143', 'E0000144', 'Inpatient', '2011-01-07', '00:00:00', 'U');
INSERT INTO native.Cdm_testing_optumpan.encounter(ptid, encid, interaction_type, interaction_date, interaction_time, academic_community_flag) VALUES ('PT143', 'E0000145', 'Inpatient', '2011-01-07', '00:00:00', 'U');
INSERT INTO native.Cdm_testing_optumpan.patient(ptid, birth_yr, gender, race, ethnicity, region, division, pct_college_educ, deceased_indicator, date_of_death, idn_indicator, first_month_active, last_month_active, notes_eligible, has_notes, sourceid, source_data_through) VALUES ('PT143', '1928 and Earlier', 'Female', 'Caucasian', 'Not Hispanic', 'Midwest', 'South Atl/West South Crl', '26.0', '0', '      ', '1', '201005', '201212', '1', '1', 'S0034', '201706');
INSERT INTO native.Cdm_testing_optumpan.medication_administrations(ptid, encid, drug_name, ndc, ndc_source, order_date, order_time, route, strength, strength_unit, dosage_form, generic_desc, drug_class) VALUES ('PT143', 'E0000144', 'SODIUM CHLORIDE 0.9 %', '55111067101', 'Derived', '2011-01-07', '12:00:00', 'Oral', 'mg', 'mg', 'Solution', '0.9 % SODIUM CHLORIDE', 'Narcotic agonist analgesics');
INSERT INTO native.Cdm_testing_optumpan.medication_administrations(ptid, encid, drug_name, ndc, ndc_source, order_date, order_time, route, strength, strength_unit, dosage_form, generic_desc, drug_class) VALUES ('PT143', 'E0000145', 'SODIUM CHLORIDE 0.9 %', '55111067101', 'Derived', '2011-01-07', '12:00:00', 'Oral', 'mg', 'mg', 'Solution', '0.9 % SODIUM CHLORIDE', 'Narcotic agonist analgesics');
-- 56: Patient has series of MEDICATION_ADMINISTRATIONS with the same encounter_id, but different order_date
INSERT INTO native.Cdm_testing_optumpan.encounter(ptid, encid, interaction_type, interaction_date, interaction_time, academic_community_flag) VALUES ('PT146', 'E0000147', 'Inpatient', '2011-01-07', '00:00:00', 'U');
INSERT INTO native.Cdm_testing_optumpan.patient(ptid, birth_yr, gender, race, ethnicity, region, division, pct_college_educ, deceased_indicator, date_of_death, idn_indicator, first_month_active, last_month_active, notes_eligible, has_notes, sourceid, source_data_through) VALUES ('PT146', '1928 and Earlier', 'Female', 'Caucasian', 'Not Hispanic', 'Midwest', 'South Atl/West South Crl', '26.0', '0', '      ', '1', '201005', '201212', '1', '1', 'S0034', '201706');
INSERT INTO native.Cdm_testing_optumpan.medication_administrations(ptid, encid, drug_name, ndc, ndc_source, order_date, order_time, route, strength, strength_unit, dosage_form, generic_desc, drug_class) VALUES ('PT146', 'E0000147', 'SODIUM CHLORIDE 0.9 %', '55111067101', 'Derived', '2011-01-07', '12:00:00', 'Oral', 'mg', 'mg', 'Solution', '0.9 % SODIUM CHLORIDE', 'Narcotic agonist analgesics');
INSERT INTO native.Cdm_testing_optumpan.medication_administrations(ptid, encid, drug_name, ndc, ndc_source, order_date, order_time, route, strength, strength_unit, dosage_form, generic_desc, drug_class) VALUES ('PT146', 'E0000147', 'SODIUM CHLORIDE 0.9 %', '55111067101', 'Derived', '2011-01-08', '12:00:00', 'Oral', 'mg', 'mg', 'Solution', '0.9 % SODIUM CHLORIDE', 'Narcotic agonist analgesics');
-- 57: Patient has MEDICATION_ADMINISTRATIONS with provid that is NULL but the encounter has a valid provider id specified
INSERT INTO native.Cdm_testing_optumpan.patient(ptid, birth_yr, gender, race, ethnicity, region, division, pct_college_educ, deceased_indicator, date_of_death, idn_indicator, first_month_active, last_month_active, notes_eligible, has_notes, sourceid, source_data_through) VALUES ('PT148', '1928 and Earlier', 'Female', 'Caucasian', 'Not Hispanic', 'Midwest', 'South Atl/West South Crl', '26.0', '0', '      ', '1', '201005', '201212', '1', '1', 'S0034', '201706');
INSERT INTO native.Cdm_testing_optumpan.provider(provid, specialty, prim_spec_ind) VALUES ('150', 'Internal Medicine', '1');
INSERT INTO native.Cdm_testing_optumpan.encounter(ptid, encid, interaction_type, interaction_date, interaction_time, academic_community_flag) VALUES ('PT148', 'E0000149', 'Inpatient', '2012-01-08', '00:00:00', 'U');
INSERT INTO native.Cdm_testing_optumpan.encounter_provider(encid, provid, provider_role) VALUES ('E0000149', '150', 'ATTENDING');
INSERT INTO native.Cdm_testing_optumpan.medication_administrations(ptid, encid, drug_name, ndc, ndc_source, order_date, order_time, route, strength, strength_unit, dosage_form, generic_desc, drug_class) VALUES ('PT148', 'E0000149', 'SODIUM CHLORIDE 0.9 %', '55111067101', 'Derived', '2012-01-08', '12:00:00', 'Oral', 'mg', 'mg', 'Solution', '0.9 % SODIUM CHLORIDE', 'Narcotic agonist analgesics');
-- 58: Patient has MEDICATION_ADMINISTRATIONS with an NDC that is properly mapped to the source_concept_id and standard concept_id
INSERT INTO native.Cdm_testing_optumpan.patient(ptid, birth_yr, gender, race, ethnicity, region, division, pct_college_educ, deceased_indicator, date_of_death, idn_indicator, first_month_active, last_month_active, notes_eligible, has_notes, sourceid, source_data_through) VALUES ('PT151', '1928 and Earlier', 'Female', 'Caucasian', 'Not Hispanic', 'Midwest', 'South Atl/West South Crl', '26.0', '0', '      ', '1', '201005', '201212', '1', '1', 'S0034', '201706');
INSERT INTO native.Cdm_testing_optumpan.medication_administrations(ptid, drug_name, ndc, ndc_source, order_date, order_time, route, strength, strength_unit, dosage_form, generic_desc, drug_class) VALUES ('PT151', 'SODIUM CHLORIDE 0.9 %', '55111067101', 'Derived', '2012-01-08', '12:00:00', 'Oral', 'mg', 'mg', 'Solution', '0.9 % SODIUM CHLORIDE', 'Narcotic agonist analgesics');
-- 59: Patient has MEDICATION_ADMINISTRATIONS with a valid quantity_of_dose
INSERT INTO native.Cdm_testing_optumpan.patient(ptid, birth_yr, gender, race, ethnicity, region, division, pct_college_educ, deceased_indicator, date_of_death, idn_indicator, first_month_active, last_month_active, notes_eligible, has_notes, sourceid, source_data_through) VALUES ('PT153', '1928 and Earlier', 'Female', 'Caucasian', 'Not Hispanic', 'Midwest', 'South Atl/West South Crl', '26.0', '0', '      ', '1', '201005', '201212', '1', '1', 'S0034', '201706');
INSERT INTO native.Cdm_testing_optumpan.medication_administrations(ptid, drug_name, ndc, ndc_source, order_date, order_time, route, quantity_of_dose, strength, strength_unit, dosage_form, generic_desc, drug_class) VALUES ('PT153', 'SODIUM CHLORIDE 0.9 %', '55111067101', 'Derived', '2012-01-08', '12:00:00', 'Oral', '0.5', 'mg', 'mg', 'Solution', '0.9 % SODIUM CHLORIDE', 'Narcotic agonist analgesics');
-- 60: Patient has MEDICATION_ADMINISTRATIONS and the route value is found in the source-to-concept-map and assigned the proper concept_id
INSERT INTO native.Cdm_testing_optumpan.patient(ptid, birth_yr, gender, race, ethnicity, region, division, pct_college_educ, deceased_indicator, date_of_death, idn_indicator, first_month_active, last_month_active, notes_eligible, has_notes, sourceid, source_data_through) VALUES ('PT155', '1928 and Earlier', 'Female', 'Caucasian', 'Not Hispanic', 'Midwest', 'South Atl/West South Crl', '26.0', '0', '      ', '1', '201005', '201212', '1', '1', 'S0034', '201706');
INSERT INTO native.Cdm_testing_optumpan.medication_administrations(ptid, drug_name, ndc, ndc_source, order_date, order_time, route, strength, strength_unit, dosage_form, generic_desc, drug_class) VALUES ('PT155', 'SODIUM CHLORIDE 0.9 %', '55111067101', 'Derived', '2012-01-08', '12:00:00', 'Oral', 'mg', 'mg', 'Solution', '0.9 % SODIUM CHLORIDE', 'Narcotic agonist analgesics');
-- 61: Patient has MEDICATION_ADMINISTRATIONS and the route value is NOT found in the source-to-concept-map and assigned concept_id of 0
INSERT INTO native.Cdm_testing_optumpan.patient(ptid, birth_yr, gender, race, ethnicity, region, division, pct_college_educ, deceased_indicator, date_of_death, idn_indicator, first_month_active, last_month_active, notes_eligible, has_notes, sourceid, source_data_through) VALUES ('PT157', '1928 and Earlier', 'Female', 'Caucasian', 'Not Hispanic', 'Midwest', 'South Atl/West South Crl', '26.0', '0', '      ', '1', '201005', '201212', '1', '1', 'S0034', '201706');
INSERT INTO native.Cdm_testing_optumpan.medication_administrations(ptid, drug_name, ndc, ndc_source, order_date, order_time, route, strength, strength_unit, dosage_form, generic_desc, drug_class) VALUES ('PT157', 'SODIUM CHLORIDE 0.9 %', '55111067101', 'Derived', '2012-01-08', '12:00:00', 'Osmosis', 'mg', 'mg', 'Solution', '0.9 % SODIUM CHLORIDE', 'Narcotic agonist analgesics');
-- 62: Patient has MEDICATION_ADMINISTRATIONS with a strength_unit that maps to dose_unit_source_value
INSERT INTO native.Cdm_testing_optumpan.patient(ptid, birth_yr, gender, race, ethnicity, region, division, pct_college_educ, deceased_indicator, date_of_death, idn_indicator, first_month_active, last_month_active, notes_eligible, has_notes, sourceid, source_data_through) VALUES ('PT159', '1928 and Earlier', 'Female', 'Caucasian', 'Not Hispanic', 'Midwest', 'South Atl/West South Crl', '26.0', '0', '      ', '1', '201005', '201212', '1', '1', 'S0034', '201706');
INSERT INTO native.Cdm_testing_optumpan.medication_administrations(ptid, drug_name, ndc, ndc_source, order_date, order_time, route, strength, strength_unit, dosage_form, generic_desc, drug_class) VALUES ('PT159', 'SODIUM CHLORIDE 0.9 %', '55111067101', 'Derived', '2012-01-08', '12:00:00', 'Oral', 'mg', 'mg/mL', 'Solution', '0.9 % SODIUM CHLORIDE', 'Narcotic agonist analgesics');
-- 63: Patient has MEDICATION_ADMINISTRATIONS with 11 digit NDC that doesn''t map, should first use 9 digits instead.
INSERT INTO native.Cdm_testing_optumpan.patient(ptid, birth_yr, gender, race, ethnicity, region, division, pct_college_educ, deceased_indicator, date_of_death, idn_indicator, first_month_active, last_month_active, notes_eligible, has_notes, sourceid, source_data_through) VALUES ('PT161', '1928 and Earlier', 'Female', 'Caucasian', 'Not Hispanic', 'Midwest', 'South Atl/West South Crl', '26.0', '0', '      ', '1', '201005', '201212', '1', '1', 'S0034', '201706');
INSERT INTO native.Cdm_testing_optumpan.medication_administrations(ptid, drug_name, ndc, ndc_source, order_date, order_time, route, strength, strength_unit, dosage_form, generic_desc, drug_class) VALUES ('PT161', 'SODIUM CHLORIDE 0.9 %', '13533063670', 'Derived', '2012-01-08', '12:00:00', 'Oral', 'mg', 'mg', 'Solution', '0.9 % SODIUM CHLORIDE', 'Narcotic agonist analgesics');
-- 64: Patient has MEDICATION_ADMINISTRATIONS with 9 digit NDC that doesn''t map, should use first 9 digits instead, should map to DRUG_CONCEPT_ID=0 because of the date filter.
INSERT INTO native.Cdm_testing_optumpan.patient(ptid, birth_yr, gender, race, ethnicity, region, division, pct_college_educ, deceased_indicator, date_of_death, idn_indicator, first_month_active, last_month_active, notes_eligible, has_notes, sourceid, source_data_through) VALUES ('PT163', '1928 and Earlier', 'Female', 'Caucasian', 'Not Hispanic', 'Midwest', 'South Atl/West South Crl', '26.0', '0', '      ', '1', '201005', '201212', '1', '1', 'S0034', '201706');
INSERT INTO native.Cdm_testing_optumpan.medication_administrations(ptid, drug_name, ndc, ndc_source, order_date, order_time, route, strength, strength_unit, dosage_form, generic_desc, drug_class) VALUES ('PT163', 'SODIUM CHLORIDE 0.9 %', '00006000543', 'Derived', '2012-01-08', '12:00:00', 'Oral', 'mg', 'mg', 'Solution', '0.9 % SODIUM CHLORIDE', 'Narcotic agonist analgesics');
-- 65: Patient has PRESCRIPTIONS_WRITTEN with valid information
INSERT INTO native.Cdm_testing_optumpan.patient(ptid, birth_yr, gender, race, ethnicity, region, division, pct_college_educ, deceased_indicator, date_of_death, idn_indicator, first_month_active, last_month_active, notes_eligible, has_notes, sourceid, source_data_through) VALUES ('PT165', '1928 and Earlier', 'Female', 'Caucasian', 'Not Hispanic', 'Midwest', 'South Atl/West South Crl', '26.0', '0', '      ', '1', '201005', '201212', '1', '1', 'S0034', '201706');
INSERT INTO native.Cdm_testing_optumpan.prescriptions_written(ptid, rxdate, rxtime, ndc, ndc_source, route, strength, strength_unit, num_refills, drug_class) VALUES ('PT165', '2012-01-08', '00:00:00', '00406012501', 'Derived', 'Oral', 'mg', 'mg', '0', 'Narcotic & analgesic combinations');
-- 66: Patient has multiple PRESCRIPTIONS_WRITTEN with the first within the enrollment period, the second outside of enrollment.
INSERT INTO native.Cdm_testing_optumpan.patient(ptid, birth_yr, gender, race, ethnicity, region, division, pct_college_educ, deceased_indicator, date_of_death, idn_indicator, first_month_active, last_month_active, notes_eligible, has_notes, sourceid, source_data_through) VALUES ('PT166', '1928 and Earlier', 'Female', 'Caucasian', 'Not Hispanic', 'Midwest', 'South Atl/West South Crl', '26.0', '0', '      ', '1', '201005', '201212', '1', '1', 'S0034', '201706');
INSERT INTO native.Cdm_testing_optumpan.prescriptions_written(ptid, rxdate, rxtime, ndc, ndc_source, route, strength, strength_unit, num_refills, drug_class) VALUES ('PT166', '2012-01-08', '00:00:00', '00406012501', 'Derived', 'Oral', 'mg', 'mg', '0', 'Narcotic & analgesic combinations');
INSERT INTO native.Cdm_testing_optumpan.prescriptions_written(ptid, rxdate, rxtime, ndc, ndc_source, route, strength, strength_unit, num_refills, drug_class) VALUES ('PT166', '2014-01-08', '00:00:00', '00406012501', 'Derived', 'Oral', 'mg', 'mg', '0', 'Narcotic & analgesic combinations');
-- 67: Patient has PRESCRIPTIONS_WRITTEN and the NDC is properly mapped to the source_concept_id and standard concept_id
INSERT INTO native.Cdm_testing_optumpan.patient(ptid, birth_yr, gender, race, ethnicity, region, division, pct_college_educ, deceased_indicator, date_of_death, idn_indicator, first_month_active, last_month_active, notes_eligible, has_notes, sourceid, source_data_through) VALUES ('PT167', '1928 and Earlier', 'Female', 'Caucasian', 'Not Hispanic', 'Midwest', 'South Atl/West South Crl', '26.0', '0', '      ', '1', '201005', '201212', '1', '1', 'S0034', '201706');
INSERT INTO native.Cdm_testing_optumpan.prescriptions_written(ptid, rxdate, rxtime, ndc, ndc_source, route, strength, strength_unit, num_refills, drug_class) VALUES ('PT167', '2012-01-08', '00:00:00', '55111067101', 'Derived', 'Oral', 'mg', 'mg', '0', 'Narcotic & analgesic combinations');
-- 68: Patient has PRESCRIPTIONS_WRITTEN with quantity_per_fill that contains non-numeric values
INSERT INTO native.Cdm_testing_optumpan.patient(ptid, birth_yr, gender, race, ethnicity, region, division, pct_college_educ, deceased_indicator, date_of_death, idn_indicator, first_month_active, last_month_active, notes_eligible, has_notes, sourceid, source_data_through) VALUES ('PT168', '1928 and Earlier', 'Female', 'Caucasian', 'Not Hispanic', 'Midwest', 'South Atl/West South Crl', '26.0', '0', '      ', '1', '201005', '201212', '1', '1', 'S0034', '201706');
INSERT INTO native.Cdm_testing_optumpan.prescriptions_written(ptid, rxdate, rxtime, ndc, ndc_source, route, strength, strength_unit, quantity_per_fill, num_refills, drug_class) VALUES ('PT168', '2012-01-08', '00:00:00', '55111067101', 'Derived', 'Oral', 'mg', 'mg', '90 Tab', '0', 'Narcotic & analgesic combinations');
-- 69: Patient has PRESCRIPTIONS_WRITTEN with quantity_per_fill that contains only numerics
INSERT INTO native.Cdm_testing_optumpan.patient(ptid, birth_yr, gender, race, ethnicity, region, division, pct_college_educ, deceased_indicator, date_of_death, idn_indicator, first_month_active, last_month_active, notes_eligible, has_notes, sourceid, source_data_through) VALUES ('PT169', '1928 and Earlier', 'Female', 'Caucasian', 'Not Hispanic', 'Midwest', 'South Atl/West South Crl', '26.0', '0', '      ', '1', '201005', '201212', '1', '1', 'S0034', '201706');
INSERT INTO native.Cdm_testing_optumpan.prescriptions_written(ptid, rxdate, rxtime, ndc, ndc_source, route, strength, strength_unit, quantity_per_fill, num_refills, drug_class) VALUES ('PT169', '2012-01-08', '00:00:00', '55111067101', 'Derived', 'Oral', 'mg', 'mg', '90', '0', 'Narcotic & analgesic combinations');
-- 70: Patient has PRESCRIPTIONS_WRITTEN with quantity_per_fill that contains NULL AND quantity_of_dose is NOT NULL
INSERT INTO native.Cdm_testing_optumpan.patient(ptid, birth_yr, gender, race, ethnicity, region, division, pct_college_educ, deceased_indicator, date_of_death, idn_indicator, first_month_active, last_month_active, notes_eligible, has_notes, sourceid, source_data_through) VALUES ('PT170', '1928 and Earlier', 'Female', 'Caucasian', 'Not Hispanic', 'Midwest', 'South Atl/West South Crl', '26.0', '0', '      ', '1', '201005', '201212', '1', '1', 'S0034', '201706');
INSERT INTO native.Cdm_testing_optumpan.prescriptions_written(ptid, rxdate, rxtime, ndc, ndc_source, route, quantity_of_dose, strength, strength_unit, num_refills, drug_class) VALUES ('PT170', '2012-01-08', '00:00:00', '55111067101', 'Derived', 'Oral', '1', 'mg', 'mg', '0', 'Narcotic & analgesic combinations');
-- 71: Patient has PRESCRIPTIONS_WRITTEN with quantity_per_fill that contains NULL AND quantity_of_dose is NOT NULL with text
INSERT INTO native.Cdm_testing_optumpan.patient(ptid, birth_yr, gender, race, ethnicity, region, division, pct_college_educ, deceased_indicator, date_of_death, idn_indicator, first_month_active, last_month_active, notes_eligible, has_notes, sourceid, source_data_through) VALUES ('PT171', '1928 and Earlier', 'Female', 'Caucasian', 'Not Hispanic', 'Midwest', 'South Atl/West South Crl', '26.0', '0', '      ', '1', '201005', '201212', '1', '1', 'S0034', '201706');
INSERT INTO native.Cdm_testing_optumpan.prescriptions_written(ptid, rxdate, rxtime, ndc, ndc_source, route, quantity_of_dose, strength, strength_unit, num_refills, drug_class) VALUES ('PT171', '2012-01-08', '00:00:00', '55111067101', 'Derived', 'Oral', '1 tablet', 'mg', 'mg', '0', 'Narcotic & analgesic combinations');
-- 72: Patient has PRESCRIPTIONS_WRITTEN with num_refils that contains only numerics
INSERT INTO native.Cdm_testing_optumpan.patient(ptid, birth_yr, gender, race, ethnicity, region, division, pct_college_educ, deceased_indicator, date_of_death, idn_indicator, first_month_active, last_month_active, notes_eligible, has_notes, sourceid, source_data_through) VALUES ('PT172', '1928 and Earlier', 'Female', 'Caucasian', 'Not Hispanic', 'Midwest', 'South Atl/West South Crl', '26.0', '0', '      ', '1', '201005', '201212', '1', '1', 'S0034', '201706');
INSERT INTO native.Cdm_testing_optumpan.prescriptions_written(ptid, rxdate, rxtime, ndc, ndc_source, route, strength, strength_unit, num_refills, drug_class) VALUES ('PT172', '2012-01-08', '00:00:00', '55111067101', 'Derived', 'Oral', 'mg', 'mg', '0', 'Narcotic & analgesic combinations');
-- 73: Patient has PRESCRIPTIONS_WRITTEN with quantity_per_fill that contains an empty value
INSERT INTO native.Cdm_testing_optumpan.patient(ptid, birth_yr, gender, race, ethnicity, region, division, pct_college_educ, deceased_indicator, date_of_death, idn_indicator, first_month_active, last_month_active, notes_eligible, has_notes, sourceid, source_data_through) VALUES ('PT173', '1928 and Earlier', 'Female', 'Caucasian', 'Not Hispanic', 'Midwest', 'South Atl/West South Crl', '26.0', '0', '      ', '1', '201005', '201212', '1', '1', 'S0034', '201706');
INSERT INTO native.Cdm_testing_optumpan.prescriptions_written(ptid, rxdate, rxtime, ndc, ndc_source, route, strength, strength_unit, num_refills, drug_class) VALUES ('PT173', '2012-01-08', '00:00:00', '55111067101', 'Derived', 'Oral', 'mg', 'mg', '0', 'Narcotic & analgesic combinations');
-- 74: Patient has PRESCRIPTIONS_WRITTEN with days_supply that contains only numerics
INSERT INTO native.Cdm_testing_optumpan.patient(ptid, birth_yr, gender, race, ethnicity, region, division, pct_college_educ, deceased_indicator, date_of_death, idn_indicator, first_month_active, last_month_active, notes_eligible, has_notes, sourceid, source_data_through) VALUES ('PT174', '1928 and Earlier', 'Female', 'Caucasian', 'Not Hispanic', 'Midwest', 'South Atl/West South Crl', '26.0', '0', '      ', '1', '201005', '201212', '1', '1', 'S0034', '201706');
INSERT INTO native.Cdm_testing_optumpan.prescriptions_written(ptid, rxdate, rxtime, ndc, ndc_source, route, strength, strength_unit, num_refills, days_supply, drug_class) VALUES ('PT174', '2012-01-08', '00:00:00', '55111067101', 'Derived', 'Oral', 'mg', 'mg', '0', '1.0', 'Narcotic & analgesic combinations');
-- 75: Patient has PRESCRIPTIONS_WRITTEN with days_supply that contains an empty value
INSERT INTO native.Cdm_testing_optumpan.patient(ptid, birth_yr, gender, race, ethnicity, region, division, pct_college_educ, deceased_indicator, date_of_death, idn_indicator, first_month_active, last_month_active, notes_eligible, has_notes, sourceid, source_data_through) VALUES ('PT175', '1928 and Earlier', 'Female', 'Caucasian', 'Not Hispanic', 'Midwest', 'South Atl/West South Crl', '26.0', '0', '      ', '1', '201005', '201212', '1', '1', 'S0034', '201706');
INSERT INTO native.Cdm_testing_optumpan.prescriptions_written(ptid, rxdate, rxtime, ndc, ndc_source, route, strength, strength_unit, num_refills, drug_class) VALUES ('PT175', '2012-01-08', '00:00:00', '55111067101', 'Derived', 'Oral', 'mg', 'mg', '0', 'Narcotic & analgesic combinations');
-- 76: Patient has PRESCRIPTIONS_WRITTEN with days_supply with decimal. This should drop the decimal portion.
INSERT INTO native.Cdm_testing_optumpan.patient(ptid, birth_yr, gender, race, ethnicity, region, division, pct_college_educ, deceased_indicator, date_of_death, idn_indicator, first_month_active, last_month_active, notes_eligible, has_notes, sourceid, source_data_through) VALUES ('PT176', '1928 and Earlier', 'Female', 'Caucasian', 'Not Hispanic', 'Midwest', 'South Atl/West South Crl', '26.0', '0', '      ', '1', '201005', '201212', '1', '1', 'S0034', '201706');
INSERT INTO native.Cdm_testing_optumpan.prescriptions_written(ptid, rxdate, rxtime, ndc, ndc_source, route, strength, strength_unit, num_refills, days_supply, drug_class) VALUES ('PT176', '2012-01-08', '00:00:00', '55111067101', 'Derived', 'Oral', 'mg', 'mg', '0', '10.7', 'Narcotic & analgesic combinations');
-- 77: Patient has PRESCRIPTIONS_WRITTEN with provid specified
INSERT INTO native.Cdm_testing_optumpan.patient(ptid, birth_yr, gender, race, ethnicity, region, division, pct_college_educ, deceased_indicator, date_of_death, idn_indicator, first_month_active, last_month_active, notes_eligible, has_notes, sourceid, source_data_through) VALUES ('PT177', '1928 and Earlier', 'Female', 'Caucasian', 'Not Hispanic', 'Midwest', 'South Atl/West South Crl', '26.0', '0', '      ', '1', '201005', '201212', '1', '1', 'S0034', '201706');
INSERT INTO native.Cdm_testing_optumpan.prescriptions_written(ptid, rxdate, rxtime, ndc, ndc_source, provid, route, strength, strength_unit, num_refills, drug_class) VALUES ('PT177', '2012-01-08', '00:00:00', '55111067101', 'Derived', '843801', 'Oral', 'mg', 'mg', '0', 'Narcotic & analgesic combinations');
-- 78: Patient has PRESCRIPTIONS_WRITTEN with a route that is specified in the route source-to-concept map.
INSERT INTO native.Cdm_testing_optumpan.patient(ptid, birth_yr, gender, race, ethnicity, region, division, pct_college_educ, deceased_indicator, date_of_death, idn_indicator, first_month_active, last_month_active, notes_eligible, has_notes, sourceid, source_data_through) VALUES ('PT178', '1928 and Earlier', 'Female', 'Caucasian', 'Not Hispanic', 'Midwest', 'South Atl/West South Crl', '26.0', '0', '      ', '1', '201005', '201212', '1', '1', 'S0034', '201706');
INSERT INTO native.Cdm_testing_optumpan.prescriptions_written(ptid, rxdate, rxtime, ndc, ndc_source, route, strength, strength_unit, num_refills, drug_class) VALUES ('PT178', '2012-01-08', '00:00:00', '55111067101', 'Derived', 'Oral', 'mg', 'mg', '0', 'Narcotic & analgesic combinations');
-- 79: Patient has PRESCRIPTIONS_WRITTEN with strength + strength_unit + dose_frequency + dosage_form that should be concatenated
INSERT INTO native.Cdm_testing_optumpan.patient(ptid, birth_yr, gender, race, ethnicity, region, division, pct_college_educ, deceased_indicator, date_of_death, idn_indicator, first_month_active, last_month_active, notes_eligible, has_notes, sourceid, source_data_through) VALUES ('PT179', '1928 and Earlier', 'Female', 'Caucasian', 'Not Hispanic', 'Midwest', 'South Atl/West South Crl', '26.0', '0', '      ', '1', '201005', '201212', '1', '1', 'S0034', '201706');
INSERT INTO native.Cdm_testing_optumpan.prescriptions_written(ptid, rxdate, rxtime, ndc, ndc_source, route, strength, strength_unit, dosage_form, dose_frequency, num_refills, drug_class) VALUES ('PT179', '2012-01-08', '00:00:00', '55111067101', 'Derived', 'Oral', '20 - 25', '15 MG', 'Capsule Delayed Release', '1 time a day', '0', 'Narcotic & analgesic combinations');
-- 80: Patient has PRESCRIPTIONS_WRITTEN with 11 digit NDC that doesn''t map, should first use 9 digits instead.
INSERT INTO native.Cdm_testing_optumpan.patient(ptid, birth_yr, gender, race, ethnicity, region, division, pct_college_educ, deceased_indicator, date_of_death, idn_indicator, first_month_active, last_month_active, notes_eligible, has_notes, sourceid, source_data_through) VALUES ('PT180', '1928 and Earlier', 'Female', 'Caucasian', 'Not Hispanic', 'Midwest', 'South Atl/West South Crl', '26.0', '0', '      ', '1', '201005', '201212', '1', '1', 'S0034', '201706');
INSERT INTO native.Cdm_testing_optumpan.prescriptions_written(ptid, rxdate, rxtime, ndc, ndc_source, route, strength, strength_unit, num_refills, drug_class) VALUES ('PT180', '2012-01-08', '00:00:00', '13533063670', 'Derived', 'Oral', 'mg', 'mg', '0', 'Narcotic & analgesic combinations');
-- 81: Patient has PRESCRIPTIONS_WRITTEN with 9 digit NDC that doesn''t map, should use first 9 digits instead, should map to DRUG_CONCEPT_ID=0 because of the date filter.
INSERT INTO native.Cdm_testing_optumpan.patient(ptid, birth_yr, gender, race, ethnicity, region, division, pct_college_educ, deceased_indicator, date_of_death, idn_indicator, first_month_active, last_month_active, notes_eligible, has_notes, sourceid, source_data_through) VALUES ('PT181', '1928 and Earlier', 'Female', 'Caucasian', 'Not Hispanic', 'Midwest', 'South Atl/West South Crl', '26.0', '0', '      ', '1', '201005', '201212', '1', '1', 'S0034', '201706');
INSERT INTO native.Cdm_testing_optumpan.prescriptions_written(ptid, rxdate, rxtime, ndc, ndc_source, route, strength, strength_unit, num_refills, drug_class) VALUES ('PT181', '2012-01-08', '00:00:00', '00006000543', 'Derived', 'Oral', 'mg', 'mg', '0', 'Narcotic & analgesic combinations');
-- 82: Patient has patient_reported_medications with valid information
INSERT INTO native.Cdm_testing_optumpan.patient(ptid, birth_yr, gender, race, ethnicity, region, division, pct_college_educ, deceased_indicator, date_of_death, idn_indicator, first_month_active, last_month_active, notes_eligible, has_notes, sourceid, source_data_through) VALUES ('PT182', '1928 and Earlier', 'Female', 'Caucasian', 'Not Hispanic', 'Midwest', 'South Atl/West South Crl', '26.0', '0', '      ', '1', '201005', '201212', '1', '1', 'S0034', '201706');
INSERT INTO native.Cdm_testing_optumpan.patient_reported_medications(ptid, reported_date, ndc, ndc_source, route, strength, strength_unit, dosage_form, drug_class) VALUES ('PT182', '2012-01-08', 'Derived', 'Derived', 'Oral', 'mg', 'mg', 'Tabs', 'Narcotic agonist analgesics');
-- 83: Patient has multiple patient_reported_medications with the first within the enrollment period, the second outside of enrollment.
INSERT INTO native.Cdm_testing_optumpan.patient(ptid, birth_yr, gender, race, ethnicity, region, division, pct_college_educ, deceased_indicator, date_of_death, idn_indicator, first_month_active, last_month_active, notes_eligible, has_notes, sourceid, source_data_through) VALUES ('PT183', '1928 and Earlier', 'Female', 'Caucasian', 'Not Hispanic', 'Midwest', 'South Atl/West South Crl', '26.0', '0', '      ', '1', '201005', '201212', '1', '1', 'S0034', '201706');
INSERT INTO native.Cdm_testing_optumpan.patient_reported_medications(ptid, reported_date, ndc, ndc_source, route, strength, strength_unit, dosage_form, drug_class) VALUES ('PT183', '2012-01-08', 'Derived', 'Derived', 'Oral', 'mg', 'mg', 'Tabs', 'Narcotic agonist analgesics');
INSERT INTO native.Cdm_testing_optumpan.patient_reported_medications(ptid, reported_date, ndc, ndc_source, route, strength, strength_unit, dosage_form, drug_class) VALUES ('PT183', '2014-01-08', 'Derived', 'Derived', 'Oral', 'mg', 'mg', 'Tabs', 'Narcotic agonist analgesics');
-- 84: Patient has patient_reported_medications with valid reported_date and drug_type_concept_id
INSERT INTO native.Cdm_testing_optumpan.patient(ptid, birth_yr, gender, race, ethnicity, region, division, pct_college_educ, deceased_indicator, date_of_death, idn_indicator, first_month_active, last_month_active, notes_eligible, has_notes, sourceid, source_data_through) VALUES ('PT184', '1928 and Earlier', 'Female', 'Caucasian', 'Not Hispanic', 'Midwest', 'South Atl/West South Crl', '26.0', '0', '      ', '1', '201005', '201212', '1', '1', 'S0034', '201706');
INSERT INTO native.Cdm_testing_optumpan.patient_reported_medications(ptid, reported_date, ndc, ndc_source, route, strength, strength_unit, dosage_form, drug_class) VALUES ('PT184', '2012-01-08', '55111067101', 'Derived', 'Oral', 'mg', 'mg', 'Tabs', 'Narcotic agonist analgesics');
-- 85: Patient has PRESCRIPTIONS_WRITTEN and the NDC is properly mapped to the source_concept_id and standard concept_id
INSERT INTO native.Cdm_testing_optumpan.patient(ptid, birth_yr, gender, race, ethnicity, region, division, pct_college_educ, deceased_indicator, date_of_death, idn_indicator, first_month_active, last_month_active, notes_eligible, has_notes, sourceid, source_data_through) VALUES ('PT185', '1928 and Earlier', 'Female', 'Caucasian', 'Not Hispanic', 'Midwest', 'South Atl/West South Crl', '26.0', '0', '      ', '1', '201005', '201212', '1', '1', 'S0034', '201706');
INSERT INTO native.Cdm_testing_optumpan.patient_reported_medications(ptid, reported_date, ndc, ndc_source, route, strength, strength_unit, dosage_form, drug_class) VALUES ('PT185', '2012-01-08', '55111067101', 'Derived', 'Oral', 'mg', 'mg', 'Tabs', 'Narcotic agonist analgesics');
-- 86: Patient has patient_reported_medications with provid mapped
INSERT INTO native.Cdm_testing_optumpan.patient(ptid, birth_yr, gender, race, ethnicity, region, division, pct_college_educ, deceased_indicator, date_of_death, idn_indicator, first_month_active, last_month_active, notes_eligible, has_notes, sourceid, source_data_through) VALUES ('PT186', '1928 and Earlier', 'Female', 'Caucasian', 'Not Hispanic', 'Midwest', 'South Atl/West South Crl', '26.0', '0', '      ', '1', '201005', '201212', '1', '1', 'S0034', '201706');
INSERT INTO native.Cdm_testing_optumpan.patient_reported_medications(ptid, reported_date, ndc, ndc_source, provid, route, strength, strength_unit, dosage_form, drug_class) VALUES ('PT186', '2012-01-08', 'Derived', 'Derived', '179865', 'Oral', 'mg', 'mg', 'Tabs', 'Narcotic agonist analgesics');
-- 87: Patient has patient_reported_medications with a route that is specified in the route source-to-concept map.
INSERT INTO native.Cdm_testing_optumpan.patient(ptid, birth_yr, gender, race, ethnicity, region, division, pct_college_educ, deceased_indicator, date_of_death, idn_indicator, first_month_active, last_month_active, notes_eligible, has_notes, sourceid, source_data_through) VALUES ('PT187', '1928 and Earlier', 'Female', 'Caucasian', 'Not Hispanic', 'Midwest', 'South Atl/West South Crl', '26.0', '0', '      ', '1', '201005', '201212', '1', '1', 'S0034', '201706');
INSERT INTO native.Cdm_testing_optumpan.patient_reported_medications(ptid, reported_date, ndc, ndc_source, route, strength, strength_unit, dosage_form, drug_class) VALUES ('PT187', '2012-01-08', '55111067101', 'Derived', 'Oral', 'mg', 'mg', 'Tabs', 'Narcotic agonist analgesics');
-- 88: Patient has patient_reported_medications with a quantity_of_dose that maps to quantity.
INSERT INTO native.Cdm_testing_optumpan.patient(ptid, birth_yr, gender, race, ethnicity, region, division, pct_college_educ, deceased_indicator, date_of_death, idn_indicator, first_month_active, last_month_active, notes_eligible, has_notes, sourceid, source_data_through) VALUES ('PT188', '1928 and Earlier', 'Female', 'Caucasian', 'Not Hispanic', 'Midwest', 'South Atl/West South Crl', '26.0', '0', '      ', '1', '201005', '201212', '1', '1', 'S0034', '201706');
INSERT INTO native.Cdm_testing_optumpan.patient_reported_medications(ptid, reported_date, ndc, ndc_source, route, quantity_of_dose, strength, strength_unit, dosage_form, drug_class) VALUES ('PT188', '2012-01-08', '55111067101', 'Derived', 'Oral', '6', 'mg', 'mg', 'Tabs', 'Narcotic agonist analgesics');
-- 89: Patient has immunizations with valid information
INSERT INTO native.Cdm_testing_optumpan.patient(ptid, birth_yr, gender, race, ethnicity, region, division, pct_college_educ, deceased_indicator, date_of_death, idn_indicator, first_month_active, last_month_active, notes_eligible, has_notes, sourceid, source_data_through) VALUES ('PT189', '1928 and Earlier', 'Female', 'Caucasian', 'Not Hispanic', 'Midwest', 'South Atl/West South Crl', '26.0', '0', '      ', '1', '201005', '201212', '1', '1', 'S0034', '201706');
INSERT INTO native.Cdm_testing_optumpan.immunizations(ptid, immunization_date, mapped_name, ndc, ndc_source, pt_reported) VALUES ('PT189', '2011-10-12', 'Influenza Inactivated Vaccine', '66521011710', 'Derived', 'N');
-- 90: Patient has multiple immunizations with the first within the enrollment period, the second outside of enrollment.
INSERT INTO native.Cdm_testing_optumpan.patient(ptid, birth_yr, gender, race, ethnicity, region, division, pct_college_educ, deceased_indicator, date_of_death, idn_indicator, first_month_active, last_month_active, notes_eligible, has_notes, sourceid, source_data_through) VALUES ('PT190', '1928 and Earlier', 'Female', 'Caucasian', 'Not Hispanic', 'Midwest', 'South Atl/West South Crl', '26.0', '0', '      ', '1', '201005', '201212', '1', '1', 'S0034', '201706');
INSERT INTO native.Cdm_testing_optumpan.immunizations(ptid, immunization_date, mapped_name, ndc, ndc_source, pt_reported) VALUES ('PT190', '2011-10-12', 'Influenza Inactivated Vaccine', '66521011710', 'Derived', 'N');
INSERT INTO native.Cdm_testing_optumpan.immunizations(ptid, immunization_date, mapped_name, ndc, ndc_source, pt_reported) VALUES ('PT190', '2013-10-12', 'Influenza Inactivated Vaccine', '66521011710', 'Derived', 'N');
-- 91: Patient has multiple immunizations records, all within enrollment period, but have the same immunization_date and ndc
INSERT INTO native.Cdm_testing_optumpan.patient(ptid, birth_yr, gender, race, ethnicity, region, division, pct_college_educ, deceased_indicator, date_of_death, idn_indicator, first_month_active, last_month_active, notes_eligible, has_notes, sourceid, source_data_through) VALUES ('PT191', '1928 and Earlier', 'Female', 'Caucasian', 'Not Hispanic', 'Midwest', 'South Atl/West South Crl', '26.0', '0', '      ', '1', '201005', '201212', '1', '1', 'S0034', '201706');
INSERT INTO native.Cdm_testing_optumpan.immunizations(ptid, immunization_date, mapped_name, ndc, ndc_source, pt_reported) VALUES ('PT191', '2011-10-12', 'Influenza Inactivated Vaccine', '66521011710', 'Derived', 'N');
INSERT INTO native.Cdm_testing_optumpan.immunizations(ptid, immunization_date, mapped_name, ndc, ndc_source, pt_reported) VALUES ('PT191', '2011-10-12', 'Influenza Inactivated Vaccine', '66521011710', 'Derived', 'N');
-- 92: Patient has immunizations with immunization_date that is NULL
INSERT INTO native.Cdm_testing_optumpan.patient(ptid, birth_yr, gender, race, ethnicity, region, division, pct_college_educ, deceased_indicator, date_of_death, idn_indicator, first_month_active, last_month_active, notes_eligible, has_notes, sourceid, source_data_through) VALUES ('PT192', '1928 and Earlier', 'Female', 'Caucasian', 'Not Hispanic', 'Midwest', 'South Atl/West South Crl', '26.0', '0', '      ', '1', '201005', '201212', '1', '1', 'S0034', '201706');
INSERT INTO native.Cdm_testing_optumpan.immunizations(ptid, mapped_name, ndc, ndc_source, pt_reported) VALUES ('PT192', 'Influenza Inactivated Vaccine', '66521011710', 'Derived', 'N');
-- 93: Patient has immunizations with pt_reported =''Y''
INSERT INTO native.Cdm_testing_optumpan.patient(ptid, birth_yr, gender, race, ethnicity, region, division, pct_college_educ, deceased_indicator, date_of_death, idn_indicator, first_month_active, last_month_active, notes_eligible, has_notes, sourceid, source_data_through) VALUES ('PT193', '1928 and Earlier', 'Female', 'Caucasian', 'Not Hispanic', 'Midwest', 'South Atl/West South Crl', '26.0', '0', '      ', '1', '201005', '201212', '1', '1', 'S0034', '201706');
INSERT INTO native.Cdm_testing_optumpan.immunizations(ptid, immunization_date, mapped_name, ndc, ndc_source, pt_reported) VALUES ('PT193', '2011-10-12', 'Influenza Inactivated Vaccine', '66521011710', 'Derived', 'Y');
-- 94: Patient has immunizations and the NDC is properly mapped to the source_concept_id and standard concept_id
INSERT INTO native.Cdm_testing_optumpan.patient(ptid, birth_yr, gender, race, ethnicity, region, division, pct_college_educ, deceased_indicator, date_of_death, idn_indicator, first_month_active, last_month_active, notes_eligible, has_notes, sourceid, source_data_through) VALUES ('PT194', '1928 and Earlier', 'Female', 'Caucasian', 'Not Hispanic', 'Midwest', 'South Atl/West South Crl', '26.0', '0', '      ', '1', '201005', '201212', '1', '1', 'S0034', '201706');
INSERT INTO native.Cdm_testing_optumpan.immunizations(ptid, immunization_date, mapped_name, ndc, ndc_source, pt_reported) VALUES ('PT194', '2011-10-12', 'Influenza Inactivated Vaccine', '66521011710', 'Derived', 'N');
-- 95: Patient has immunizations with pt_reported =''N'' with a valid drug_type_concept_id
INSERT INTO native.Cdm_testing_optumpan.patient(ptid, birth_yr, gender, race, ethnicity, region, division, pct_college_educ, deceased_indicator, date_of_death, idn_indicator, first_month_active, last_month_active, notes_eligible, has_notes, sourceid, source_data_through) VALUES ('PT195', '1928 and Earlier', 'Female', 'Caucasian', 'Not Hispanic', 'Midwest', 'South Atl/West South Crl', '26.0', '0', '      ', '1', '201005', '201212', '1', '1', 'S0034', '201706');
INSERT INTO native.Cdm_testing_optumpan.immunizations(ptid, immunization_date, mapped_name, ndc, ndc_source, pt_reported) VALUES ('PT195', '2011-10-12', 'Influenza Inactivated Vaccine', '66521011710', 'Derived', 'N');
-- 96: Procedure has PROC_CODE that is a drug with valid information and valid drug_type_concept_id
INSERT INTO native.Cdm_testing_optumpan.patient(ptid, birth_yr, gender, race, ethnicity, region, division, pct_college_educ, deceased_indicator, date_of_death, idn_indicator, first_month_active, last_month_active, notes_eligible, has_notes, sourceid, source_data_through) VALUES ('PT196', '1928 and Earlier', 'Female', 'Caucasian', 'Not Hispanic', 'Midwest', 'South Atl/West South Crl', '26.0', '0', '      ', '1', '201005', '201212', '1', '1', 'S0034', '201706');
INSERT INTO native.Cdm_testing_optumpan.[procedure](ptid, proc_date, proc_time, proc_code, proc_code_type) VALUES ('PT196', '2011-02-11', '00:00:00', 'J9310', 'HCPCS');
-- 97: Patient has multiple PROCEDURE records with the first within the enrollment period, the second outside of enrollment.
INSERT INTO native.Cdm_testing_optumpan.patient(ptid, birth_yr, gender, race, ethnicity, region, division, pct_college_educ, deceased_indicator, date_of_death, idn_indicator, first_month_active, last_month_active, notes_eligible, has_notes, sourceid, source_data_through) VALUES ('PT197', '1928 and Earlier', 'Female', 'Caucasian', 'Not Hispanic', 'Midwest', 'South Atl/West South Crl', '26.0', '0', '      ', '1', '201005', '201212', '1', '1', 'S0034', '201706');
INSERT INTO native.Cdm_testing_optumpan.[procedure](ptid, proc_date, proc_time, proc_code, proc_code_type) VALUES ('PT197', '2011-10-12', '00:00:00', 'J9310', 'HCPCS');
INSERT INTO native.Cdm_testing_optumpan.[procedure](ptid, proc_date, proc_time, proc_code, proc_code_type) VALUES ('PT197', '2013-10-12', '00:00:00', 'J9310', 'HCPCS');
-- 98: Patient has multiple PROCEDURE records, all within enrollment period, but have the same PROC_DATE and proc_code.
INSERT INTO native.Cdm_testing_optumpan.patient(ptid, birth_yr, gender, race, ethnicity, region, division, pct_college_educ, deceased_indicator, date_of_death, idn_indicator, first_month_active, last_month_active, notes_eligible, has_notes, sourceid, source_data_through) VALUES ('PT198', '1928 and Earlier', 'Female', 'Caucasian', 'Not Hispanic', 'Midwest', 'South Atl/West South Crl', '26.0', '0', '      ', '1', '201005', '201212', '1', '1', 'S0034', '201706');
INSERT INTO native.Cdm_testing_optumpan.[procedure](ptid, proc_date, proc_time, proc_code, proc_code_type) VALUES ('PT198', '2011-10-12', '00:00:00', 'J9310', 'HCPCS');
INSERT INTO native.Cdm_testing_optumpan.[procedure](ptid, proc_date, proc_time, proc_code, proc_code_type) VALUES ('PT198', '2011-10-12', '00:00:00', 'J9310', 'HCPCS');
-- 99: Patient has PROCEDURE with HCPCS proc_code that maps to a standard concept
INSERT INTO native.Cdm_testing_optumpan.patient(ptid, birth_yr, gender, race, ethnicity, region, division, pct_college_educ, deceased_indicator, date_of_death, idn_indicator, first_month_active, last_month_active, notes_eligible, has_notes, sourceid, source_data_through) VALUES ('PT199', '1928 and Earlier', 'Female', 'Caucasian', 'Not Hispanic', 'Midwest', 'South Atl/West South Crl', '26.0', '0', '      ', '1', '201005', '201212', '1', '1', 'S0034', '201706');
INSERT INTO native.Cdm_testing_optumpan.[procedure](ptid, proc_date, proc_time, proc_code, proc_code_type) VALUES ('PT199', '2011-10-12', '00:00:00', 'J9310', 'HCPCS');
-- 100: Patient has PROCEDURE with provid_perform that maps to provid
INSERT INTO native.Cdm_testing_optumpan.patient(ptid, birth_yr, gender, race, ethnicity, region, division, pct_college_educ, deceased_indicator, date_of_death, idn_indicator, first_month_active, last_month_active, notes_eligible, has_notes, sourceid, source_data_through) VALUES ('PT200', '1928 and Earlier', 'Female', 'Caucasian', 'Not Hispanic', 'Midwest', 'South Atl/West South Crl', '26.0', '0', '      ', '1', '201005', '201212', '1', '1', 'S0034', '201706');
INSERT INTO native.Cdm_testing_optumpan.provider(provid, specialty, prim_spec_ind) VALUES ('201', 'Internal Medicine', '1');
INSERT INTO native.Cdm_testing_optumpan.[procedure](ptid, proc_date, proc_time, proc_code, proc_code_type, provid_perform) VALUES ('PT200', '2011-10-12', '00:00:00', 'J9310', 'HCPCS', '201');
-- 101: NLP_DRUG_RATIONALE has valid note_date and other valid information with a valid drug_type_concept_id
INSERT INTO native.Cdm_testing_optumpan.patient(ptid, birth_yr, gender, race, ethnicity, region, division, pct_college_educ, deceased_indicator, date_of_death, idn_indicator, first_month_active, last_month_active, notes_eligible, has_notes, sourceid, source_data_through) VALUES ('PT202', '1928 and Earlier', 'Female', 'Caucasian', 'Not Hispanic', 'Midwest', 'South Atl/West South Crl', '26.0', '0', '      ', '1', '201005', '201212', '1', '1', 'S0034', '201706');
INSERT INTO native.Cdm_testing_optumpan.encounter(ptid, encid, interaction_type, interaction_date, interaction_time, academic_community_flag) VALUES ('PT202', 'E0000203', 'Inpatient', '2011-01-07', '00:00:00', 'U');
INSERT INTO native.Cdm_testing_optumpan.nlp_drug_rationale(ptid, encid, note_date, note_section, drug_name, drug_action, drug_action_preposition, reason_general) VALUES ('PT202', 'E0000203', '2011-01-07', 'MEDICATIONS', 'COUMADIN', 'TAKE', 'OF', 'stop');
-- 102: Patient has NLP_DRUG_RATIONALE with drug_action = STOP which should prevent it from being imported.
INSERT INTO native.Cdm_testing_optumpan.patient(ptid, birth_yr, gender, race, ethnicity, region, division, pct_college_educ, deceased_indicator, date_of_death, idn_indicator, first_month_active, last_month_active, notes_eligible, has_notes, sourceid, source_data_through) VALUES ('PT204', '1928 and Earlier', 'Female', 'Caucasian', 'Not Hispanic', 'Midwest', 'South Atl/West South Crl', '26.0', '0', '      ', '1', '201005', '201212', '1', '1', 'S0034', '201706');
INSERT INTO native.Cdm_testing_optumpan.encounter(ptid, encid, interaction_type, interaction_date, interaction_time, academic_community_flag) VALUES ('PT204', 'E0000205', 'Inpatient', '2011-01-07', '00:00:00', 'U');
INSERT INTO native.Cdm_testing_optumpan.nlp_drug_rationale(ptid, encid, note_date, note_section, drug_name, drug_action, drug_action_preposition, reason_general) VALUES ('PT204', 'E0000205', '2011-01-07', 'MEDICATIONS', 'COUMADIN', 'STOP', 'OF', 'stop');
-- 103: Patient has NLP_DRUG_RATIONALE with sentiment = NEED.NOT which should prevent it from being imported.
INSERT INTO native.Cdm_testing_optumpan.patient(ptid, birth_yr, gender, race, ethnicity, region, division, pct_college_educ, deceased_indicator, date_of_death, idn_indicator, first_month_active, last_month_active, notes_eligible, has_notes, sourceid, source_data_through) VALUES ('PT206', '1928 and Earlier', 'Female', 'Caucasian', 'Not Hispanic', 'Midwest', 'South Atl/West South Crl', '26.0', '0', '      ', '1', '201005', '201212', '1', '1', 'S0034', '201706');
INSERT INTO native.Cdm_testing_optumpan.encounter(ptid, encid, interaction_type, interaction_date, interaction_time, academic_community_flag) VALUES ('PT206', 'E0000207', 'Inpatient', '2011-01-07', '00:00:00', 'U');
INSERT INTO native.Cdm_testing_optumpan.nlp_drug_rationale(ptid, encid, note_date, note_section, drug_name, drug_action_preposition, reason_general, sentiment) VALUES ('PT206', 'E0000207', '2011-01-07', 'MEDICATIONS', 'COUMADIN', 'OF', 'stop', 'NEED.NOT');
-- 104: Simple Location
INSERT INTO native.Cdm_testing_optumpan.patient(ptid, birth_yr, gender, race, ethnicity, region, division, pct_college_educ, deceased_indicator, date_of_death, idn_indicator, first_month_active, last_month_active, notes_eligible, has_notes, sourceid, source_data_through) VALUES ('PT208', '1950', 'Male', 'Caucasian', 'Not Hispanic', 'REGION', 'DIVISION', '26.0', '0', '      ', '1', '200701', '201001', '1', '1', 'S0034', '201706');
-- 105: No Location Dupes
INSERT INTO native.Cdm_testing_optumpan.patient(ptid, birth_yr, gender, race, ethnicity, region, division, pct_college_educ, deceased_indicator, date_of_death, idn_indicator, first_month_active, last_month_active, notes_eligible, has_notes, sourceid, source_data_through) VALUES ('PT209', '1950', 'Male', 'Caucasian', 'Not Hispanic', 'DUPE_REGION', 'DUPE_DIVISION', '26.0', '0', '      ', '1', '200701', '201001', '1', '1', 'S0034', '201706');
INSERT INTO native.Cdm_testing_optumpan.patient(ptid, birth_yr, gender, race, ethnicity, region, division, pct_college_educ, deceased_indicator, date_of_death, idn_indicator, first_month_active, last_month_active, notes_eligible, has_notes, sourceid, source_data_through) VALUES ('PT209', '1950', 'Male', 'Caucasian', 'Not Hispanic', 'DUPE_REGION', 'DUPE_DIVISION', '26.0', '0', '      ', '1', '200701', '201001', '1', '1', 'S0034', '201706');
-- 106: When DIAGNOSIS_STATUS=Diagnosis Of and DIAGNOSIS_CD maps to DOMAIN=MEASUREMENT concept
INSERT INTO native.Cdm_testing_optumpan.patient(ptid, birth_yr, gender, race, ethnicity, region, division, pct_college_educ, deceased_indicator, date_of_death, idn_indicator, first_month_active, last_month_active, notes_eligible, has_notes, sourceid, source_data_through) VALUES ('PT210', '1950', 'Male', 'Caucasian', 'Not Hispanic', 'Midwest', 'South Atl/West South Crl', '26.0', '0', '      ', '1', '200701', '201001', '1', '1', 'S0034', '201706');
INSERT INTO native.Cdm_testing_optumpan.encounter(ptid, encid, interaction_type, interaction_date, interaction_time, academic_community_flag) VALUES ('PT210', 'E0000211', 'Inpatient', '2009-01-01', '00:00:00', 'U');
INSERT INTO native.Cdm_testing_optumpan.diagnosis(ptid, encid, diag_date, diag_time, diagnosis_cd, diagnosis_cd_type, diagnosis_status, poa, admitting_diagnosis, discharge_diagnosis, primary_diagnosis, problem_list) VALUES ('PT210', 'E0000211', '2009-01-01', '00:00:00', '7953', 'ICD9', 'Diagnosis of', '0', '0', '0', '0', 'N');
-- 107: When DIAGNOSIS_STATUS=Zachary and DIAGNOSIS_CD maps to DOMAIN=MEASUREMENT concept, should not write record
INSERT INTO native.Cdm_testing_optumpan.patient(ptid, birth_yr, gender, race, ethnicity, region, division, pct_college_educ, deceased_indicator, date_of_death, idn_indicator, first_month_active, last_month_active, notes_eligible, has_notes, sourceid, source_data_through) VALUES ('PT212', '1950', 'Male', 'Caucasian', 'Not Hispanic', 'Midwest', 'South Atl/West South Crl', '26.0', '0', '      ', '1', '200701', '201001', '1', '1', 'S0034', '201706');
INSERT INTO native.Cdm_testing_optumpan.encounter(ptid, encid, interaction_type, interaction_date, interaction_time, academic_community_flag) VALUES ('PT212', 'E0000213', 'Inpatient', '2009-01-01', '00:00:00', 'U');
INSERT INTO native.Cdm_testing_optumpan.diagnosis(ptid, encid, diag_date, diag_time, diagnosis_cd, diagnosis_cd_type, diagnosis_status, poa, admitting_diagnosis, discharge_diagnosis, primary_diagnosis, problem_list) VALUES ('PT212', 'E0000213', '2009-01-01', '00:00:00', '7953', 'ICD9', 'Zachary', '0', '0', '0', '0', 'N');
-- 108: When PRIMARY_DIAGNOSIS = 1 Then Type = 44786627
INSERT INTO native.Cdm_testing_optumpan.patient(ptid, birth_yr, gender, race, ethnicity, region, division, pct_college_educ, deceased_indicator, date_of_death, idn_indicator, first_month_active, last_month_active, notes_eligible, has_notes, sourceid, source_data_through) VALUES ('PT214', '1950', 'Male', 'Caucasian', 'Not Hispanic', 'Midwest', 'South Atl/West South Crl', '26.0', '0', '      ', '1', '200701', '201001', '1', '1', 'S0034', '201706');
INSERT INTO native.Cdm_testing_optumpan.encounter(ptid, encid, interaction_type, interaction_date, interaction_time, academic_community_flag) VALUES ('PT214', 'E0000215', 'Inpatient', '2009-01-01', '00:00:00', 'U');
INSERT INTO native.Cdm_testing_optumpan.diagnosis(ptid, encid, diag_date, diag_time, diagnosis_cd, diagnosis_cd_type, diagnosis_status, poa, admitting_diagnosis, discharge_diagnosis, primary_diagnosis, problem_list) VALUES ('PT214', 'E0000215', '2009-01-01', '00:00:00', '7953', 'ICD9', 'Diagnosis of', '0', '0', '0', '1', 'N');
-- 109: When PRIMARY_DIAGNOSIS = 6 Then Type = 44786629
INSERT INTO native.Cdm_testing_optumpan.patient(ptid, birth_yr, gender, race, ethnicity, region, division, pct_college_educ, deceased_indicator, date_of_death, idn_indicator, first_month_active, last_month_active, notes_eligible, has_notes, sourceid, source_data_through) VALUES ('PT216', '1950', 'Male', 'Caucasian', 'Not Hispanic', 'Midwest', 'South Atl/West South Crl', '26.0', '0', '      ', '1', '200701', '201001', '1', '1', 'S0034', '201706');
INSERT INTO native.Cdm_testing_optumpan.encounter(ptid, encid, interaction_type, interaction_date, interaction_time, academic_community_flag) VALUES ('PT216', 'E0000217', 'Inpatient', '2009-01-01', '00:00:00', 'U');
INSERT INTO native.Cdm_testing_optumpan.diagnosis(ptid, encid, diag_date, diag_time, diagnosis_cd, diagnosis_cd_type, diagnosis_status, poa, admitting_diagnosis, discharge_diagnosis, primary_diagnosis, problem_list) VALUES ('PT216', 'E0000217', '2009-01-01', '00:00:00', '7953', 'ICD9', 'Diagnosis of', '0', '0', '0', '6', 'N');
-- 110: MEASUREMENT_SOURCE_CONCEPT_ID for ICD9 795.3 gets mapped properly to 44828170
INSERT INTO native.Cdm_testing_optumpan.patient(ptid, birth_yr, gender, race, ethnicity, region, division, pct_college_educ, deceased_indicator, date_of_death, idn_indicator, first_month_active, last_month_active, notes_eligible, has_notes, sourceid, source_data_through) VALUES ('PT218', '1950', 'Male', 'Caucasian', 'Not Hispanic', 'Midwest', 'South Atl/West South Crl', '26.0', '0', '      ', '1', '200701', '201001', '1', '1', 'S0034', '201706');
INSERT INTO native.Cdm_testing_optumpan.encounter(ptid, encid, interaction_type, interaction_date, interaction_time, academic_community_flag) VALUES ('PT218', 'E0000219', 'Inpatient', '2009-01-01', '00:00:00', 'U');
INSERT INTO native.Cdm_testing_optumpan.diagnosis(ptid, encid, diag_date, diag_time, diagnosis_cd, diagnosis_cd_type, diagnosis_status, poa, admitting_diagnosis, discharge_diagnosis, primary_diagnosis, problem_list) VALUES ('PT218', 'E0000219', '2009-01-01', '00:00:00', '7953', 'ICD9', 'Diagnosis of', '0', '0', '0', '0', 'N');
-- 111: When DIAGNOSIS_STATUS=Diagnosis Of and Source code is a SNOMED
INSERT INTO native.Cdm_testing_optumpan.patient(ptid, birth_yr, gender, race, ethnicity, region, division, pct_college_educ, deceased_indicator, date_of_death, idn_indicator, first_month_active, last_month_active, notes_eligible, has_notes, sourceid, source_data_through) VALUES ('PT220', '1950', 'Male', 'Caucasian', 'Not Hispanic', 'Midwest', 'South Atl/West South Crl', '26.0', '0', '      ', '1', '200701', '201001', '1', '1', 'S0034', '201706');
INSERT INTO native.Cdm_testing_optumpan.encounter(ptid, encid, interaction_type, interaction_date, interaction_time, academic_community_flag) VALUES ('PT220', 'E0000221', 'Inpatient', '2009-01-01', '00:00:00', 'U');
INSERT INTO native.Cdm_testing_optumpan.diagnosis(ptid, encid, diag_date, diag_time, diagnosis_cd, diagnosis_cd_type, diagnosis_status, poa, admitting_diagnosis, discharge_diagnosis, primary_diagnosis, problem_list) VALUES ('PT220', 'E0000221', '2009-01-01', '00:00:00', '145003003', 'SNOMED', 'Diagnosis of', '0', '0', '0', '0', 'N');
-- 112: Test numeric result and SOURCE_CONCEPT_ID = 0
INSERT INTO native.Cdm_testing_optumpan.patient(ptid, birth_yr, gender, race, ethnicity, region, division, pct_college_educ, deceased_indicator, date_of_death, idn_indicator, first_month_active, last_month_active, notes_eligible, has_notes, sourceid, source_data_through) VALUES ('PT222', '1950', 'Male', 'Caucasian', 'Not Hispanic', 'Midwest', 'South Atl/West South Crl', '26.0', '0', '      ', '1', '200701', '201001', '1', '1', 'S0034', '201706');
INSERT INTO native.Cdm_testing_optumpan.encounter(ptid, encid, interaction_type, interaction_date, interaction_time, academic_community_flag) VALUES ('PT222', 'E0000223', 'Inpatient', '2009-01-01', '00:00:00', 'U');
INSERT INTO native.Cdm_testing_optumpan.labs(ptid, encid, test_name, test_type, result_date, result_time, test_result, result_unit, evaluated_for_range, value_within_range) VALUES ('PT222', 'E0000223', 'Oxygen saturation (SpO2).pulse oximetry', 'CHEMISTRY', '2009-01-01', '00:00:00', '100', '%', 'Y', 'Y');
-- 113: Test non-numeric result and SOURCE_CONCEPT_ID = 0
INSERT INTO native.Cdm_testing_optumpan.patient(ptid, birth_yr, gender, race, ethnicity, region, division, pct_college_educ, deceased_indicator, date_of_death, idn_indicator, first_month_active, last_month_active, notes_eligible, has_notes, sourceid, source_data_through) VALUES ('PT224', '1950', 'Male', 'Caucasian', 'Not Hispanic', 'Midwest', 'South Atl/West South Crl', '26.0', '0', '      ', '1', '200701', '201001', '1', '1', 'S0034', '201706');
INSERT INTO native.Cdm_testing_optumpan.encounter(ptid, encid, interaction_type, interaction_date, interaction_time, academic_community_flag) VALUES ('PT224', 'E0000225', 'Inpatient', '2009-01-01', '00:00:00', 'U');
INSERT INTO native.Cdm_testing_optumpan.labs(ptid, encid, test_name, test_type, result_date, result_time, test_result, result_unit, evaluated_for_range, value_within_range) VALUES ('PT224', 'E0000225', 'Oxygen saturation (SpO2).pulse oximetry', 'CHEMISTRY', '2009-01-01', '00:00:00', 'positive', '%', 'Y', 'Y');
-- 114: Test valid operator gets an OPERATOR_CONCEPT_ID
INSERT INTO native.Cdm_testing_optumpan.patient(ptid, birth_yr, gender, race, ethnicity, region, division, pct_college_educ, deceased_indicator, date_of_death, idn_indicator, first_month_active, last_month_active, notes_eligible, has_notes, sourceid, source_data_through) VALUES ('PT226', '1950', 'Male', 'Caucasian', 'Not Hispanic', 'Midwest', 'South Atl/West South Crl', '26.0', '0', '      ', '1', '200701', '201001', '1', '1', 'S0034', '201706');
INSERT INTO native.Cdm_testing_optumpan.encounter(ptid, encid, interaction_type, interaction_date, interaction_time, academic_community_flag) VALUES ('PT226', 'E0000227', 'Inpatient', '2009-01-01', '00:00:00', 'U');
INSERT INTO native.Cdm_testing_optumpan.labs(ptid, encid, test_name, test_type, result_date, result_time, test_result, relative_indicator, result_unit, evaluated_for_range, value_within_range) VALUES ('PT226', 'E0000227', 'O2 saturation.oximetry', 'CHEMISTRY', '2009-01-01', '00:00:00', '100', '<=', '%', 'Y', 'Y');
-- 115: Test invalid operator gets an OPERATOR_CONCEPT_ID
INSERT INTO native.Cdm_testing_optumpan.patient(ptid, birth_yr, gender, race, ethnicity, region, division, pct_college_educ, deceased_indicator, date_of_death, idn_indicator, first_month_active, last_month_active, notes_eligible, has_notes, sourceid, source_data_through) VALUES ('PT228', '1950', 'Male', 'Caucasian', 'Not Hispanic', 'Midwest', 'South Atl/West South Crl', '26.0', '0', '      ', '1', '200701', '201001', '1', '1', 'S0034', '201706');
INSERT INTO native.Cdm_testing_optumpan.encounter(ptid, encid, interaction_type, interaction_date, interaction_time, academic_community_flag) VALUES ('PT228', 'E0000229', 'Inpatient', '2009-01-01', '00:00:00', 'U');
INSERT INTO native.Cdm_testing_optumpan.labs(ptid, encid, test_name, test_type, result_date, result_time, test_result, relative_indicator, result_unit, evaluated_for_range, value_within_range) VALUES ('PT228', 'E0000229', 'O2 saturation.oximetry', 'CHEMISTRY', '2009-01-01', '00:00:00', '100', 'ZA', '%', 'Y', 'Y');
-- 116: map case-sensitive UCUM vocabulary to UNIT_CONCEPT_ID, row count right
INSERT INTO native.Cdm_testing_optumpan.patient(ptid, birth_yr, gender, race, ethnicity, region, division, pct_college_educ, deceased_indicator, date_of_death, idn_indicator, first_month_active, last_month_active, notes_eligible, has_notes, sourceid, source_data_through) VALUES ('PT230', '1950', 'Male', 'Caucasian', 'Not Hispanic', 'Midwest', 'South Atl/West South Crl', '26.0', '0', '      ', '1', '200701', '201001', '1', '1', 'S0034', '201706');
INSERT INTO native.Cdm_testing_optumpan.encounter(ptid, encid, interaction_type, interaction_date, interaction_time, academic_community_flag) VALUES ('PT230', 'E0000231', 'Inpatient', '2009-01-01', '00:00:00', 'U');
INSERT INTO native.Cdm_testing_optumpan.labs(ptid, encid, test_name, test_type, result_date, result_time, test_result, result_unit, evaluated_for_range, value_within_range) VALUES ('PT230', 'E0000231', 'O2 saturation.oximetry', 'CHEMISTRY', '2009-01-01', '00:00:00', '100', 'pH', 'Y', 'Y');
-- 117: Test when normal range has a hyphen
INSERT INTO native.Cdm_testing_optumpan.patient(ptid, birth_yr, gender, race, ethnicity, region, division, pct_college_educ, deceased_indicator, date_of_death, idn_indicator, first_month_active, last_month_active, notes_eligible, has_notes, sourceid, source_data_through) VALUES ('PT232', '1950', 'Male', 'Caucasian', 'Not Hispanic', 'Midwest', 'South Atl/West South Crl', '26.0', '0', '      ', '1', '200701', '201001', '1', '1', 'S0034', '201706');
INSERT INTO native.Cdm_testing_optumpan.encounter(ptid, encid, interaction_type, interaction_date, interaction_time, academic_community_flag) VALUES ('PT232', 'E0000233', 'Inpatient', '2009-01-01', '00:00:00', 'U');
INSERT INTO native.Cdm_testing_optumpan.labs(ptid, encid, test_name, test_type, result_date, result_time, test_result, result_unit, normal_range, evaluated_for_range, value_within_range) VALUES ('PT232', 'E0000233', 'O2 saturation.oximetry', 'CHEMISTRY', '2009-01-01', '00:00:00', '100', '%', '55-65', 'Y', 'Y');
-- 118: Test when normal range does not have a hyphen
INSERT INTO native.Cdm_testing_optumpan.patient(ptid, birth_yr, gender, race, ethnicity, region, division, pct_college_educ, deceased_indicator, date_of_death, idn_indicator, first_month_active, last_month_active, notes_eligible, has_notes, sourceid, source_data_through) VALUES ('PT234', '1950', 'Male', 'Caucasian', 'Not Hispanic', 'Midwest', 'South Atl/West South Crl', '26.0', '0', '      ', '1', '200701', '201001', '1', '1', 'S0034', '201706');
INSERT INTO native.Cdm_testing_optumpan.encounter(ptid, encid, interaction_type, interaction_date, interaction_time, academic_community_flag) VALUES ('PT234', 'E0000235', 'Inpatient', '2009-01-01', '00:00:00', 'U');
INSERT INTO native.Cdm_testing_optumpan.labs(ptid, encid, test_name, test_type, result_date, result_time, test_result, result_unit, normal_range, evaluated_for_range, value_within_range) VALUES ('PT234', 'E0000235', 'O2 saturation.oximetry', 'CHEMISTRY', '2009-01-01', '00:00:00', '100', '%', '55', 'Y', 'Y');
-- 119: MEASUREMENT_TYPE gets properly mapped to a CONCEPT_ID from NLP_MEASUREMENT
INSERT INTO native.Cdm_testing_optumpan.patient(ptid, birth_yr, gender, race, ethnicity, region, division, pct_college_educ, deceased_indicator, date_of_death, idn_indicator, first_month_active, last_month_active, notes_eligible, has_notes, sourceid, source_data_through) VALUES ('PT236', '1950', 'Male', 'Caucasian', 'Not Hispanic', 'Midwest', 'South Atl/West South Crl', '26.0', '0', '      ', '1', '200701', '201001', '1', '1', 'S0034', '201706');
INSERT INTO native.Cdm_testing_optumpan.encounter(ptid, encid, interaction_type, interaction_date, interaction_time, academic_community_flag) VALUES ('PT236', 'E0000237', 'Inpatient', '2009-01-01', '00:00:00', 'U');
INSERT INTO native.Cdm_testing_optumpan.nlp_measurement(ptid, encid, note_date, measurement_type, measurement_value, measurement_date) VALUES ('PT236', 'E0000237', '2015-02-22', 'WEIGHT', '100', '2009-01-01');
-- 120: Non-numeric MEASUREMENT_VALUE from NLP_MEASUREMENT
INSERT INTO native.Cdm_testing_optumpan.patient(ptid, birth_yr, gender, race, ethnicity, region, division, pct_college_educ, deceased_indicator, date_of_death, idn_indicator, first_month_active, last_month_active, notes_eligible, has_notes, sourceid, source_data_through) VALUES ('PT238', '1950', 'Male', 'Caucasian', 'Not Hispanic', 'Midwest', 'South Atl/West South Crl', '26.0', '0', '      ', '1', '200701', '201001', '1', '1', 'S0034', '201706');
INSERT INTO native.Cdm_testing_optumpan.encounter(ptid, encid, interaction_type, interaction_date, interaction_time, academic_community_flag) VALUES ('PT238', 'E0000239', 'Inpatient', '2009-01-01', '00:00:00', 'U');
INSERT INTO native.Cdm_testing_optumpan.nlp_measurement(ptid, encid, note_date, measurement_type, measurement_value, measurement_date) VALUES ('PT238', 'E0000239', '2015-02-22', 'WEIGHT', 'positive', '2009-01-01');
-- 121: Measurement_detail gets mapped properly to a case sensitive UCUM from NLP_MEASUREMENT
INSERT INTO native.Cdm_testing_optumpan.patient(ptid, birth_yr, gender, race, ethnicity, region, division, pct_college_educ, deceased_indicator, date_of_death, idn_indicator, first_month_active, last_month_active, notes_eligible, has_notes, sourceid, source_data_through) VALUES ('PT240', '1950', 'Male', 'Caucasian', 'Not Hispanic', 'Midwest', 'South Atl/West South Crl', '26.0', '0', '      ', '1', '200701', '201001', '1', '1', 'S0034', '201706');
INSERT INTO native.Cdm_testing_optumpan.encounter(ptid, encid, interaction_type, interaction_date, interaction_time, academic_community_flag) VALUES ('PT240', 'E0000241', 'Inpatient', '2009-01-01', '00:00:00', 'U');
INSERT INTO native.Cdm_testing_optumpan.nlp_measurement(ptid, encid, note_date, measurement_type, measurement_value, measurement_detail, measurement_date) VALUES ('PT240', 'E0000241', '2015-02-22', 'WEIGHT', 'positive', 'pH', '2009-01-01');
-- 122: Test that a mappable OBS_TYPE gets a CONCEPT_ID from OBSERVATIONS
INSERT INTO native.Cdm_testing_optumpan.patient(ptid, birth_yr, gender, race, ethnicity, region, division, pct_college_educ, deceased_indicator, date_of_death, idn_indicator, first_month_active, last_month_active, notes_eligible, has_notes, sourceid, source_data_through) VALUES ('PT242', '1950', 'Male', 'Caucasian', 'Not Hispanic', 'Midwest', 'South Atl/West South Crl', '26.0', '0', '      ', '1', '200701', '201001', '1', '1', 'S0034', '201706');
INSERT INTO native.Cdm_testing_optumpan.encounter(ptid, encid, interaction_type, interaction_date, interaction_time, academic_community_flag) VALUES ('PT242', 'E0000243', 'Inpatient', '2009-01-01', '00:00:00', 'U');
INSERT INTO native.Cdm_testing_optumpan.observations(ptid, encid, obs_type, nlp, obs_date, obs_time, obs_result, obs_unit, evaluated_for_range, value_within_range) VALUES ('PT242', 'E0000243', 'SBP', 'N', '2009-01-01', '00:00:00', '18', 'mm Hg', 'N', 'U');
-- 123: Test that an unmappable OBS_TYPE gets a 0 CONCEPT_ID write a record to OBSERVATION table
INSERT INTO native.Cdm_testing_optumpan.patient(ptid, birth_yr, gender, race, ethnicity, region, division, pct_college_educ, deceased_indicator, date_of_death, idn_indicator, first_month_active, last_month_active, notes_eligible, has_notes, sourceid, source_data_through) VALUES ('PT244', '1950', 'Male', 'Caucasian', 'Not Hispanic', 'Midwest', 'South Atl/West South Crl', '26.0', '0', '      ', '1', '200701', '201001', '1', '1', 'S0034', '201706');
INSERT INTO native.Cdm_testing_optumpan.encounter(ptid, encid, interaction_type, interaction_date, interaction_time, academic_community_flag) VALUES ('PT244', 'E0000245', 'Inpatient', '2009-01-01', '00:00:00', 'U');
INSERT INTO native.Cdm_testing_optumpan.observations(ptid, encid, obs_type, nlp, obs_date, obs_time, obs_result, obs_unit, evaluated_for_range, value_within_range) VALUES ('PT244', 'E0000245', 'Zach', 'N', '2009-01-01', '00:00:00', '18', 'mm Hg', 'N', 'U');
-- 124: Test UNIT_CONCEPT_ID gets mapped from OBSERVATIONS
INSERT INTO native.Cdm_testing_optumpan.patient(ptid, birth_yr, gender, race, ethnicity, region, division, pct_college_educ, deceased_indicator, date_of_death, idn_indicator, first_month_active, last_month_active, notes_eligible, has_notes, sourceid, source_data_through) VALUES ('PT246', '1950', 'Male', 'Caucasian', 'Not Hispanic', 'Midwest', 'South Atl/West South Crl', '26.0', '0', '      ', '1', '200701', '201001', '1', '1', 'S0034', '201706');
INSERT INTO native.Cdm_testing_optumpan.encounter(ptid, encid, interaction_type, interaction_date, interaction_time, academic_community_flag) VALUES ('PT246', 'E0000247', 'Inpatient', '2009-01-01', '00:00:00', 'U');
INSERT INTO native.Cdm_testing_optumpan.observations(ptid, encid, obs_type, nlp, obs_date, obs_time, obs_result, obs_unit, evaluated_for_range, value_within_range) VALUES ('PT246', 'E0000247', 'SBP', 'N', '2009-01-01', '00:00:00', 'rare', 'pH', 'N', 'U');
-- 125: Tests if 2 patient durations (where second is subsumed by the first) results in a single observation period
INSERT INTO native.Cdm_testing_optumpan.patient(ptid, birth_yr, gender, race, ethnicity, region, division, pct_college_educ, deceased_indicator, date_of_death, idn_indicator, first_month_active, last_month_active, notes_eligible, has_notes, sourceid, source_data_through) VALUES ('PT248', '1928 and Earlier', 'Female', 'Caucasian', 'Not Hispanic', 'Midwest', 'South Atl/West South Crl', '26.0', '0', '      ', '1', '201005', '201412', '1', '1', 'S0034', '201706');
INSERT INTO native.Cdm_testing_optumpan.patient(ptid, birth_yr, gender, race, ethnicity, region, division, pct_college_educ, deceased_indicator, date_of_death, idn_indicator, first_month_active, last_month_active, notes_eligible, has_notes, sourceid, source_data_through) VALUES ('PT248', '1928 and Earlier', 'Female', 'Caucasian', 'Not Hispanic', 'Midwest', 'South Atl/West South Crl', '26.0', '0', '      ', '1', '201006', '201411', '1', '1', 'S0034', '201706');
-- 126: Tests if 2 patient durations (where second is within 30 days of first) results in a single observation period
INSERT INTO native.Cdm_testing_optumpan.patient(ptid, birth_yr, gender, race, ethnicity, region, division, pct_college_educ, deceased_indicator, date_of_death, idn_indicator, first_month_active, last_month_active, notes_eligible, has_notes, sourceid, source_data_through) VALUES ('PT249', '1928 and Earlier', 'Female', 'Caucasian', 'Not Hispanic', 'Midwest', 'South Atl/West South Crl', '26.0', '0', '      ', '1', '200005', '200512', '1', '1', 'S0034', '201706');
INSERT INTO native.Cdm_testing_optumpan.patient(ptid, birth_yr, gender, race, ethnicity, region, division, pct_college_educ, deceased_indicator, date_of_death, idn_indicator, first_month_active, last_month_active, notes_eligible, has_notes, sourceid, source_data_through) VALUES ('PT249', '1928 and Earlier', 'Female', 'Caucasian', 'Not Hispanic', 'Midwest', 'South Atl/West South Crl', '26.0', '0', '      ', '1', '200601', '201112', '1', '1', 'S0034', '201706');
-- 127: Tests if 2 patient durations (where second starts 33 days after first) results in two observation periods
INSERT INTO native.Cdm_testing_optumpan.patient(ptid, birth_yr, gender, race, ethnicity, region, division, pct_college_educ, deceased_indicator, date_of_death, idn_indicator, first_month_active, last_month_active, notes_eligible, has_notes, sourceid, source_data_through) VALUES ('PT250', '1928 and Earlier', 'Female', 'Caucasian', 'Not Hispanic', 'Midwest', 'South Atl/West South Crl', '26.0', '0', '      ', '1', '200104', '200612', '1', '1', 'S0034', '201706');
INSERT INTO native.Cdm_testing_optumpan.patient(ptid, birth_yr, gender, race, ethnicity, region, division, pct_college_educ, deceased_indicator, date_of_death, idn_indicator, first_month_active, last_month_active, notes_eligible, has_notes, sourceid, source_data_through) VALUES ('PT250', '1928 and Earlier', 'Female', 'Caucasian', 'Not Hispanic', 'Midwest', 'South Atl/West South Crl', '26.0', '0', '      ', '1', '200005', '200012', '1', '1', 'S0034', '201706');
-- 128: Patient duration is 1 month
INSERT INTO native.Cdm_testing_optumpan.patient(ptid, birth_yr, gender, race, ethnicity, region, division, pct_college_educ, deceased_indicator, date_of_death, idn_indicator, first_month_active, last_month_active, notes_eligible, has_notes, sourceid, source_data_through) VALUES ('PT251', '1928 and Earlier', 'Female', 'Caucasian', 'Not Hispanic', 'Midwest', 'South Atl/West South Crl', '26.0', '0', '      ', '1', '201305', '201305', '1', '1', 'S0034', '201706');
-- 129: Patient has 1 valid OBSERVATIONS record within the enrollment period. Validate that the obs_date maps to the observation_date field properly.
INSERT INTO native.Cdm_testing_optumpan.patient(ptid, birth_yr, gender, race, ethnicity, region, division, pct_college_educ, deceased_indicator, date_of_death, idn_indicator, first_month_active, last_month_active, notes_eligible, has_notes, sourceid, source_data_through) VALUES ('PT252', '1950', 'Male', 'Caucasian', 'Not Hispanic', 'Midwest', 'South Atl/West South Crl', '26.0', '0', '      ', '1', '200701', '201001', '1', '1', 'S0034', '201706');
INSERT INTO native.Cdm_testing_optumpan.observations(ptid, obs_type, nlp, obs_date, obs_time, obs_result, obs_unit, evaluated_for_range, value_within_range) VALUES ('PT252', 'SBP', 'N', '2009-01-01', '00:00:00', '18', 'mm Hg', 'N', 'U');
-- 130: Patient has 2 OBSERVATIONS records, the first within the enrollment period, the second outside of enrollment.
INSERT INTO native.Cdm_testing_optumpan.patient(ptid, birth_yr, gender, race, ethnicity, region, division, pct_college_educ, deceased_indicator, date_of_death, idn_indicator, first_month_active, last_month_active, notes_eligible, has_notes, sourceid, source_data_through) VALUES ('PT253', '1950', 'Male', 'Caucasian', 'Not Hispanic', 'Midwest', 'South Atl/West South Crl', '26.0', '0', '      ', '1', '200701', '201001', '1', '1', 'S0034', '201706');
INSERT INTO native.Cdm_testing_optumpan.observations(ptid, obs_type, nlp, obs_date, obs_time, obs_result, obs_unit, evaluated_for_range, value_within_range) VALUES ('PT253', 'SBP', 'N', '2009-01-01', '00:00:00', '18', 'mm Hg', 'N', 'U');
INSERT INTO native.Cdm_testing_optumpan.observations(ptid, obs_type, nlp, obs_date, obs_time, obs_result, obs_unit, evaluated_for_range, value_within_range) VALUES ('PT253', 'SBP', 'N', '2015-01-01', '00:00:00', '18', 'mm Hg', 'N', 'U');
-- 131: Patient has multiple OBSERVATIONS records, all within enrollment period
INSERT INTO native.Cdm_testing_optumpan.patient(ptid, birth_yr, gender, race, ethnicity, region, division, pct_college_educ, deceased_indicator, date_of_death, idn_indicator, first_month_active, last_month_active, notes_eligible, has_notes, sourceid, source_data_through) VALUES ('PT254', '1950', 'Male', 'Caucasian', 'Not Hispanic', 'Midwest', 'South Atl/West South Crl', '26.0', '0', '      ', '1', '200701', '201001', '1', '1', 'S0034', '201706');
INSERT INTO native.Cdm_testing_optumpan.observations(ptid, obs_type, nlp, obs_date, obs_time, obs_result, obs_unit, evaluated_for_range, value_within_range) VALUES ('PT254', 'ALCOHOL', 'N', '2009-01-01', '00:00:00', '18', 'mm Hg', 'N', 'U');
INSERT INTO native.Cdm_testing_optumpan.observations(ptid, obs_type, nlp, obs_date, obs_time, obs_result, obs_unit, evaluated_for_range, value_within_range) VALUES ('PT254', 'ALCOHOL', 'N', '2009-01-01', '00:00:00', '18', 'mm Hg', 'N', 'U');
-- 132: Patient has OBSERVATIONS record; validate the encid mapping to visit_occurrence_id
INSERT INTO native.Cdm_testing_optumpan.patient(ptid, birth_yr, gender, race, ethnicity, region, division, pct_college_educ, deceased_indicator, date_of_death, idn_indicator, first_month_active, last_month_active, notes_eligible, has_notes, sourceid, source_data_through) VALUES ('PT255', '1950', 'Male', 'Caucasian', 'Not Hispanic', 'Midwest', 'South Atl/West South Crl', '26.0', '0', '      ', '1', '200701', '201001', '1', '1', 'S0034', '201706');
INSERT INTO native.Cdm_testing_optumpan.encounter(ptid, encid, interaction_type, interaction_date, interaction_time, academic_community_flag) VALUES ('PT255', 'E0000256', 'Inpatient', '2009-01-01', '00:00:00', 'U');
INSERT INTO native.Cdm_testing_optumpan.observations(ptid, encid, obs_type, nlp, obs_date, obs_time, obs_result, obs_unit, evaluated_for_range, value_within_range) VALUES ('PT255', 'E0000256', 'SBP', 'N', '2009-01-01', '00:00:00', '18', 'mm Hg', 'N', 'U');
-- 133: Patient has OBSERVATIONS record; validate the obs_type mapping found in the STCM to observation_concept_id
INSERT INTO native.Cdm_testing_optumpan.patient(ptid, birth_yr, gender, race, ethnicity, region, division, pct_college_educ, deceased_indicator, date_of_death, idn_indicator, first_month_active, last_month_active, notes_eligible, has_notes, sourceid, source_data_through) VALUES ('PT257', '1950', 'Male', 'Caucasian', 'Not Hispanic', 'Midwest', 'South Atl/West South Crl', '26.0', '0', '      ', '1', '200701', '201001', '1', '1', 'S0034', '201706');
INSERT INTO native.Cdm_testing_optumpan.observations(ptid, obs_type, nlp, obs_date, obs_time, obs_result, obs_unit, evaluated_for_range, value_within_range) VALUES ('PT257', 'ALCOHOL', 'N', '2009-01-01', '00:00:00', '18', 'mm Hg', 'N', 'U');
-- 134: Patient has OBSERVATIONS record; validate the obs_type mapping NOT found in the STCM maps to observation_concept_id = 0
INSERT INTO native.Cdm_testing_optumpan.patient(ptid, birth_yr, gender, race, ethnicity, region, division, pct_college_educ, deceased_indicator, date_of_death, idn_indicator, first_month_active, last_month_active, notes_eligible, has_notes, sourceid, source_data_through) VALUES ('PT258', '1950', 'Male', 'Caucasian', 'Not Hispanic', 'Midwest', 'South Atl/West South Crl', '26.0', '0', '      ', '1', '200701', '201001', '1', '1', 'S0034', '201706');
INSERT INTO native.Cdm_testing_optumpan.observations(ptid, obs_type, nlp, obs_date, obs_time, obs_result, obs_unit, evaluated_for_range, value_within_range) VALUES ('PT258', 'SBP', 'N', '2009-01-01', '00:00:00', '18', 'mm Hg', 'N', 'U');
-- 135: Patient has OBSERVATIONS record; validate the observation_type_concept_id is populated correctly
INSERT INTO native.Cdm_testing_optumpan.patient(ptid, birth_yr, gender, race, ethnicity, region, division, pct_college_educ, deceased_indicator, date_of_death, idn_indicator, first_month_active, last_month_active, notes_eligible, has_notes, sourceid, source_data_through) VALUES ('PT259', '1950', 'Male', 'Caucasian', 'Not Hispanic', 'Midwest', 'South Atl/West South Crl', '26.0', '0', '      ', '1', '200701', '201001', '1', '1', 'S0034', '201706');
INSERT INTO native.Cdm_testing_optumpan.observations(ptid, obs_type, nlp, obs_date, obs_time, obs_result, obs_unit, evaluated_for_range, value_within_range) VALUES ('PT259', 'SBP', 'N', '2009-01-01', '00:00:00', '18', 'mm Hg', 'N', 'U');
-- 136: Patient has OBSERVATIONS record; validate the obs_time is mapped to observation_time
INSERT INTO native.Cdm_testing_optumpan.patient(ptid, birth_yr, gender, race, ethnicity, region, division, pct_college_educ, deceased_indicator, date_of_death, idn_indicator, first_month_active, last_month_active, notes_eligible, has_notes, sourceid, source_data_through) VALUES ('PT260', '1950', 'Male', 'Caucasian', 'Not Hispanic', 'Midwest', 'South Atl/West South Crl', '26.0', '0', '      ', '1', '200701', '201001', '1', '1', 'S0034', '201706');
INSERT INTO native.Cdm_testing_optumpan.observations(ptid, obs_type, nlp, obs_date, obs_time, obs_result, obs_unit, evaluated_for_range, value_within_range) VALUES ('PT260', 'SBP', 'N', '2009-01-01', '14:30:00', '18', 'mm Hg', 'N', 'U');
-- 137: Patient has OBSERVATIONS record; validate the obs_result is mapped to value_as_number when obs_result can be cast to a numeric
INSERT INTO native.Cdm_testing_optumpan.patient(ptid, birth_yr, gender, race, ethnicity, region, division, pct_college_educ, deceased_indicator, date_of_death, idn_indicator, first_month_active, last_month_active, notes_eligible, has_notes, sourceid, source_data_through) VALUES ('PT261', '1950', 'Male', 'Caucasian', 'Not Hispanic', 'Midwest', 'South Atl/West South Crl', '26.0', '0', '      ', '1', '200701', '201001', '1', '1', 'S0034', '201706');
INSERT INTO native.Cdm_testing_optumpan.observations(ptid, obs_type, nlp, obs_date, obs_time, obs_result, obs_unit, evaluated_for_range, value_within_range) VALUES ('PT261', 'SBP', 'N', '2009-01-01', '00:00:00', '100', 'mm Hg', 'N', 'U');
-- 138: Patient has OBSERVATIONS record; validate the obs_result is mapped to value_as_string when obs_result CANNOT be cast to a numeric
INSERT INTO native.Cdm_testing_optumpan.patient(ptid, birth_yr, gender, race, ethnicity, region, division, pct_college_educ, deceased_indicator, date_of_death, idn_indicator, first_month_active, last_month_active, notes_eligible, has_notes, sourceid, source_data_through) VALUES ('PT262', '1950', 'Male', 'Caucasian', 'Not Hispanic', 'Midwest', 'South Atl/West South Crl', '26.0', '0', '      ', '1', '200701', '201001', '1', '1', 'S0034', '201706');
INSERT INTO native.Cdm_testing_optumpan.observations(ptid, obs_type, nlp, obs_date, obs_time, obs_result, obs_unit, evaluated_for_range, value_within_range) VALUES ('PT262', 'SBP', 'N', '2009-01-01', '00:00:00', 'One Hundred', 'mm Hg', 'N', 'U');
-- 139: Patient has OBSERVATIONS record; validate the obs_unit is mapped to unit_source_value AND a valid unit_concept_id when it matches a concept in the UCUM vocabulary
INSERT INTO native.Cdm_testing_optumpan.patient(ptid, birth_yr, gender, race, ethnicity, region, division, pct_college_educ, deceased_indicator, date_of_death, idn_indicator, first_month_active, last_month_active, notes_eligible, has_notes, sourceid, source_data_through) VALUES ('PT263', '1950', 'Male', 'Caucasian', 'Not Hispanic', 'Midwest', 'South Atl/West South Crl', '26.0', '0', '      ', '1', '200701', '201001', '1', '1', 'S0034', '201706');
INSERT INTO native.Cdm_testing_optumpan.observations(ptid, obs_type, nlp, obs_date, obs_time, obs_result, obs_unit, evaluated_for_range, value_within_range) VALUES ('PT263', 'SBP', 'N', '2009-01-01', '00:00:00', '18', 'kilogram', 'N', 'U');
-- 140: Patient has OBSERVATIONS record; validate the obs_unit is mapped to unit_source_value AND unit_concept_id = 0 when it matches a concept in the UCUM vocabulary
INSERT INTO native.Cdm_testing_optumpan.patient(ptid, birth_yr, gender, race, ethnicity, region, division, pct_college_educ, deceased_indicator, date_of_death, idn_indicator, first_month_active, last_month_active, notes_eligible, has_notes, sourceid, source_data_through) VALUES ('PT264', '1950', 'Male', 'Caucasian', 'Not Hispanic', 'Midwest', 'South Atl/West South Crl', '26.0', '0', '      ', '1', '200701', '201001', '1', '1', 'S0034', '201706');
INSERT INTO native.Cdm_testing_optumpan.observations(ptid, obs_type, nlp, obs_date, obs_time, obs_result, obs_unit, evaluated_for_range, value_within_range) VALUES ('PT264', 'SBP', 'N', '2009-01-01', '00:00:00', '18', 'kg', 'N', 'U');
-- 141: Patient has OBSERVATIONS record; validate the obs_unit is mapped to unit_source_value AND unit_concept_id = 0 when it does not match a standard concept in the UCUM vocabulary
INSERT INTO native.Cdm_testing_optumpan.patient(ptid, birth_yr, gender, race, ethnicity, region, division, pct_college_educ, deceased_indicator, date_of_death, idn_indicator, first_month_active, last_month_active, notes_eligible, has_notes, sourceid, source_data_through) VALUES ('PT265', '1950', 'Male', 'Caucasian', 'Not Hispanic', 'Midwest', 'South Atl/West South Crl', '26.0', '0', '      ', '1', '200701', '201001', '1', '1', 'S0034', '201706');
INSERT INTO native.Cdm_testing_optumpan.observations(ptid, obs_type, nlp, obs_date, obs_time, obs_result, obs_unit, evaluated_for_range, value_within_range) VALUES ('PT265', 'SBP', 'N', '2009-01-01', '00:00:00', '18', 'TEST_UNIT', 'N', 'U');
-- 168: Tests Unknown gender does not get loaded
INSERT INTO native.Cdm_testing_optumpan.patient(ptid, birth_yr, gender, race, ethnicity, region, division, pct_college_educ, deceased_indicator, date_of_death, idn_indicator, first_month_active, last_month_active, notes_eligible, has_notes, sourceid, source_data_through) VALUES ('PT318', '1950', 'Unknown', 'Caucasian', 'Not Hispanic', 'Midwest', 'South Atl/West South Crl', '26.0', '0', '      ', '1', '200701', '201001', '1', '1', 'S0034', '201706');
-- 169: Tests Male gender
INSERT INTO native.Cdm_testing_optumpan.patient(ptid, birth_yr, gender, race, ethnicity, region, division, pct_college_educ, deceased_indicator, date_of_death, idn_indicator, first_month_active, last_month_active, notes_eligible, has_notes, sourceid, source_data_through) VALUES ('PT319', '1950', 'Male', 'Caucasian', 'Not Hispanic', 'Midwest', 'South Atl/West South Crl', '26.0', '0', '      ', '1', '200701', '201001', '1', '1', 'S0034', '201706');
-- 170: Tests Female gender
INSERT INTO native.Cdm_testing_optumpan.patient(ptid, birth_yr, gender, race, ethnicity, region, division, pct_college_educ, deceased_indicator, date_of_death, idn_indicator, first_month_active, last_month_active, notes_eligible, has_notes, sourceid, source_data_through) VALUES ('PT320', '1950', 'Female', 'Caucasian', 'Not Hispanic', 'Midwest', 'South Atl/West South Crl', '26.0', '0', '      ', '1', '200701', '201001', '1', '1', 'S0034', '201706');
-- 171: Tests Unknown birth year
INSERT INTO native.Cdm_testing_optumpan.patient(ptid, birth_yr, gender, race, ethnicity, region, division, pct_college_educ, deceased_indicator, date_of_death, idn_indicator, first_month_active, last_month_active, notes_eligible, has_notes, sourceid, source_data_through) VALUES ('PT321', 'Unknown', 'Male', 'Caucasian', 'Not Hispanic', 'Midwest', 'South Atl/West South Crl', '26.0', '0', '      ', '1', '200701', '201001', '1', '1', 'S0034', '201706');
-- 172: Tests 1928 and earlier birth year
INSERT INTO native.Cdm_testing_optumpan.patient(ptid, birth_yr, gender, race, ethnicity, region, division, pct_college_educ, deceased_indicator, date_of_death, idn_indicator, first_month_active, last_month_active, notes_eligible, has_notes, sourceid, source_data_through) VALUES ('PT322', '1928 and earlier', 'Male', 'Caucasian', 'Not Hispanic', 'Midwest', 'South Atl/West South Crl', '26.0', '0', '      ', '1', '200701', '201001', '1', '1', 'S0034', '201706');
-- 173: Tests 1930 birth year
INSERT INTO native.Cdm_testing_optumpan.patient(ptid, birth_yr, gender, race, ethnicity, region, division, pct_college_educ, deceased_indicator, date_of_death, idn_indicator, first_month_active, last_month_active, notes_eligible, has_notes, sourceid, source_data_through) VALUES ('PT323', '1930', 'Male', 'Caucasian', 'Not Hispanic', 'Midwest', 'South Atl/West South Crl', '26.0', '0', '      ', '1', '200701', '201001', '1', '1', 'S0034', '201706');
-- 174: Tests Asian race
INSERT INTO native.Cdm_testing_optumpan.patient(ptid, birth_yr, gender, race, ethnicity, region, division, pct_college_educ, deceased_indicator, date_of_death, idn_indicator, first_month_active, last_month_active, notes_eligible, has_notes, sourceid, source_data_through) VALUES ('PT324', '1950', 'Male', 'Asian', 'Not Hispanic', 'Midwest', 'South Atl/West South Crl', '26.0', '0', '      ', '1', '200701', '201001', '1', '1', 'S0034', '201706');
-- 175: Tests African American race
INSERT INTO native.Cdm_testing_optumpan.patient(ptid, birth_yr, gender, race, ethnicity, region, division, pct_college_educ, deceased_indicator, date_of_death, idn_indicator, first_month_active, last_month_active, notes_eligible, has_notes, sourceid, source_data_through) VALUES ('PT325', '1950', 'Male', 'African American', 'Not Hispanic', 'Midwest', 'South Atl/West South Crl', '26.0', '0', '      ', '1', '200701', '201001', '1', '1', 'S0034', '201706');
-- 176: Tests Caucasian race
INSERT INTO native.Cdm_testing_optumpan.patient(ptid, birth_yr, gender, race, ethnicity, region, division, pct_college_educ, deceased_indicator, date_of_death, idn_indicator, first_month_active, last_month_active, notes_eligible, has_notes, sourceid, source_data_through) VALUES ('PT326', '1950', 'Male', 'Caucasian', 'Not Hispanic', 'Midwest', 'South Atl/West South Crl', '26.0', '0', '      ', '1', '200701', '201001', '1', '1', 'S0034', '201706');
-- 177: Tests Unknown race
INSERT INTO native.Cdm_testing_optumpan.patient(ptid, birth_yr, gender, race, ethnicity, region, division, pct_college_educ, deceased_indicator, date_of_death, idn_indicator, first_month_active, last_month_active, notes_eligible, has_notes, sourceid, source_data_through) VALUES ('PT327', '1950', 'Male', 'Other/Unknown', 'Not Hispanic', 'Midwest', 'South Atl/West South Crl', '26.0', '0', '      ', '1', '200701', '201001', '1', '1', 'S0034', '201706');
-- 178: Tests Hispanic ethnicity, Asian race
INSERT INTO native.Cdm_testing_optumpan.patient(ptid, birth_yr, gender, race, ethnicity, region, division, pct_college_educ, deceased_indicator, date_of_death, idn_indicator, first_month_active, last_month_active, notes_eligible, has_notes, sourceid, source_data_through) VALUES ('PT328', '1950', 'Male', 'Asian', 'Hispanic', 'Midwest', 'South Atl/West South Crl', '26.0', '0', '      ', '1', '200701', '201001', '1', '1', 'S0034', '201706');
-- 179: Tests Hispanic ethnicity, African American race
INSERT INTO native.Cdm_testing_optumpan.patient(ptid, birth_yr, gender, race, ethnicity, region, division, pct_college_educ, deceased_indicator, date_of_death, idn_indicator, first_month_active, last_month_active, notes_eligible, has_notes, sourceid, source_data_through) VALUES ('PT329', '1950', 'Male', 'African American', 'Hispanic', 'Midwest', 'South Atl/West South Crl', '26.0', '0', '      ', '1', '200701', '201001', '1', '1', 'S0034', '201706');
-- 180: Tests Hispanic ethnicity, Caucasian race
INSERT INTO native.Cdm_testing_optumpan.patient(ptid, birth_yr, gender, race, ethnicity, region, division, pct_college_educ, deceased_indicator, date_of_death, idn_indicator, first_month_active, last_month_active, notes_eligible, has_notes, sourceid, source_data_through) VALUES ('PT330', '1950', 'Male', 'Caucasian', 'Hispanic', 'Midwest', 'South Atl/West South Crl', '26.0', '0', '      ', '1', '200701', '201001', '1', '1', 'S0034', '201706');
-- 181: Tests Hispanic ethnicity, unknown race
INSERT INTO native.Cdm_testing_optumpan.patient(ptid, birth_yr, gender, race, ethnicity, region, division, pct_college_educ, deceased_indicator, date_of_death, idn_indicator, first_month_active, last_month_active, notes_eligible, has_notes, sourceid, source_data_through) VALUES ('PT331', '1950', 'Male', 'Other/Unknown', 'Hispanic', 'Midwest', 'South Atl/West South Crl', '26.0', '0', '      ', '1', '200701', '201001', '1', '1', 'S0034', '201706');
-- 182: Tests procedure record with proc_code_type CPT4
INSERT INTO native.Cdm_testing_optumpan.patient(ptid, birth_yr, gender, race, ethnicity, region, division, pct_college_educ, deceased_indicator, date_of_death, idn_indicator, first_month_active, last_month_active, notes_eligible, has_notes, sourceid, source_data_through) VALUES ('PT332', '1950', 'Male', 'Caucasian', 'Not Hispanic', 'Midwest', 'South Atl/West South Crl', '26.0', '0', '      ', '1', '200701', '201001', '1', '1', 'S0034', '201706');
INSERT INTO native.Cdm_testing_optumpan.[procedure](ptid, proc_date, proc_time, proc_code, proc_code_type) VALUES ('PT332', '2009-01-01', '00:00:00', '36415', 'CPT4');
-- 183: Tests procedure record with proc_code_type HCPCS
INSERT INTO native.Cdm_testing_optumpan.patient(ptid, birth_yr, gender, race, ethnicity, region, division, pct_college_educ, deceased_indicator, date_of_death, idn_indicator, first_month_active, last_month_active, notes_eligible, has_notes, sourceid, source_data_through) VALUES ('PT333', '1950', 'Male', 'Caucasian', 'Not Hispanic', 'Midwest', 'South Atl/West South Crl', '26.0', '0', '      ', '1', '200701', '201001', '1', '1', 'S0034', '201706');
INSERT INTO native.Cdm_testing_optumpan.[procedure](ptid, proc_date, proc_time, proc_code, proc_code_type) VALUES ('PT333', '2009-01-01', '00:00:00', 'G0290', 'HCPCS');
-- 184: Tests procedure record with proc_code_type ICD9
INSERT INTO native.Cdm_testing_optumpan.patient(ptid, birth_yr, gender, race, ethnicity, region, division, pct_college_educ, deceased_indicator, date_of_death, idn_indicator, first_month_active, last_month_active, notes_eligible, has_notes, sourceid, source_data_through) VALUES ('PT334', '1950', 'Male', 'Caucasian', 'Not Hispanic', 'Midwest', 'South Atl/West South Crl', '26.0', '0', '      ', '1', '200701', '201001', '1', '1', 'S0034', '201706');
INSERT INTO native.Cdm_testing_optumpan.[procedure](ptid, proc_date, proc_time, proc_code, proc_code_type) VALUES ('PT334', '2009-01-01', '00:00:00', '33.50', 'ICD9');
-- 185: Tests procedure record with proc_code_type ICD10
INSERT INTO native.Cdm_testing_optumpan.patient(ptid, birth_yr, gender, race, ethnicity, region, division, pct_college_educ, deceased_indicator, date_of_death, idn_indicator, first_month_active, last_month_active, notes_eligible, has_notes, sourceid, source_data_through) VALUES ('PT335', '1950', 'Male', 'Caucasian', 'Not Hispanic', 'Midwest', 'South Atl/West South Crl', '26.0', '0', '      ', '1', '200701', '201001', '1', '1', 'S0034', '201706');
INSERT INTO native.Cdm_testing_optumpan.[procedure](ptid, proc_date, proc_time, proc_code, proc_code_type) VALUES ('PT335', '2009-01-01', '00:00:00', '0J8S0ZZ', 'ICD10');
-- 186: Tests procedure type concept
INSERT INTO native.Cdm_testing_optumpan.patient(ptid, birth_yr, gender, race, ethnicity, region, division, pct_college_educ, deceased_indicator, date_of_death, idn_indicator, first_month_active, last_month_active, notes_eligible, has_notes, sourceid, source_data_through) VALUES ('PT336', '1950', 'Male', 'Caucasian', 'Not Hispanic', 'Midwest', 'South Atl/West South Crl', '26.0', '0', '      ', '1', '200701', '201001', '1', '1', 'S0034', '201706');
INSERT INTO native.Cdm_testing_optumpan.[procedure](ptid, proc_date, proc_time, proc_code, proc_code_type) VALUES ('PT336', '2009-01-01', '00:00:00', '36415', 'CPT4');
-- 187: Tests procedure record with proc_code_type of blank results in unmapped procedure occurrence
INSERT INTO native.Cdm_testing_optumpan.patient(ptid, birth_yr, gender, race, ethnicity, region, division, pct_college_educ, deceased_indicator, date_of_death, idn_indicator, first_month_active, last_month_active, notes_eligible, has_notes, sourceid, source_data_through) VALUES ('PT337', '1950', 'Male', 'Caucasian', 'Not Hispanic', 'Midwest', 'South Atl/West South Crl', '26.0', '0', '      ', '1', '200701', '201001', '1', '1', 'S0034', '201706');
INSERT INTO native.Cdm_testing_optumpan.[procedure](ptid, proc_date, proc_time, proc_code, proc_code_type) VALUES ('PT337', '2009-01-01', '00:00:00', '36415', '');
-- 188: Tests procedure record with proc_code_type CUSTOM results in unmapped procedure occurrence
INSERT INTO native.Cdm_testing_optumpan.patient(ptid, birth_yr, gender, race, ethnicity, region, division, pct_college_educ, deceased_indicator, date_of_death, idn_indicator, first_month_active, last_month_active, notes_eligible, has_notes, sourceid, source_data_through) VALUES ('PT338', '1950', 'Male', 'Caucasian', 'Not Hispanic', 'Midwest', 'South Atl/West South Crl', '26.0', '0', '      ', '1', '200701', '201001', '1', '1', 'S0034', '201706');
INSERT INTO native.Cdm_testing_optumpan.[procedure](ptid, proc_date, proc_time, proc_code, proc_code_type) VALUES ('PT338', '2009-01-01', '00:00:00', '36415', 'CUSTOM');
-- 189: Tests procedure record with proc_code_type REV results in unmapped procedure occurrence
INSERT INTO native.Cdm_testing_optumpan.patient(ptid, birth_yr, gender, race, ethnicity, region, division, pct_college_educ, deceased_indicator, date_of_death, idn_indicator, first_month_active, last_month_active, notes_eligible, has_notes, sourceid, source_data_through) VALUES ('PT339', '1950', 'Male', 'Caucasian', 'Not Hispanic', 'Midwest', 'South Atl/West South Crl', '26.0', '0', '      ', '1', '200701', '201001', '1', '1', 'S0034', '201706');
INSERT INTO native.Cdm_testing_optumpan.[procedure](ptid, proc_date, proc_time, proc_code, proc_code_type) VALUES ('PT339', '2009-01-01', '00:00:00', '36415', 'REV');
-- 190: Tests procedure record with proc_code_type CLM_UNK results in unmapped procedure occurrence
INSERT INTO native.Cdm_testing_optumpan.patient(ptid, birth_yr, gender, race, ethnicity, region, division, pct_college_educ, deceased_indicator, date_of_death, idn_indicator, first_month_active, last_month_active, notes_eligible, has_notes, sourceid, source_data_through) VALUES ('PT340', '1950', 'Male', 'Caucasian', 'Not Hispanic', 'Midwest', 'South Atl/West South Crl', '26.0', '0', '      ', '1', '200701', '201001', '1', '1', 'S0034', '201706');
INSERT INTO native.Cdm_testing_optumpan.[procedure](ptid, proc_date, proc_time, proc_code, proc_code_type) VALUES ('PT340', '2009-01-01', '00:00:00', '36415', 'CLM_UNK');
-- 191: Tests procedure record with CPT4 code 38241 to verify that it creates a procedure record
INSERT INTO native.Cdm_testing_optumpan.patient(ptid, birth_yr, gender, race, ethnicity, region, division, pct_college_educ, deceased_indicator, date_of_death, idn_indicator, first_month_active, last_month_active, notes_eligible, has_notes, sourceid, source_data_through) VALUES ('PT341', '1950', 'Male', 'Caucasian', 'Not Hispanic', 'Midwest', 'South Atl/West South Crl', '26.0', '0', '      ', '1', '200701', '201001', '1', '1', 'S0034', '201706');
INSERT INTO native.Cdm_testing_optumpan.[procedure](ptid, proc_date, proc_time, proc_code, proc_code_type) VALUES ('PT341', '2009-01-01', '00:00:00', '38241', 'CPT4');
-- 192: Tests procedure record with nonsense proc_code to verify entry created
INSERT INTO native.Cdm_testing_optumpan.patient(ptid, birth_yr, gender, race, ethnicity, region, division, pct_college_educ, deceased_indicator, date_of_death, idn_indicator, first_month_active, last_month_active, notes_eligible, has_notes, sourceid, source_data_through) VALUES ('PT342', '1950', 'Male', 'Caucasian', 'Not Hispanic', 'Midwest', 'South Atl/West South Crl', '26.0', '0', '      ', '1', '200701', '201001', '1', '1', 'S0034', '201706');
INSERT INTO native.Cdm_testing_optumpan.[procedure](ptid, proc_date, proc_time, proc_code, proc_code_type) VALUES ('PT342', '2009-01-01', '00:00:00', '000123', 'CPT4');
-- 193: Tests procedure type concept id from diagnosis record
INSERT INTO native.Cdm_testing_optumpan.patient(ptid, birth_yr, gender, race, ethnicity, region, division, pct_college_educ, deceased_indicator, date_of_death, idn_indicator, first_month_active, last_month_active, notes_eligible, has_notes, sourceid, source_data_through) VALUES ('PT343', '1950', 'Male', 'Caucasian', 'Not Hispanic', 'Midwest', 'South Atl/West South Crl', '26.0', '0', '      ', '1', '200701', '201001', '1', '1', 'S0034', '201706');
INSERT INTO native.Cdm_testing_optumpan.encounter(ptid, encid, interaction_type, interaction_date, interaction_time, academic_community_flag) VALUES ('PT343', 'E0000344', 'Office or clinic patient', '2009-01-01', '00:00:00', 'U');
INSERT INTO native.Cdm_testing_optumpan.diagnosis(ptid, encid, diag_date, diag_time, diagnosis_cd, diagnosis_cd_type, diagnosis_status, poa, admitting_diagnosis, discharge_diagnosis, primary_diagnosis, problem_list) VALUES ('PT343', 'E0000344', '2009-01-01', '00:00:00', '79382', 'ICD9', 'Diagnosis of', '0', '0', '0', '0', 'N');
-- 194: Diagnosis without ''Diagnosis of'' status is not loaded
INSERT INTO native.Cdm_testing_optumpan.patient(ptid, birth_yr, gender, race, ethnicity, region, division, pct_college_educ, deceased_indicator, date_of_death, idn_indicator, first_month_active, last_month_active, notes_eligible, has_notes, sourceid, source_data_through) VALUES ('PT345', '1950', 'Male', 'Caucasian', 'Not Hispanic', 'Midwest', 'South Atl/West South Crl', '26.0', '0', '      ', '1', '200701', '201001', '1', '1', 'S0034', '201706');
INSERT INTO native.Cdm_testing_optumpan.encounter(ptid, encid, interaction_type, interaction_date, interaction_time, academic_community_flag) VALUES ('PT345', 'E0000346', 'Office or clinic patient', '2009-01-01', '00:00:00', 'U');
INSERT INTO native.Cdm_testing_optumpan.diagnosis(ptid, encid, diag_date, diag_time, diagnosis_cd, diagnosis_cd_type, diagnosis_status, poa, admitting_diagnosis, discharge_diagnosis, primary_diagnosis, problem_list) VALUES ('PT345', 'E0000346', '2009-01-01', '00:00:00', '634.91', 'ICD9', 'Family history of', '0', '0', '0', '0', 'N');
-- 195: Diagnosis record with diagnosis_cd_type ICD9
INSERT INTO native.Cdm_testing_optumpan.patient(ptid, birth_yr, gender, race, ethnicity, region, division, pct_college_educ, deceased_indicator, date_of_death, idn_indicator, first_month_active, last_month_active, notes_eligible, has_notes, sourceid, source_data_through) VALUES ('PT347', '1950', 'Male', 'Caucasian', 'Not Hispanic', 'Midwest', 'South Atl/West South Crl', '26.0', '0', '      ', '1', '200701', '201001', '1', '1', 'S0034', '201706');
INSERT INTO native.Cdm_testing_optumpan.encounter(ptid, encid, interaction_type, interaction_date, interaction_time, academic_community_flag) VALUES ('PT347', 'E0000348', 'Office or clinic patient', '2009-01-01', '00:00:00', 'U');
INSERT INTO native.Cdm_testing_optumpan.diagnosis(ptid, encid, diag_date, diag_time, diagnosis_cd, diagnosis_cd_type, diagnosis_status, poa, admitting_diagnosis, discharge_diagnosis, primary_diagnosis, problem_list) VALUES ('PT347', 'E0000348', '2009-01-01', '00:00:00', '79382', 'ICD9', 'Diagnosis of', '0', '0', '0', '0', 'N');
-- 196: Diagnosis record with diagnosis_cd_type ICD10
INSERT INTO native.Cdm_testing_optumpan.patient(ptid, birth_yr, gender, race, ethnicity, region, division, pct_college_educ, deceased_indicator, date_of_death, idn_indicator, first_month_active, last_month_active, notes_eligible, has_notes, sourceid, source_data_through) VALUES ('PT349', '1950', 'Male', 'Caucasian', 'Not Hispanic', 'Midwest', 'South Atl/West South Crl', '26.0', '0', '      ', '1', '200701', '201001', '1', '1', 'S0034', '201706');
INSERT INTO native.Cdm_testing_optumpan.encounter(ptid, encid, interaction_type, interaction_date, interaction_time, academic_community_flag) VALUES ('PT349', 'E0000350', 'Office or clinic patient', '2009-01-01', '00:00:00', 'U');
INSERT INTO native.Cdm_testing_optumpan.diagnosis(ptid, encid, diag_date, diag_time, diagnosis_cd, diagnosis_cd_type, diagnosis_status, poa, admitting_diagnosis, discharge_diagnosis, primary_diagnosis, problem_list) VALUES ('PT349', 'E0000350', '2009-01-01', '00:00:00', 'R93.9', 'ICD10', 'Diagnosis of', '0', '0', '0', '0', 'N');
-- 197: Diagnosis record with diagnosis_cd_type SNOMED
INSERT INTO native.Cdm_testing_optumpan.patient(ptid, birth_yr, gender, race, ethnicity, region, division, pct_college_educ, deceased_indicator, date_of_death, idn_indicator, first_month_active, last_month_active, notes_eligible, has_notes, sourceid, source_data_through) VALUES ('PT351', '1950', 'Male', 'Caucasian', 'Not Hispanic', 'Midwest', 'South Atl/West South Crl', '26.0', '0', '      ', '1', '200701', '201001', '1', '1', 'S0034', '201706');
INSERT INTO native.Cdm_testing_optumpan.encounter(ptid, encid, interaction_type, interaction_date, interaction_time, academic_community_flag) VALUES ('PT351', 'E0000352', 'Office or clinic patient', '2009-01-01', '00:00:00', 'U');
INSERT INTO native.Cdm_testing_optumpan.diagnosis(ptid, encid, diag_date, diag_time, diagnosis_cd, diagnosis_cd_type, diagnosis_status, poa, admitting_diagnosis, discharge_diagnosis, primary_diagnosis, problem_list) VALUES ('PT351', 'E0000352', '2009-01-01', '00:00:00', '10019001', 'SNOMED', 'Diagnosis of', '0', '0', '0', '0', 'N');
-- 198: Simple Provider Mapping
INSERT INTO native.Cdm_testing_optumpan.provider(provid, specialty, prim_spec_ind) VALUES ('353', 'Internal Medicine', '1');
-- 199: Dupe Provider Mapping
INSERT INTO native.Cdm_testing_optumpan.provider(provid, specialty, prim_spec_ind) VALUES ('354', 'Family Medicine', '1');
INSERT INTO native.Cdm_testing_optumpan.provider(provid, specialty, prim_spec_ind) VALUES ('354', 'Family Medicine', '1');
-- 200: Non-Primary specialty Mapping
INSERT INTO native.Cdm_testing_optumpan.provider(provid, specialty, prim_spec_ind) VALUES ('355', 'Primary Medicine', '1');
INSERT INTO native.Cdm_testing_optumpan.provider(provid, specialty, prim_spec_ind) VALUES ('355', 'Emergency Medicine', '0');
-- 201: Visit from Diagnosis Test
INSERT INTO native.Cdm_testing_optumpan.patient(ptid, birth_yr, gender, race, ethnicity, region, division, pct_college_educ, deceased_indicator, date_of_death, idn_indicator, first_month_active, last_month_active, notes_eligible, has_notes, sourceid, source_data_through) VALUES ('PT356', '1928 and Earlier', 'Female', 'Caucasian', 'Not Hispanic', 'Midwest', 'South Atl/West South Crl', '26.0', '0', '      ', '1', '200601', '201706', '1', '1', 'S0034', '201706');
INSERT INTO native.Cdm_testing_optumpan.diagnosis(ptid, encid, diag_date, diag_time, diagnosis_cd, diagnosis_cd_type, diagnosis_status, poa, admitting_diagnosis, discharge_diagnosis, primary_diagnosis, problem_list) VALUES ('PT356', 'E0000357', '2014-05-02', '00:00:00', '4019', 'ICD9', 'Diagnosis of', '0', '0', '0', '0', 'N');
INSERT INTO native.Cdm_testing_optumpan.diagnosis(ptid, encid, diag_date, diag_time, diagnosis_cd, diagnosis_cd_type, diagnosis_status, poa, admitting_diagnosis, discharge_diagnosis, primary_diagnosis, problem_list) VALUES ('PT356', 'E0000358', '2014-05-02', '00:00:00', '2724', 'ICD9', 'Diagnosis of', '0', '0', '0', '0', 'N');
INSERT INTO native.Cdm_testing_optumpan.visit(ptid, visitid, visit_type, visit_start_date, visit_start_time, visit_end_date, visit_end_time, discharge_disposition, admission_source) VALUES ('PT356', '359', 'Emergency patient', '2014-03-05', '00:00:00', '2014-03-10', '00:00:00', '01 DISCHARGED TO HOME OR SELF CARE', 'Referred by physician or self referral; non-healthcare facility point of origin');
INSERT INTO native.Cdm_testing_optumpan.encounter(ptid, visitid, encid, interaction_type, interaction_date, interaction_time, academic_community_flag) VALUES ('PT356', '359', 'E0000357', 'Office or clinic patient', '2014-03-06', '00:00:00', 'U');
INSERT INTO native.Cdm_testing_optumpan.encounter(ptid, visitid, encid, interaction_type, interaction_date, interaction_time, academic_community_flag) VALUES ('PT356', '359', 'E0000358', 'Office or clinic patient', '2014-03-07', '00:00:00', 'U');