TRUNCATE TABLE native.Cdm_testing_optumpan._version;
TRUNCATE TABLE native.Cdm_testing_optumpan.care_area;
TRUNCATE TABLE native.Cdm_testing_optumpan.cost_factor;
TRUNCATE TABLE native.Cdm_testing_optumpan.diagnosis;
TRUNCATE TABLE native.Cdm_testing_optumpan.encounter;
TRUNCATE TABLE native.Cdm_testing_optumpan.encounter_provider;
TRUNCATE TABLE native.Cdm_testing_optumpan.immunizations;
TRUNCATE TABLE native.Cdm_testing_optumpan.insurance;
TRUNCATE TABLE native.Cdm_testing_optumpan.labs;
TRUNCATE TABLE native.Cdm_testing_optumpan.medication_administrations;
TRUNCATE TABLE native.Cdm_testing_optumpan.microbiology;
TRUNCATE TABLE native.Cdm_testing_optumpan.nlp_biomarkers;
TRUNCATE TABLE native.Cdm_testing_optumpan.nlp_custom;
TRUNCATE TABLE native.Cdm_testing_optumpan.nlp_drug_rationale;
TRUNCATE TABLE native.Cdm_testing_optumpan.nlp_measurement;
TRUNCATE TABLE native.Cdm_testing_optumpan.nlp_sds;
TRUNCATE TABLE native.Cdm_testing_optumpan.nlp_sds_family;
TRUNCATE TABLE native.Cdm_testing_optumpan.observations;
TRUNCATE TABLE native.Cdm_testing_optumpan.patient;
TRUNCATE TABLE native.Cdm_testing_optumpan.patient_reported_medications;
TRUNCATE TABLE native.Cdm_testing_optumpan.prescriptions_written;
TRUNCATE TABLE native.Cdm_testing_optumpan.[procedure];
TRUNCATE TABLE native.Cdm_testing_optumpan.provider;
TRUNCATE TABLE native.Cdm_testing_optumpan.visit;
-- 0: Diagnosis without ''Diagnosis of'' status is not loaded
INSERT INTO native.Cdm_testing_optumpan.patient(ptid, birth_yr, gender, race, ethnicity, region, division, pct_college_educ, deceased_indicator, date_of_death, idn_indicator, first_month_active, last_month_active, notes_eligible, has_notes, sourceid, source_data_through) VALUES ('PT1', '1950', 'Male', 'Caucasian', 'Not Hispanic', 'Midwest', 'East North Central', '26.0', '0', '      ', '1', '200701', '201001', '1', '1', 'S0093', '201806');
INSERT INTO native.Cdm_testing_optumpan.encounter(ptid, encid, interaction_type, interaction_date, interaction_time, academic_community_flag) VALUES ('PT1', 'E00002', 'Office or clinic patient', '2009-01-01', '00:00:00', 'U');
INSERT INTO native.Cdm_testing_optumpan.diagnosis(ptid, diag_date, diag_time, diagnosis_cd, diagnosis_cd_type, diagnosis_status, poa, admitting_diagnosis, discharge_diagnosis, primary_diagnosis, problem_list) VALUES ('PT1', '2009-01-01', '00:00:00', '7061', 'ICD9', 'Family history of', '0', '0', '0', '0', 'N');
-- 1: Test diag_date to condition_start_date
INSERT INTO native.Cdm_testing_optumpan.patient(ptid, birth_yr, gender, race, ethnicity, region, division, pct_college_educ, deceased_indicator, date_of_death, idn_indicator, first_month_active, last_month_active, notes_eligible, has_notes, sourceid, source_data_through) VALUES ('PT3', '1950', 'Male', 'Caucasian', 'Not Hispanic', 'Midwest', 'East North Central', '26.0', '0', '      ', '1', '200701', '201001', '1', '1', 'S0093', '201806');
INSERT INTO native.Cdm_testing_optumpan.encounter(ptid, encid, interaction_type, interaction_date, interaction_time, academic_community_flag) VALUES ('PT3', 'E00004', 'Office or clinic patient', '2009-01-01', '00:00:00', 'U');
INSERT INTO native.Cdm_testing_optumpan.diagnosis(ptid, diag_date, diag_time, diagnosis_cd, diagnosis_cd_type, diagnosis_status, poa, admitting_diagnosis, discharge_diagnosis, primary_diagnosis, problem_list) VALUES ('PT3', '2009-01-01', '00:00:00', '7061', 'ICD9', 'Diagnosis of', '0', '0', '0', '0', 'N');
-- 2: Test diagnosis code type ICD9
INSERT INTO native.Cdm_testing_optumpan.patient(ptid, birth_yr, gender, race, ethnicity, region, division, pct_college_educ, deceased_indicator, date_of_death, idn_indicator, first_month_active, last_month_active, notes_eligible, has_notes, sourceid, source_data_through) VALUES ('PT5', '1950', 'Male', 'Caucasian', 'Not Hispanic', 'Midwest', 'East North Central', '26.0', '0', '      ', '1', '200701', '201001', '1', '1', 'S0093', '201806');
INSERT INTO native.Cdm_testing_optumpan.encounter(ptid, encid, interaction_type, interaction_date, interaction_time, academic_community_flag) VALUES ('PT5', 'E00006', 'Office or clinic patient', '2009-01-01', '00:00:00', 'U');
INSERT INTO native.Cdm_testing_optumpan.diagnosis(ptid, diag_date, diag_time, diagnosis_cd, diagnosis_cd_type, diagnosis_status, poa, admitting_diagnosis, discharge_diagnosis, primary_diagnosis, problem_list) VALUES ('PT5', '2009-01-01', '00:00:00', '7061', 'ICD9', 'Diagnosis of', '0', '0', '0', '0', 'N');
-- 3: Test diagnosis code type ICD10 without decimal
INSERT INTO native.Cdm_testing_optumpan.patient(ptid, birth_yr, gender, race, ethnicity, region, division, pct_college_educ, deceased_indicator, date_of_death, idn_indicator, first_month_active, last_month_active, notes_eligible, has_notes, sourceid, source_data_through) VALUES ('PT7', '1950', 'Male', 'Caucasian', 'Not Hispanic', 'Midwest', 'East North Central', '26.0', '0', '      ', '1', '200701', '201001', '1', '1', 'S0093', '201806');
INSERT INTO native.Cdm_testing_optumpan.encounter(ptid, encid, interaction_type, interaction_date, interaction_time, academic_community_flag) VALUES ('PT7', 'E00008', 'Office or clinic patient', '2009-01-01', '00:00:00', 'U');
INSERT INTO native.Cdm_testing_optumpan.diagnosis(ptid, diag_date, diag_time, diagnosis_cd, diagnosis_cd_type, diagnosis_status, poa, admitting_diagnosis, discharge_diagnosis, primary_diagnosis, problem_list) VALUES ('PT7', '2009-01-01', '00:00:00', 'H44611', 'ICD10', 'Diagnosis of', '0', '0', '0', '0', 'N');
-- 4: Test diagnosis code type UNKNOWN with diag_date greater or equal to 1 Oct 2015 that maps to ICD10
INSERT INTO native.Cdm_testing_optumpan.patient(ptid, birth_yr, gender, race, ethnicity, region, division, pct_college_educ, deceased_indicator, date_of_death, idn_indicator, first_month_active, last_month_active, notes_eligible, has_notes, sourceid, source_data_through) VALUES ('PT9', '1950', 'Male', 'Caucasian', 'Not Hispanic', 'Midwest', 'East North Central', '26.0', '0', '      ', '1', '200701', '201701', '1', '1', 'S0093', '201806');
INSERT INTO native.Cdm_testing_optumpan.encounter(ptid, encid, interaction_type, interaction_date, interaction_time, academic_community_flag) VALUES ('PT9', 'E000010', 'Office or clinic patient', '2009-01-01', '00:00:00', 'U');
INSERT INTO native.Cdm_testing_optumpan.diagnosis(ptid, diag_date, diag_time, diagnosis_cd, diagnosis_cd_type, diagnosis_status, poa, admitting_diagnosis, discharge_diagnosis, primary_diagnosis, problem_list) VALUES ('PT9', '2015-10-01', '00:00:00', 'H44.611', 'UNKNOWN', 'Diagnosis of', '0', '0', '0', '0', 'N');
-- 5: Test diagnosis code type UNKNOWN with diag_date greater or equal to 1 Oct 2015 that maps to ICD10 without decimal
INSERT INTO native.Cdm_testing_optumpan.patient(ptid, birth_yr, gender, race, ethnicity, region, division, pct_college_educ, deceased_indicator, date_of_death, idn_indicator, first_month_active, last_month_active, notes_eligible, has_notes, sourceid, source_data_through) VALUES ('PT11', '1950', 'Male', 'Caucasian', 'Not Hispanic', 'Midwest', 'East North Central', '26.0', '0', '      ', '1', '200701', '201701', '1', '1', 'S0093', '201806');
INSERT INTO native.Cdm_testing_optumpan.encounter(ptid, encid, interaction_type, interaction_date, interaction_time, academic_community_flag) VALUES ('PT11', 'E000012', 'Office or clinic patient', '2009-01-01', '00:00:00', 'U');
INSERT INTO native.Cdm_testing_optumpan.diagnosis(ptid, diag_date, diag_time, diagnosis_cd, diagnosis_cd_type, diagnosis_status, poa, admitting_diagnosis, discharge_diagnosis, primary_diagnosis, problem_list) VALUES ('PT11', '2015-10-01', '00:00:00', 'H44611', 'UNKNOWN', 'Diagnosis of', '0', '0', '0', '0', 'N');
-- 6: Test diagnosis code type UNKNOWN with diag_date less than 1 Oct 2015 that maps to ICD9
INSERT INTO native.Cdm_testing_optumpan.patient(ptid, birth_yr, gender, race, ethnicity, region, division, pct_college_educ, deceased_indicator, date_of_death, idn_indicator, first_month_active, last_month_active, notes_eligible, has_notes, sourceid, source_data_through) VALUES ('PT13', '1950', 'Male', 'Caucasian', 'Not Hispanic', 'Midwest', 'East North Central', '26.0', '0', '      ', '1', '200701', '201701', '1', '1', 'S0093', '201806');
INSERT INTO native.Cdm_testing_optumpan.encounter(ptid, encid, interaction_type, interaction_date, interaction_time, academic_community_flag) VALUES ('PT13', 'E000014', 'Office or clinic patient', '2009-01-01', '00:00:00', 'U');
INSERT INTO native.Cdm_testing_optumpan.diagnosis(ptid, diag_date, diag_time, diagnosis_cd, diagnosis_cd_type, diagnosis_status, poa, admitting_diagnosis, discharge_diagnosis, primary_diagnosis, problem_list) VALUES ('PT13', '2015-09-30', '00:00:00', '706.1', 'UNKNOWN', 'Diagnosis of', '0', '0', '0', '0', 'N');
-- 7: Test diagnosis code type UNKNOWN with diag_date less than 1 Oct 2015 that maps to ICD9 without decimal
INSERT INTO native.Cdm_testing_optumpan.patient(ptid, birth_yr, gender, race, ethnicity, region, division, pct_college_educ, deceased_indicator, date_of_death, idn_indicator, first_month_active, last_month_active, notes_eligible, has_notes, sourceid, source_data_through) VALUES ('PT15', '1950', 'Male', 'Caucasian', 'Not Hispanic', 'Midwest', 'East North Central', '26.0', '0', '      ', '1', '200701', '201701', '1', '1', 'S0093', '201806');
INSERT INTO native.Cdm_testing_optumpan.encounter(ptid, encid, interaction_type, interaction_date, interaction_time, academic_community_flag) VALUES ('PT15', 'E000016', 'Office or clinic patient', '2009-01-01', '00:00:00', 'U');
INSERT INTO native.Cdm_testing_optumpan.diagnosis(ptid, diag_date, diag_time, diagnosis_cd, diagnosis_cd_type, diagnosis_status, poa, admitting_diagnosis, discharge_diagnosis, primary_diagnosis, problem_list) VALUES ('PT15', '2015-09-30', '00:00:00', '7061', 'UNKNOWN', 'Diagnosis of', '0', '0', '0', '0', 'N');
-- 8: Test primary diagnosis to condition_type_concept_id
INSERT INTO native.Cdm_testing_optumpan.patient(ptid, birth_yr, gender, race, ethnicity, region, division, pct_college_educ, deceased_indicator, date_of_death, idn_indicator, first_month_active, last_month_active, notes_eligible, has_notes, sourceid, source_data_through) VALUES ('PT17', '1950', 'Male', 'Caucasian', 'Not Hispanic', 'Midwest', 'East North Central', '26.0', '0', '      ', '1', '200701', '201001', '1', '1', 'S0093', '201806');
INSERT INTO native.Cdm_testing_optumpan.encounter(ptid, encid, interaction_type, interaction_date, interaction_time, academic_community_flag) VALUES ('PT17', 'E000018', 'Office or clinic patient', '2009-01-01', '00:00:00', 'U');
INSERT INTO native.Cdm_testing_optumpan.diagnosis(ptid, diag_date, diag_time, diagnosis_cd, diagnosis_cd_type, diagnosis_status, poa, admitting_diagnosis, discharge_diagnosis, primary_diagnosis, problem_list) VALUES ('PT17', '2009-01-01', '00:00:00', '7061', 'ICD9', 'Diagnosis of', '0', '0', '0', '1', 'N');
-- 9: Test non-primary diagnosis to condition_type_concept_id
INSERT INTO native.Cdm_testing_optumpan.patient(ptid, birth_yr, gender, race, ethnicity, region, division, pct_college_educ, deceased_indicator, date_of_death, idn_indicator, first_month_active, last_month_active, notes_eligible, has_notes, sourceid, source_data_through) VALUES ('PT19', '1950', 'Male', 'Caucasian', 'Not Hispanic', 'Midwest', 'East North Central', '26.0', '0', '      ', '1', '200701', '201001', '1', '1', 'S0093', '201806');
INSERT INTO native.Cdm_testing_optumpan.encounter(ptid, encid, interaction_type, interaction_date, interaction_time, academic_community_flag) VALUES ('PT19', 'E000020', 'Office or clinic patient', '2009-01-01', '00:00:00', 'U');
INSERT INTO native.Cdm_testing_optumpan.diagnosis(ptid, diag_date, diag_time, diagnosis_cd, diagnosis_cd_type, diagnosis_status, poa, admitting_diagnosis, discharge_diagnosis, primary_diagnosis, problem_list) VALUES ('PT19', '2009-01-01', '00:00:00', '7061', 'ICD9', 'Diagnosis of', '0', '0', '0', '0', 'N');
-- 10: Test diagnosis code with wrong diagnosis code type
INSERT INTO native.Cdm_testing_optumpan.patient(ptid, birth_yr, gender, race, ethnicity, region, division, pct_college_educ, deceased_indicator, date_of_death, idn_indicator, first_month_active, last_month_active, notes_eligible, has_notes, sourceid, source_data_through) VALUES ('PT21', '1950', 'Male', 'Caucasian', 'Not Hispanic', 'Midwest', 'East North Central', '26.0', '0', '      ', '1', '200701', '201001', '1', '1', 'S0093', '201806');
INSERT INTO native.Cdm_testing_optumpan.encounter(ptid, encid, interaction_type, interaction_date, interaction_time, academic_community_flag) VALUES ('PT21', 'E000022', 'Office or clinic patient', '2009-01-01', '00:00:00', 'U');
INSERT INTO native.Cdm_testing_optumpan.diagnosis(ptid, diag_date, diag_time, diagnosis_cd, diagnosis_cd_type, diagnosis_status, poa, admitting_diagnosis, discharge_diagnosis, primary_diagnosis, problem_list) VALUES ('PT21', '2009-01-01', '00:00:00', '44786629', 'ICD9', 'Diagnosis of', '0', '0', '0', '0', 'N');
-- 11: Test blank diagnosis code
INSERT INTO native.Cdm_testing_optumpan.patient(ptid, birth_yr, gender, race, ethnicity, region, division, pct_college_educ, deceased_indicator, date_of_death, idn_indicator, first_month_active, last_month_active, notes_eligible, has_notes, sourceid, source_data_through) VALUES ('PT23', '1950', 'Male', 'Caucasian', 'Not Hispanic', 'Midwest', 'East North Central', '26.0', '0', '      ', '1', '200701', '201001', '1', '1', 'S0093', '201806');
INSERT INTO native.Cdm_testing_optumpan.encounter(ptid, encid, interaction_type, interaction_date, interaction_time, academic_community_flag) VALUES ('PT23', 'E000024', 'Office or clinic patient', '2009-01-01', '00:00:00', 'U');
INSERT INTO native.Cdm_testing_optumpan.diagnosis(ptid, diag_date, diag_time, diagnosis_status, poa, admitting_diagnosis, discharge_diagnosis, primary_diagnosis, problem_list) VALUES ('PT23', '2009-01-01', '00:00:00', 'Diagnosis of', '0', '0', '0', '0', 'N');
-- 12: Test condition_status_concept_id when poa == 0 and admitting_diagnosis == 1
INSERT INTO native.Cdm_testing_optumpan.patient(ptid, birth_yr, gender, race, ethnicity, region, division, pct_college_educ, deceased_indicator, date_of_death, idn_indicator, first_month_active, last_month_active, notes_eligible, has_notes, sourceid, source_data_through) VALUES ('PT25', '1950', 'Male', 'Caucasian', 'Not Hispanic', 'Midwest', 'East North Central', '26.0', '0', '      ', '1', '200701', '201001', '1', '1', 'S0093', '201806');
INSERT INTO native.Cdm_testing_optumpan.encounter(ptid, encid, interaction_type, interaction_date, interaction_time, academic_community_flag) VALUES ('PT25', 'E000026', 'Office or clinic patient', '2009-01-01', '00:00:00', 'U');
INSERT INTO native.Cdm_testing_optumpan.diagnosis(ptid, diag_date, diag_time, diagnosis_cd, diagnosis_cd_type, diagnosis_status, poa, admitting_diagnosis, discharge_diagnosis, primary_diagnosis, problem_list) VALUES ('PT25', '2009-01-01', '00:00:00', '7061', 'ICD9', 'Diagnosis of', '0', '1', '0', '0', 'N');
-- 13: Test condition_status_concept_id when poa == 0 and discharge_diagnosis == 1
INSERT INTO native.Cdm_testing_optumpan.patient(ptid, birth_yr, gender, race, ethnicity, region, division, pct_college_educ, deceased_indicator, date_of_death, idn_indicator, first_month_active, last_month_active, notes_eligible, has_notes, sourceid, source_data_through) VALUES ('PT27', '1950', 'Male', 'Caucasian', 'Not Hispanic', 'Midwest', 'East North Central', '26.0', '0', '      ', '1', '200701', '201001', '1', '1', 'S0093', '201806');
INSERT INTO native.Cdm_testing_optumpan.encounter(ptid, encid, interaction_type, interaction_date, interaction_time, academic_community_flag) VALUES ('PT27', 'E000028', 'Office or clinic patient', '2009-01-01', '00:00:00', 'U');
INSERT INTO native.Cdm_testing_optumpan.diagnosis(ptid, diag_date, diag_time, diagnosis_cd, diagnosis_cd_type, diagnosis_status, poa, admitting_diagnosis, discharge_diagnosis, primary_diagnosis, problem_list) VALUES ('PT27', '2009-01-01', '00:00:00', '7061', 'ICD9', 'Diagnosis of', '0', '0', '1', '0', 'N');
-- 14: Test condition_status_concept_id when poa == 0 and primary_diagnosis == 1
INSERT INTO native.Cdm_testing_optumpan.patient(ptid, birth_yr, gender, race, ethnicity, region, division, pct_college_educ, deceased_indicator, date_of_death, idn_indicator, first_month_active, last_month_active, notes_eligible, has_notes, sourceid, source_data_through) VALUES ('PT29', '1950', 'Male', 'Caucasian', 'Not Hispanic', 'Midwest', 'East North Central', '26.0', '0', '      ', '1', '200701', '201001', '1', '1', 'S0093', '201806');
INSERT INTO native.Cdm_testing_optumpan.encounter(ptid, encid, interaction_type, interaction_date, interaction_time, academic_community_flag) VALUES ('PT29', 'E000030', 'Office or clinic patient', '2009-01-01', '00:00:00', 'U');
INSERT INTO native.Cdm_testing_optumpan.diagnosis(ptid, diag_date, diag_time, diagnosis_cd, diagnosis_cd_type, diagnosis_status, poa, admitting_diagnosis, discharge_diagnosis, primary_diagnosis, problem_list) VALUES ('PT29', '2009-01-01', '00:00:00', '7061', 'ICD9', 'Diagnosis of', '0', '0', '0', '1', 'N');
-- 15: Test condition_status_concept_id when poa == 1
INSERT INTO native.Cdm_testing_optumpan.patient(ptid, birth_yr, gender, race, ethnicity, region, division, pct_college_educ, deceased_indicator, date_of_death, idn_indicator, first_month_active, last_month_active, notes_eligible, has_notes, sourceid, source_data_through) VALUES ('PT31', '1950', 'Male', 'Caucasian', 'Not Hispanic', 'Midwest', 'East North Central', '26.0', '0', '      ', '1', '200701', '201001', '1', '1', 'S0093', '201806');
INSERT INTO native.Cdm_testing_optumpan.encounter(ptid, encid, interaction_type, interaction_date, interaction_time, academic_community_flag) VALUES ('PT31', 'E000032', 'Office or clinic patient', '2009-01-01', '00:00:00', 'U');
INSERT INTO native.Cdm_testing_optumpan.diagnosis(ptid, diag_date, diag_time, diagnosis_cd, diagnosis_cd_type, diagnosis_status, poa, admitting_diagnosis, discharge_diagnosis, primary_diagnosis, problem_list) VALUES ('PT31', '2009-01-01', '00:00:00', '7061', 'ICD9', 'Diagnosis of', '1', '0', '0', '0', 'N');
-- 16: Test HCPCS derived condition coming from procedure table
INSERT INTO native.Cdm_testing_optumpan.patient(ptid, birth_yr, gender, race, ethnicity, region, division, pct_college_educ, deceased_indicator, date_of_death, idn_indicator, first_month_active, last_month_active, notes_eligible, has_notes, sourceid, source_data_through) VALUES ('PT33', '1950', 'Male', 'Caucasian', 'Not Hispanic', 'Midwest', 'East North Central', '26.0', '0', '      ', '1', '200701', '201001', '1', '1', 'S0093', '201806');
INSERT INTO native.Cdm_testing_optumpan.encounter(ptid, encid, interaction_type, interaction_date, interaction_time, academic_community_flag) VALUES ('PT33', 'E000032', 'Office or clinic patient', '2009-01-01', '00:00:00', 'U');
INSERT INTO native.Cdm_testing_optumpan.[procedure](ptid, proc_date, proc_time, proc_code, proc_code_type) VALUES ('PT33', '2009-01-01', '00:00:00', 'G8007', 'HCPCS');
-- 17: Patient has PROCEDURE record; validate the provider for the encid is mapped to provid
INSERT INTO native.Cdm_testing_optumpan.patient(ptid, birth_yr, gender, race, ethnicity, region, division, pct_college_educ, deceased_indicator, date_of_death, idn_indicator, first_month_active, last_month_active, notes_eligible, has_notes, sourceid, source_data_through) VALUES ('PT34', '1950', 'Male', 'Caucasian', 'Not Hispanic', 'Midwest', 'East North Central', '26.0', '0', '      ', '1', '200701', '201001', '1', '1', 'S0093', '201806');
INSERT INTO native.Cdm_testing_optumpan.provider(provid, specialty, prim_spec_ind) VALUES ('35', 'Internal Medicine', '1');
INSERT INTO native.Cdm_testing_optumpan.encounter(ptid, encid, interaction_type, interaction_date, interaction_time, academic_community_flag) VALUES ('PT34', 'E000036', 'Inpatient', '2009-01-01', '00:00:00', 'U');
INSERT INTO native.Cdm_testing_optumpan.encounter_provider(encid, provid, provider_role) VALUES ('E000036', '35', 'ATTENDING');
INSERT INTO native.Cdm_testing_optumpan.[procedure](ptid, encid, proc_date, proc_time, proc_code, proc_code_type) VALUES ('PT34', 'E000036', '2009-01-01', '00:00:00', 'G8007', 'HCPCS');
-- 18: Patient has PROCEDURE record; validate the visit_occurrence_id
INSERT INTO native.Cdm_testing_optumpan.patient(ptid, birth_yr, gender, race, ethnicity, region, division, pct_college_educ, deceased_indicator, date_of_death, idn_indicator, first_month_active, last_month_active, notes_eligible, has_notes, sourceid, source_data_through) VALUES ('PT37', '1950', 'Male', 'Caucasian', 'Not Hispanic', 'Midwest', 'East North Central', '26.0', '0', '      ', '1', '200701', '201001', '1', '1', 'S0093', '201806');
INSERT INTO native.Cdm_testing_optumpan.encounter(ptid, encid, interaction_type, interaction_date, interaction_time, academic_community_flag) VALUES ('PT37', 'E000038', 'Inpatient', '2009-01-01', '00:00:00', 'U');
INSERT INTO native.Cdm_testing_optumpan.[procedure](ptid, encid, proc_date, proc_time, proc_code, proc_code_type) VALUES ('PT37', 'E000038', '2009-01-01', '00:00:00', 'G8007', 'HCPCS');
-- 19: Patient is indicated dead by date_of_death. Their death date is the last day of the month.
INSERT INTO native.Cdm_testing_optumpan.patient(ptid, birth_yr, gender, race, ethnicity, region, division, pct_college_educ, deceased_indicator, date_of_death, idn_indicator, first_month_active, last_month_active, notes_eligible, has_notes, sourceid, source_data_through) VALUES ('PT40', '1929 and Earlier', 'Female', 'Caucasian', 'Not Hispanic', 'Midwest', 'East North Central', '26.0', '0', '201404', '1', '200601', '201806', '1', '1', 'S0093', '201806');
-- 20: Patient has diagnosis data occurring data occurring exactly 30 days after death event. Expected result: dead
INSERT INTO native.Cdm_testing_optumpan.patient(ptid, birth_yr, gender, race, ethnicity, region, division, pct_college_educ, deceased_indicator, date_of_death, idn_indicator, first_month_active, last_month_active, notes_eligible, has_notes, sourceid, source_data_through) VALUES ('PT42', '1929 and Earlier', 'Female', 'Caucasian', 'Not Hispanic', 'Midwest', 'East North Central', '26.0', '0', '201404', '1', '200601', '201806', '1', '1', 'S0093', '201806');
INSERT INTO native.Cdm_testing_optumpan.encounter(ptid, visitid, encid, interaction_type, interaction_date, interaction_time, academic_community_flag) VALUES ('PT42', '44', 'E000043', 'Office or clinic patient', '2014-05-30', '00:00:00', 'U');
INSERT INTO native.Cdm_testing_optumpan.diagnosis(ptid, encid, diag_date, diag_time, diagnosis_cd, diagnosis_cd_type, diagnosis_status, poa, admitting_diagnosis, discharge_diagnosis, primary_diagnosis, problem_list) VALUES ('PT42', 'E000043', '2014-05-30', '00:00:00', '7061', 'ICD9', 'Diagnosis of', '0', '0', '0', '0', 'N');
-- 21: Patient has encounter data occurring data occurring exactly 30 days after death event. Expected result: dead
INSERT INTO native.Cdm_testing_optumpan.patient(ptid, birth_yr, gender, race, ethnicity, region, division, pct_college_educ, deceased_indicator, date_of_death, idn_indicator, first_month_active, last_month_active, notes_eligible, has_notes, sourceid, source_data_through) VALUES ('PT45', '1929 and Earlier', 'Female', 'Caucasian', 'Not Hispanic', 'Midwest', 'East North Central', '26.0', '0', '201404', '1', '200601', '201806', '1', '1', 'S0093', '201806');
INSERT INTO native.Cdm_testing_optumpan.encounter(ptid, visitid, encid, interaction_type, interaction_date, interaction_time, academic_community_flag) VALUES ('PT45', '47', 'E000046', 'Office or clinic patient', '2014-05-30', '00:00:00', 'U');
INSERT INTO native.Cdm_testing_optumpan.encounter(ptid, encid, interaction_type, interaction_date, interaction_time, academic_community_flag) VALUES ('PT45', 'E000046', 'Office or clinic patient', '2014-05-30', '00:00:00', 'U');
-- 22: Patient has immunizations data occurring data occurring exactly 30 days after death event. Expected result: dead
INSERT INTO native.Cdm_testing_optumpan.patient(ptid, birth_yr, gender, race, ethnicity, region, division, pct_college_educ, deceased_indicator, date_of_death, idn_indicator, first_month_active, last_month_active, notes_eligible, has_notes, sourceid, source_data_through) VALUES ('PT48', '1929 and Earlier', 'Female', 'Caucasian', 'Not Hispanic', 'Midwest', 'East North Central', '26.0', '0', '201404', '1', '200601', '201806', '1', '1', 'S0093', '201806');
INSERT INTO native.Cdm_testing_optumpan.encounter(ptid, visitid, encid, interaction_type, interaction_date, interaction_time, academic_community_flag) VALUES ('PT48', '50', 'E000049', 'Office or clinic patient', '2014-05-30', '00:00:00', 'U');
INSERT INTO native.Cdm_testing_optumpan.immunizations(ptid, immunization_date, mapped_name, ndc, ndc_source, pt_reported) VALUES ('PT48', '2014-05-30', 'Influenza Inactivated Vaccine', '49281039765', 'Derived', ' ');
-- 23: Patient has insurance data occurring data occurring exactly 30 days after death event. Expected result: dead
INSERT INTO native.Cdm_testing_optumpan.patient(ptid, birth_yr, gender, race, ethnicity, region, division, pct_college_educ, deceased_indicator, date_of_death, idn_indicator, first_month_active, last_month_active, notes_eligible, has_notes, sourceid, source_data_through) VALUES ('PT51', '1929 and Earlier', 'Female', 'Caucasian', 'Not Hispanic', 'Midwest', 'East North Central', '26.0', '0', '201404', '1', '200601', '201806', '1', '1', 'S0093', '201806');
INSERT INTO native.Cdm_testing_optumpan.encounter(ptid, visitid, encid, interaction_type, interaction_date, interaction_time, academic_community_flag) VALUES ('PT51', '53', 'E000052', 'Office or clinic patient', '2014-05-30', '00:00:00', 'U');
INSERT INTO native.Cdm_testing_optumpan.insurance(ptid, encid, insurance_date, insurance_time, ins_type) VALUES ('PT51', 'E000052', '2014-05-30', '00:00:00', 'Commercial');
-- 24: Patient has labs data occurring data occurring exactly 30 days after death event. Expected result: dead
INSERT INTO native.Cdm_testing_optumpan.patient(ptid, birth_yr, gender, race, ethnicity, region, division, pct_college_educ, deceased_indicator, date_of_death, idn_indicator, first_month_active, last_month_active, notes_eligible, has_notes, sourceid, source_data_through) VALUES ('PT54', '1929 and Earlier', 'Female', 'Caucasian', 'Not Hispanic', 'Midwest', 'East North Central', '26.0', '0', '201404', '1', '200601', '201806', '1', '1', 'S0093', '201806');
INSERT INTO native.Cdm_testing_optumpan.encounter(ptid, visitid, encid, interaction_type, interaction_date, interaction_time, academic_community_flag) VALUES ('PT54', '56', 'E000055', 'Office or clinic patient', '2014-05-30', '00:00:00', 'U');
INSERT INTO native.Cdm_testing_optumpan.labs(ptid, encid, test_name, test_type, order_date, order_time, result_time, test_result, result_unit, evaluated_for_range, value_within_range) VALUES ('PT54', 'E000055', 'Oxygen saturation (SpO2).pulse oximetry', 'CHEMISTRY', '2014-05-30', '00:00:00', '00:00:00', 'negative', '%', 'Y', 'Y');
-- 25: Patient has medication_administrations data occurring data occurring exactly 30 days after death event. Expected result: dead
INSERT INTO native.Cdm_testing_optumpan.patient(ptid, birth_yr, gender, race, ethnicity, region, division, pct_college_educ, deceased_indicator, date_of_death, idn_indicator, first_month_active, last_month_active, notes_eligible, has_notes, sourceid, source_data_through) VALUES ('PT57', '1929 and Earlier', 'Female', 'Caucasian', 'Not Hispanic', 'Midwest', 'East North Central', '26.0', '0', '201404', '1', '200601', '201806', '1', '1', 'S0093', '201806');
INSERT INTO native.Cdm_testing_optumpan.encounter(ptid, visitid, encid, interaction_type, interaction_date, interaction_time, academic_community_flag) VALUES ('PT57', '59', 'E000058', 'Office or clinic patient', '2014-05-30', '00:00:00', 'U');
INSERT INTO native.Cdm_testing_optumpan.medication_administrations(ptid, encid, drug_name, ndc, ndc_source, order_date, order_time, route, strength, strength_unit, dosage_form, generic_desc, drug_class) VALUES ('PT57', 'E000058', 'SODIUM CHLORIDE 0.9 %', '00409798309', 'Derived', '2014-05-30', '00:00:00', 'Oral', 'mg', 'mg', 'Solution', '0.9 % SODIUM CHLORIDE', 'Narcotic agonist analgesics');
-- 26: Patient has microbiology data occurring data occurring exactly 30 days after death event. Expected result: dead
INSERT INTO native.Cdm_testing_optumpan.patient(ptid, birth_yr, gender, race, ethnicity, region, division, pct_college_educ, deceased_indicator, date_of_death, idn_indicator, first_month_active, last_month_active, notes_eligible, has_notes, sourceid, source_data_through) VALUES ('PT60', '1929 and Earlier', 'Female', 'Caucasian', 'Not Hispanic', 'Midwest', 'East North Central', '26.0', '0', '201404', '1', '200601', '201806', '1', '1', 'S0093', '201806');
INSERT INTO native.Cdm_testing_optumpan.encounter(ptid, visitid, encid, interaction_type, interaction_date, interaction_time, academic_community_flag) VALUES ('PT60', '62', 'E000061', 'Office or clinic patient', '2014-05-30', '00:00:00', 'U');
INSERT INTO native.Cdm_testing_optumpan.microbiology(ptid, encid, order_date, result_date, result_time, result_status, specimen_source, organism, mapped_organism_found, culture_growth, sensitivity) VALUES ('PT60', 'E000061', '2014-05-30', '2014-05-23', '00:00:00', 'Final', 'Urine', 'E. coli', 'Escherichia coli', 'Not recorded', 'Sensitive');
-- 27: Patient has nlp_biomarkers data occurring data occurring exactly 30 days after death event. Expected result: dead
INSERT INTO native.Cdm_testing_optumpan.patient(ptid, birth_yr, gender, race, ethnicity, region, division, pct_college_educ, deceased_indicator, date_of_death, idn_indicator, first_month_active, last_month_active, notes_eligible, has_notes, sourceid, source_data_through) VALUES ('PT63', '1929 and Earlier', 'Female', 'Caucasian', 'Not Hispanic', 'Midwest', 'East North Central', '26.0', '0', '201404', '1', '200601', '201806', '1', '1', 'S0093', '201806');
INSERT INTO native.Cdm_testing_optumpan.encounter(ptid, visitid, encid, interaction_type, interaction_date, interaction_time, academic_community_flag) VALUES ('PT63', '65', 'E000064', 'Office or clinic patient', '2014-05-30', '00:00:00', 'U');
INSERT INTO native.Cdm_testing_optumpan.nlp_biomarkers(ptid, note_date, biomarker, biomarker_status) VALUES ('PT63', '2014-05-30', 'ER', 'negative');
-- 28: Patient has nlp_drug_rationale data occurring data occurring exactly 30 days after death event. Expected result: dead
INSERT INTO native.Cdm_testing_optumpan.patient(ptid, birth_yr, gender, race, ethnicity, region, division, pct_college_educ, deceased_indicator, date_of_death, idn_indicator, first_month_active, last_month_active, notes_eligible, has_notes, sourceid, source_data_through) VALUES ('PT66', '1929 and Earlier', 'Female', 'Caucasian', 'Not Hispanic', 'Midwest', 'East North Central', '26.0', '0', '201404', '1', '200601', '201806', '1', '1', 'S0093', '201806');
INSERT INTO native.Cdm_testing_optumpan.encounter(ptid, visitid, encid, interaction_type, interaction_date, interaction_time, academic_community_flag) VALUES ('PT66', '68', 'E000067', 'Office or clinic patient', '2014-05-30', '00:00:00', 'U');
INSERT INTO native.Cdm_testing_optumpan.nlp_drug_rationale(ptid, note_date, note_section, drug_name, drug_action, drug_action_preposition) VALUES ('PT66', '2014-05-30', 'MEDICATIONS', 'ASPIRIN', 'N/A', 'OF');
-- 29: Patient has nlp_measurement data occurring data occurring exactly 30 days after death event. Expected result: dead
INSERT INTO native.Cdm_testing_optumpan.patient(ptid, birth_yr, gender, race, ethnicity, region, division, pct_college_educ, deceased_indicator, date_of_death, idn_indicator, first_month_active, last_month_active, notes_eligible, has_notes, sourceid, source_data_through) VALUES ('PT69', '1929 and Earlier', 'Female', 'Caucasian', 'Not Hispanic', 'Midwest', 'East North Central', '26.0', '0', '201404', '1', '200601', '201806', '1', '1', 'S0093', '201806');
INSERT INTO native.Cdm_testing_optumpan.encounter(ptid, visitid, encid, interaction_type, interaction_date, interaction_time, academic_community_flag) VALUES ('PT69', '71', 'E000070', 'Office or clinic patient', '2014-05-30', '00:00:00', 'U');
INSERT INTO native.Cdm_testing_optumpan.nlp_measurement(ptid, encid, note_date, measurement_type, measurement_value) VALUES ('PT69', 'E000070', '2014-05-30', 'WEIGHT', 'normal');
-- 30: Patient has nlp_sds data occurring data occurring exactly 30 days after death event. Expected result: dead
INSERT INTO native.Cdm_testing_optumpan.patient(ptid, birth_yr, gender, race, ethnicity, region, division, pct_college_educ, deceased_indicator, date_of_death, idn_indicator, first_month_active, last_month_active, notes_eligible, has_notes, sourceid, source_data_through) VALUES ('PT72', '1929 and Earlier', 'Female', 'Caucasian', 'Not Hispanic', 'Midwest', 'East North Central', '26.0', '0', '201404', '1', '200601', '201806', '1', '1', 'S0093', '201806');
INSERT INTO native.Cdm_testing_optumpan.encounter(ptid, visitid, encid, interaction_type, interaction_date, interaction_time, academic_community_flag) VALUES ('PT72', '74', 'E000073', 'Office or clinic patient', '2014-05-30', '00:00:00', 'U');
INSERT INTO native.Cdm_testing_optumpan.nlp_sds(ptid, encid, note_date, sds_term) VALUES ('PT72', 'E000073', '2014-05-30', 'pain');
-- 31: Patient has nlp_sds_family data occurring data occurring exactly 30 days after death event. Expected result: dead
INSERT INTO native.Cdm_testing_optumpan.patient(ptid, birth_yr, gender, race, ethnicity, region, division, pct_college_educ, deceased_indicator, date_of_death, idn_indicator, first_month_active, last_month_active, notes_eligible, has_notes, sourceid, source_data_through) VALUES ('PT75', '1929 and Earlier', 'Female', 'Caucasian', 'Not Hispanic', 'Midwest', 'East North Central', '26.0', '0', '201404', '1', '200601', '201806', '1', '1', 'S0093', '201806');
INSERT INTO native.Cdm_testing_optumpan.encounter(ptid, visitid, encid, interaction_type, interaction_date, interaction_time, academic_community_flag) VALUES ('PT75', '77', 'E000076', 'Office or clinic patient', '2014-05-30', '00:00:00', 'U');
INSERT INTO native.Cdm_testing_optumpan.nlp_sds_family(ptid, encid, note_date, sds_term, sds_family_member, note_section) VALUES ('PT75', 'E000076', '2014-05-30', 'cancer', 'who=family', 'family medical history');
-- 32: Patient has observations data occurring data occurring exactly 30 days after death event. Expected result: dead
INSERT INTO native.Cdm_testing_optumpan.patient(ptid, birth_yr, gender, race, ethnicity, region, division, pct_college_educ, deceased_indicator, date_of_death, idn_indicator, first_month_active, last_month_active, notes_eligible, has_notes, sourceid, source_data_through) VALUES ('PT78', '1929 and Earlier', 'Female', 'Caucasian', 'Not Hispanic', 'Midwest', 'East North Central', '26.0', '0', '201404', '1', '200601', '201806', '1', '1', 'S0093', '201806');
INSERT INTO native.Cdm_testing_optumpan.encounter(ptid, visitid, encid, interaction_type, interaction_date, interaction_time, academic_community_flag) VALUES ('PT78', '80', 'E000079', 'Office or clinic patient', '2014-05-30', '00:00:00', 'U');
INSERT INTO native.Cdm_testing_optumpan.observations(ptid, encid, obs_type, nlp, obs_date, obs_time, obs_result, obs_unit, evaluated_for_range, value_within_range) VALUES ('PT78', 'E000079', 'SBP', 'N', '2014-05-30', '00:00:00', '18', 'mm Hg', 'N', 'U');
-- 33: Patient has patient_reported_medications data occurring data occurring exactly 30 days after death event. Expected result: dead
INSERT INTO native.Cdm_testing_optumpan.patient(ptid, birth_yr, gender, race, ethnicity, region, division, pct_college_educ, deceased_indicator, date_of_death, idn_indicator, first_month_active, last_month_active, notes_eligible, has_notes, sourceid, source_data_through) VALUES ('PT81', '1929 and Earlier', 'Female', 'Caucasian', 'Not Hispanic', 'Midwest', 'East North Central', '26.0', '0', '201404', '1', '200601', '201806', '1', '1', 'S0093', '201806');
INSERT INTO native.Cdm_testing_optumpan.encounter(ptid, visitid, encid, interaction_type, interaction_date, interaction_time, academic_community_flag) VALUES ('PT81', '83', 'E000082', 'Office or clinic patient', '2014-05-30', '00:00:00', 'U');
INSERT INTO native.Cdm_testing_optumpan.patient_reported_medications(ptid, reported_date, ndc, ndc_source, route, strength, strength_unit, dosage_form, drug_class) VALUES ('PT81', '2014-05-30', 'Derived', 'Derived', 'Oral', 'mg', 'mg', 'Tabs', 'Narcotic agonist analgesics');
-- 34: Patient has prescriptions_written data occurring data occurring exactly 30 days after death event. Expected result: dead
INSERT INTO native.Cdm_testing_optumpan.patient(ptid, birth_yr, gender, race, ethnicity, region, division, pct_college_educ, deceased_indicator, date_of_death, idn_indicator, first_month_active, last_month_active, notes_eligible, has_notes, sourceid, source_data_through) VALUES ('PT84', '1929 and Earlier', 'Female', 'Caucasian', 'Not Hispanic', 'Midwest', 'East North Central', '26.0', '0', '201404', '1', '200601', '201806', '1', '1', 'S0093', '201806');
INSERT INTO native.Cdm_testing_optumpan.encounter(ptid, visitid, encid, interaction_type, interaction_date, interaction_time, academic_community_flag) VALUES ('PT84', '86', 'E000085', 'Office or clinic patient', '2014-05-30', '00:00:00', 'U');
INSERT INTO native.Cdm_testing_optumpan.prescriptions_written(ptid, rxdate, rxtime, ndc, ndc_source, route, strength, strength_unit, num_refills, drug_class) VALUES ('PT84', '2014-05-30', '00:00:00', '00406012501', 'Derived', 'Oral', 'mg', 'mg', '0', 'Narcotic & analgesic combinations');
-- 35: Patient has procedure data occurring data occurring exactly 30 days after death event. Expected result: dead
INSERT INTO native.Cdm_testing_optumpan.patient(ptid, birth_yr, gender, race, ethnicity, region, division, pct_college_educ, deceased_indicator, date_of_death, idn_indicator, first_month_active, last_month_active, notes_eligible, has_notes, sourceid, source_data_through) VALUES ('PT87', '1929 and Earlier', 'Female', 'Caucasian', 'Not Hispanic', 'Midwest', 'East North Central', '26.0', '0', '201404', '1', '200601', '201806', '1', '1', 'S0093', '201806');
INSERT INTO native.Cdm_testing_optumpan.encounter(ptid, visitid, encid, interaction_type, interaction_date, interaction_time, academic_community_flag) VALUES ('PT87', '89', 'E000088', 'Office or clinic patient', '2014-05-30', '00:00:00', 'U');
INSERT INTO native.Cdm_testing_optumpan.[procedure](ptid, proc_date, proc_time, proc_code, proc_code_type) VALUES ('PT87', '2014-05-30', '00:00:00', 'CPT4', 'CPT4');
-- 36: Patient has visit data occurring data occurring exactly 30 days after death event. Expected result: dead
INSERT INTO native.Cdm_testing_optumpan.patient(ptid, birth_yr, gender, race, ethnicity, region, division, pct_college_educ, deceased_indicator, date_of_death, idn_indicator, first_month_active, last_month_active, notes_eligible, has_notes, sourceid, source_data_through) VALUES ('PT90', '1929 and Earlier', 'Female', 'Caucasian', 'Not Hispanic', 'Midwest', 'East North Central', '26.0', '0', '201404', '1', '200601', '201806', '1', '1', 'S0093', '201806');
INSERT INTO native.Cdm_testing_optumpan.encounter(ptid, visitid, encid, interaction_type, interaction_date, interaction_time, academic_community_flag) VALUES ('PT90', '92', 'E000091', 'Office or clinic patient', '2014-05-30', '00:00:00', 'U');
INSERT INTO native.Cdm_testing_optumpan.visit(ptid, visitid, visit_type, visit_start_date, visit_start_time, visit_end_date, visit_end_time, discharge_disposition, admission_source) VALUES ('PT90', '92', 'Emergency patient', '2014-05-30', '00:00:00', '2015-12-15', '00:00:00', '01 DISCHARGED TO HOME OR SELF CARE', 'Referred by physician or self referral; non-healthcare facility point of origin');
-- 37: Patient has diagnosis data occurring data occurring 60 days after death event. Expected result: not dead
INSERT INTO native.Cdm_testing_optumpan.patient(ptid, birth_yr, gender, race, ethnicity, region, division, pct_college_educ, deceased_indicator, date_of_death, idn_indicator, first_month_active, last_month_active, notes_eligible, has_notes, sourceid, source_data_through) VALUES ('PT93', '1929 and Earlier', 'Female', 'Caucasian', 'Not Hispanic', 'Midwest', 'East North Central', '26.0', '0', '201404', '1', '200601', '201806', '1', '1', 'S0093', '201806');
INSERT INTO native.Cdm_testing_optumpan.encounter(ptid, visitid, encid, interaction_type, interaction_date, interaction_time, academic_community_flag) VALUES ('PT93', '95', 'E000094', 'Office or clinic patient', '2014-06-29', '00:00:00', 'U');
INSERT INTO native.Cdm_testing_optumpan.diagnosis(ptid, encid, diag_date, diag_time, diagnosis_cd, diagnosis_cd_type, diagnosis_status, poa, admitting_diagnosis, discharge_diagnosis, primary_diagnosis, problem_list) VALUES ('PT93', 'E000094', '2014-06-29', '00:00:00', '7061', 'ICD9', 'Diagnosis of', '0', '0', '0', '0', 'N');
-- 38: Patient has encounter data occurring data occurring 60 days after death event. Expected result: not dead
INSERT INTO native.Cdm_testing_optumpan.patient(ptid, birth_yr, gender, race, ethnicity, region, division, pct_college_educ, deceased_indicator, date_of_death, idn_indicator, first_month_active, last_month_active, notes_eligible, has_notes, sourceid, source_data_through) VALUES ('PT96', '1929 and Earlier', 'Female', 'Caucasian', 'Not Hispanic', 'Midwest', 'East North Central', '26.0', '0', '201404', '1', '200601', '201806', '1', '1', 'S0093', '201806');
INSERT INTO native.Cdm_testing_optumpan.encounter(ptid, visitid, encid, interaction_type, interaction_date, interaction_time, academic_community_flag) VALUES ('PT96', '98', 'E000097', 'Office or clinic patient', '2014-06-29', '00:00:00', 'U');
INSERT INTO native.Cdm_testing_optumpan.encounter(ptid, encid, interaction_type, interaction_date, interaction_time, academic_community_flag) VALUES ('PT96', 'E000097', 'Office or clinic patient', '2014-06-29', '00:00:00', 'U');
-- 39: Patient has immunizations data occurring data occurring 60 days after death event. Expected result: not dead
INSERT INTO native.Cdm_testing_optumpan.patient(ptid, birth_yr, gender, race, ethnicity, region, division, pct_college_educ, deceased_indicator, date_of_death, idn_indicator, first_month_active, last_month_active, notes_eligible, has_notes, sourceid, source_data_through) VALUES ('PT99', '1929 and Earlier', 'Female', 'Caucasian', 'Not Hispanic', 'Midwest', 'East North Central', '26.0', '0', '201404', '1', '200601', '201806', '1', '1', 'S0093', '201806');
INSERT INTO native.Cdm_testing_optumpan.encounter(ptid, visitid, encid, interaction_type, interaction_date, interaction_time, academic_community_flag) VALUES ('PT99', '101', 'E0000100', 'Office or clinic patient', '2014-06-29', '00:00:00', 'U');
INSERT INTO native.Cdm_testing_optumpan.immunizations(ptid, immunization_date, mapped_name, ndc, ndc_source, pt_reported) VALUES ('PT99', '2014-06-29', 'Influenza Inactivated Vaccine', '49281039765', 'Derived', ' ');
-- 40: Patient has insurance data occurring data occurring 60 days after death event. Expected result: not dead
INSERT INTO native.Cdm_testing_optumpan.patient(ptid, birth_yr, gender, race, ethnicity, region, division, pct_college_educ, deceased_indicator, date_of_death, idn_indicator, first_month_active, last_month_active, notes_eligible, has_notes, sourceid, source_data_through) VALUES ('PT102', '1929 and Earlier', 'Female', 'Caucasian', 'Not Hispanic', 'Midwest', 'East North Central', '26.0', '0', '201404', '1', '200601', '201806', '1', '1', 'S0093', '201806');
INSERT INTO native.Cdm_testing_optumpan.encounter(ptid, visitid, encid, interaction_type, interaction_date, interaction_time, academic_community_flag) VALUES ('PT102', '104', 'E0000103', 'Office or clinic patient', '2014-06-29', '00:00:00', 'U');
INSERT INTO native.Cdm_testing_optumpan.insurance(ptid, encid, insurance_date, insurance_time, ins_type) VALUES ('PT102', 'E0000103', '2014-06-29', '00:00:00', 'Commercial');
-- 41: Patient has labs data occurring data occurring 60 days after death event. Expected result: not dead
INSERT INTO native.Cdm_testing_optumpan.patient(ptid, birth_yr, gender, race, ethnicity, region, division, pct_college_educ, deceased_indicator, date_of_death, idn_indicator, first_month_active, last_month_active, notes_eligible, has_notes, sourceid, source_data_through) VALUES ('PT105', '1929 and Earlier', 'Female', 'Caucasian', 'Not Hispanic', 'Midwest', 'East North Central', '26.0', '0', '201404', '1', '200601', '201806', '1', '1', 'S0093', '201806');
INSERT INTO native.Cdm_testing_optumpan.encounter(ptid, visitid, encid, interaction_type, interaction_date, interaction_time, academic_community_flag) VALUES ('PT105', '107', 'E0000106', 'Office or clinic patient', '2014-06-29', '00:00:00', 'U');
INSERT INTO native.Cdm_testing_optumpan.labs(ptid, encid, test_name, test_type, order_date, order_time, result_time, test_result, result_unit, evaluated_for_range, value_within_range) VALUES ('PT105', 'E0000106', 'Oxygen saturation (SpO2).pulse oximetry', 'CHEMISTRY', '2014-06-29', '00:00:00', '00:00:00', 'negative', '%', 'Y', 'Y');
-- 42: Patient has medication_administrations data occurring data occurring 60 days after death event. Expected result: not dead
INSERT INTO native.Cdm_testing_optumpan.patient(ptid, birth_yr, gender, race, ethnicity, region, division, pct_college_educ, deceased_indicator, date_of_death, idn_indicator, first_month_active, last_month_active, notes_eligible, has_notes, sourceid, source_data_through) VALUES ('PT108', '1929 and Earlier', 'Female', 'Caucasian', 'Not Hispanic', 'Midwest', 'East North Central', '26.0', '0', '201404', '1', '200601', '201806', '1', '1', 'S0093', '201806');
INSERT INTO native.Cdm_testing_optumpan.encounter(ptid, visitid, encid, interaction_type, interaction_date, interaction_time, academic_community_flag) VALUES ('PT108', '110', 'E0000109', 'Office or clinic patient', '2014-06-29', '00:00:00', 'U');
INSERT INTO native.Cdm_testing_optumpan.medication_administrations(ptid, encid, drug_name, ndc, ndc_source, order_date, order_time, route, strength, strength_unit, dosage_form, generic_desc, drug_class) VALUES ('PT108', 'E0000109', 'SODIUM CHLORIDE 0.9 %', '00409798309', 'Derived', '2014-06-29', '00:00:00', 'Oral', 'mg', 'mg', 'Solution', '0.9 % SODIUM CHLORIDE', 'Narcotic agonist analgesics');
-- 43: Patient has microbiology data occurring data occurring 60 days after death event. Expected result: not dead
INSERT INTO native.Cdm_testing_optumpan.patient(ptid, birth_yr, gender, race, ethnicity, region, division, pct_college_educ, deceased_indicator, date_of_death, idn_indicator, first_month_active, last_month_active, notes_eligible, has_notes, sourceid, source_data_through) VALUES ('PT111', '1929 and Earlier', 'Female', 'Caucasian', 'Not Hispanic', 'Midwest', 'East North Central', '26.0', '0', '201404', '1', '200601', '201806', '1', '1', 'S0093', '201806');
INSERT INTO native.Cdm_testing_optumpan.encounter(ptid, visitid, encid, interaction_type, interaction_date, interaction_time, academic_community_flag) VALUES ('PT111', '113', 'E0000112', 'Office or clinic patient', '2014-06-29', '00:00:00', 'U');
INSERT INTO native.Cdm_testing_optumpan.microbiology(ptid, encid, order_date, result_date, result_time, result_status, specimen_source, organism, mapped_organism_found, culture_growth, sensitivity) VALUES ('PT111', 'E0000112', '2014-06-29', '2014-05-23', '00:00:00', 'Final', 'Urine', 'E. coli', 'Escherichia coli', 'Not recorded', 'Sensitive');
-- 44: Patient has nlp_biomarkers data occurring data occurring 60 days after death event. Expected result: not dead
INSERT INTO native.Cdm_testing_optumpan.patient(ptid, birth_yr, gender, race, ethnicity, region, division, pct_college_educ, deceased_indicator, date_of_death, idn_indicator, first_month_active, last_month_active, notes_eligible, has_notes, sourceid, source_data_through) VALUES ('PT114', '1929 and Earlier', 'Female', 'Caucasian', 'Not Hispanic', 'Midwest', 'East North Central', '26.0', '0', '201404', '1', '200601', '201806', '1', '1', 'S0093', '201806');
INSERT INTO native.Cdm_testing_optumpan.encounter(ptid, visitid, encid, interaction_type, interaction_date, interaction_time, academic_community_flag) VALUES ('PT114', '116', 'E0000115', 'Office or clinic patient', '2014-06-29', '00:00:00', 'U');
INSERT INTO native.Cdm_testing_optumpan.nlp_biomarkers(ptid, note_date, biomarker, biomarker_status) VALUES ('PT114', '2014-06-29', 'ER', 'negative');
-- 45: Patient has nlp_drug_rationale data occurring data occurring 60 days after death event. Expected result: not dead
INSERT INTO native.Cdm_testing_optumpan.patient(ptid, birth_yr, gender, race, ethnicity, region, division, pct_college_educ, deceased_indicator, date_of_death, idn_indicator, first_month_active, last_month_active, notes_eligible, has_notes, sourceid, source_data_through) VALUES ('PT117', '1929 and Earlier', 'Female', 'Caucasian', 'Not Hispanic', 'Midwest', 'East North Central', '26.0', '0', '201404', '1', '200601', '201806', '1', '1', 'S0093', '201806');
INSERT INTO native.Cdm_testing_optumpan.encounter(ptid, visitid, encid, interaction_type, interaction_date, interaction_time, academic_community_flag) VALUES ('PT117', '119', 'E0000118', 'Office or clinic patient', '2014-06-29', '00:00:00', 'U');
INSERT INTO native.Cdm_testing_optumpan.nlp_drug_rationale(ptid, note_date, note_section, drug_name, drug_action, drug_action_preposition) VALUES ('PT117', '2014-06-29', 'MEDICATIONS', 'ASPIRIN', 'N/A', 'OF');
-- 46: Patient has nlp_measurement data occurring data occurring 60 days after death event. Expected result: not dead
INSERT INTO native.Cdm_testing_optumpan.patient(ptid, birth_yr, gender, race, ethnicity, region, division, pct_college_educ, deceased_indicator, date_of_death, idn_indicator, first_month_active, last_month_active, notes_eligible, has_notes, sourceid, source_data_through) VALUES ('PT120', '1929 and Earlier', 'Female', 'Caucasian', 'Not Hispanic', 'Midwest', 'East North Central', '26.0', '0', '201404', '1', '200601', '201806', '1', '1', 'S0093', '201806');
INSERT INTO native.Cdm_testing_optumpan.encounter(ptid, visitid, encid, interaction_type, interaction_date, interaction_time, academic_community_flag) VALUES ('PT120', '122', 'E0000121', 'Office or clinic patient', '2014-06-29', '00:00:00', 'U');
INSERT INTO native.Cdm_testing_optumpan.nlp_measurement(ptid, encid, note_date, measurement_type, measurement_value) VALUES ('PT120', 'E0000121', '2014-06-29', 'WEIGHT', 'normal');
-- 47: Patient has nlp_sds data occurring data occurring 60 days after death event. Expected result: not dead
INSERT INTO native.Cdm_testing_optumpan.patient(ptid, birth_yr, gender, race, ethnicity, region, division, pct_college_educ, deceased_indicator, date_of_death, idn_indicator, first_month_active, last_month_active, notes_eligible, has_notes, sourceid, source_data_through) VALUES ('PT123', '1929 and Earlier', 'Female', 'Caucasian', 'Not Hispanic', 'Midwest', 'East North Central', '26.0', '0', '201404', '1', '200601', '201806', '1', '1', 'S0093', '201806');
INSERT INTO native.Cdm_testing_optumpan.encounter(ptid, visitid, encid, interaction_type, interaction_date, interaction_time, academic_community_flag) VALUES ('PT123', '125', 'E0000124', 'Office or clinic patient', '2014-06-29', '00:00:00', 'U');
INSERT INTO native.Cdm_testing_optumpan.nlp_sds(ptid, encid, note_date, sds_term) VALUES ('PT123', 'E0000124', '2014-06-29', 'pain');
-- 48: Patient has nlp_sds_family data occurring data occurring 60 days after death event. Expected result: not dead
INSERT INTO native.Cdm_testing_optumpan.patient(ptid, birth_yr, gender, race, ethnicity, region, division, pct_college_educ, deceased_indicator, date_of_death, idn_indicator, first_month_active, last_month_active, notes_eligible, has_notes, sourceid, source_data_through) VALUES ('PT126', '1929 and Earlier', 'Female', 'Caucasian', 'Not Hispanic', 'Midwest', 'East North Central', '26.0', '0', '201404', '1', '200601', '201806', '1', '1', 'S0093', '201806');
INSERT INTO native.Cdm_testing_optumpan.encounter(ptid, visitid, encid, interaction_type, interaction_date, interaction_time, academic_community_flag) VALUES ('PT126', '128', 'E0000127', 'Office or clinic patient', '2014-06-29', '00:00:00', 'U');
INSERT INTO native.Cdm_testing_optumpan.nlp_sds_family(ptid, encid, note_date, sds_term, sds_family_member, note_section) VALUES ('PT126', 'E0000127', '2014-06-29', 'cancer', 'who=family', 'family medical history');
-- 49: Patient has observations data occurring data occurring 60 days after death event. Expected result: not dead
INSERT INTO native.Cdm_testing_optumpan.patient(ptid, birth_yr, gender, race, ethnicity, region, division, pct_college_educ, deceased_indicator, date_of_death, idn_indicator, first_month_active, last_month_active, notes_eligible, has_notes, sourceid, source_data_through) VALUES ('PT129', '1929 and Earlier', 'Female', 'Caucasian', 'Not Hispanic', 'Midwest', 'East North Central', '26.0', '0', '201404', '1', '200601', '201806', '1', '1', 'S0093', '201806');
INSERT INTO native.Cdm_testing_optumpan.encounter(ptid, visitid, encid, interaction_type, interaction_date, interaction_time, academic_community_flag) VALUES ('PT129', '131', 'E0000130', 'Office or clinic patient', '2014-06-29', '00:00:00', 'U');
INSERT INTO native.Cdm_testing_optumpan.observations(ptid, encid, obs_type, nlp, obs_date, obs_time, obs_result, obs_unit, evaluated_for_range, value_within_range) VALUES ('PT129', 'E0000130', 'SBP', 'N', '2014-06-29', '00:00:00', '18', 'mm Hg', 'N', 'U');
-- 50: Patient has patient_reported_medications data occurring data occurring 60 days after death event. Expected result: not dead
INSERT INTO native.Cdm_testing_optumpan.patient(ptid, birth_yr, gender, race, ethnicity, region, division, pct_college_educ, deceased_indicator, date_of_death, idn_indicator, first_month_active, last_month_active, notes_eligible, has_notes, sourceid, source_data_through) VALUES ('PT132', '1929 and Earlier', 'Female', 'Caucasian', 'Not Hispanic', 'Midwest', 'East North Central', '26.0', '0', '201404', '1', '200601', '201806', '1', '1', 'S0093', '201806');
INSERT INTO native.Cdm_testing_optumpan.encounter(ptid, visitid, encid, interaction_type, interaction_date, interaction_time, academic_community_flag) VALUES ('PT132', '134', 'E0000133', 'Office or clinic patient', '2014-06-29', '00:00:00', 'U');
INSERT INTO native.Cdm_testing_optumpan.patient_reported_medications(ptid, reported_date, ndc, ndc_source, route, strength, strength_unit, dosage_form, drug_class) VALUES ('PT132', '2014-06-29', 'Derived', 'Derived', 'Oral', 'mg', 'mg', 'Tabs', 'Narcotic agonist analgesics');
-- 51: Patient has prescriptions_written data occurring data occurring 60 days after death event. Expected result: not dead
INSERT INTO native.Cdm_testing_optumpan.patient(ptid, birth_yr, gender, race, ethnicity, region, division, pct_college_educ, deceased_indicator, date_of_death, idn_indicator, first_month_active, last_month_active, notes_eligible, has_notes, sourceid, source_data_through) VALUES ('PT135', '1929 and Earlier', 'Female', 'Caucasian', 'Not Hispanic', 'Midwest', 'East North Central', '26.0', '0', '201404', '1', '200601', '201806', '1', '1', 'S0093', '201806');
INSERT INTO native.Cdm_testing_optumpan.encounter(ptid, visitid, encid, interaction_type, interaction_date, interaction_time, academic_community_flag) VALUES ('PT135', '137', 'E0000136', 'Office or clinic patient', '2014-06-29', '00:00:00', 'U');
INSERT INTO native.Cdm_testing_optumpan.prescriptions_written(ptid, rxdate, rxtime, ndc, ndc_source, route, strength, strength_unit, num_refills, drug_class) VALUES ('PT135', '2014-06-29', '00:00:00', '00406012501', 'Derived', 'Oral', 'mg', 'mg', '0', 'Narcotic & analgesic combinations');
-- 52: Patient has procedure data occurring data occurring 60 days after death event. Expected result: not dead
INSERT INTO native.Cdm_testing_optumpan.patient(ptid, birth_yr, gender, race, ethnicity, region, division, pct_college_educ, deceased_indicator, date_of_death, idn_indicator, first_month_active, last_month_active, notes_eligible, has_notes, sourceid, source_data_through) VALUES ('PT138', '1929 and Earlier', 'Female', 'Caucasian', 'Not Hispanic', 'Midwest', 'East North Central', '26.0', '0', '201404', '1', '200601', '201806', '1', '1', 'S0093', '201806');
INSERT INTO native.Cdm_testing_optumpan.encounter(ptid, visitid, encid, interaction_type, interaction_date, interaction_time, academic_community_flag) VALUES ('PT138', '140', 'E0000139', 'Office or clinic patient', '2014-06-29', '00:00:00', 'U');
INSERT INTO native.Cdm_testing_optumpan.[procedure](ptid, proc_date, proc_time, proc_code, proc_code_type) VALUES ('PT138', '2014-06-29', '00:00:00', 'CPT4', 'CPT4');
-- 53: Patient has visit data occurring data occurring 60 days after death event. Expected result: not dead
INSERT INTO native.Cdm_testing_optumpan.patient(ptid, birth_yr, gender, race, ethnicity, region, division, pct_college_educ, deceased_indicator, date_of_death, idn_indicator, first_month_active, last_month_active, notes_eligible, has_notes, sourceid, source_data_through) VALUES ('PT141', '1929 and Earlier', 'Female', 'Caucasian', 'Not Hispanic', 'Midwest', 'East North Central', '26.0', '0', '201404', '1', '200601', '201806', '1', '1', 'S0093', '201806');
INSERT INTO native.Cdm_testing_optumpan.encounter(ptid, visitid, encid, interaction_type, interaction_date, interaction_time, academic_community_flag) VALUES ('PT141', '143', 'E0000142', 'Office or clinic patient', '2014-06-29', '00:00:00', 'U');
INSERT INTO native.Cdm_testing_optumpan.visit(ptid, visitid, visit_type, visit_start_date, visit_start_time, visit_end_date, visit_end_time, discharge_disposition, admission_source) VALUES ('PT141', '143', 'Emergency patient', '2014-06-29', '00:00:00', '2015-12-15', '00:00:00', '01 DISCHARGED TO HOME OR SELF CARE', 'Referred by physician or self referral; non-healthcare facility point of origin');
-- 54: Test HCPCS derived device coming from procedure table
INSERT INTO native.Cdm_testing_optumpan.patient(ptid, birth_yr, gender, race, ethnicity, region, division, pct_college_educ, deceased_indicator, date_of_death, idn_indicator, first_month_active, last_month_active, notes_eligible, has_notes, sourceid, source_data_through) VALUES ('PT144', '1950', 'Male', 'Caucasian', 'Not Hispanic', 'Midwest', 'East North Central', '26.0', '0', '      ', '1', '200701', '201001', '1', '1', 'S0093', '201806');
INSERT INTO native.Cdm_testing_optumpan.[procedure](ptid, proc_date, proc_time, proc_code, proc_code_type) VALUES ('PT144', '2009-01-01', '00:00:00', 'A4217', 'HCPCS');
-- 55: Test device derived from diagnosis table
INSERT INTO native.Cdm_testing_optumpan.patient(ptid, birth_yr, gender, race, ethnicity, region, division, pct_college_educ, deceased_indicator, date_of_death, idn_indicator, first_month_active, last_month_active, notes_eligible, has_notes, sourceid, source_data_through) VALUES ('PT145', '1950', 'Male', 'Caucasian', 'Not Hispanic', 'Midwest', 'East North Central', '26.0', '0', '      ', '1', '200701', '201001', '1', '1', 'S0093', '201806');
INSERT INTO native.Cdm_testing_optumpan.diagnosis(ptid, diag_date, diag_time, diagnosis_cd, diagnosis_cd_type, diagnosis_status, poa, admitting_diagnosis, discharge_diagnosis, primary_diagnosis, problem_list) VALUES ('PT145', '2009-01-01', '00:00:00', 'Y730', 'ICD10', 'Diagnosis of', '0', '0', '0', '0', 'N');
-- 56: Patient has 1 valid MEDICATION_ADMINISTRATIONS record within the enrollment period.
INSERT INTO native.Cdm_testing_optumpan.patient(ptid, birth_yr, gender, race, ethnicity, region, division, pct_college_educ, deceased_indicator, date_of_death, idn_indicator, first_month_active, last_month_active, notes_eligible, has_notes, sourceid, source_data_through) VALUES ('PT146', '1929 and Earlier', 'Female', 'Caucasian', 'Not Hispanic', 'Midwest', 'East North Central', '26.0', '0', '      ', '1', '201005', '201412', '1', '1', 'S0093', '201806');
INSERT INTO native.Cdm_testing_optumpan.encounter(ptid, encid, interaction_type, interaction_date, interaction_time, academic_community_flag) VALUES ('PT146', 'E0000147', 'Office or clinic patient', '2011-01-07', '00:00:00', 'U');
INSERT INTO native.Cdm_testing_optumpan.medication_administrations(ptid, encid, drug_name, ndc, ndc_source, order_date, order_time, route, strength, strength_unit, dosage_form, generic_desc, drug_class) VALUES ('PT146', 'E0000147', 'SODIUM CHLORIDE 0.9 %', '55111067101', 'Derived', '2011-01-07', '00:00:00', 'Oral', 'mg', 'mg', 'Solution', '0.9 % SODIUM CHLORIDE', 'Narcotic agonist analgesics');
-- 57: Patient has 2 MEDICATION_ADMINISTRATIONS records, the first within the enrollment period, the second outside of enrollment.
INSERT INTO native.Cdm_testing_optumpan.patient(ptid, birth_yr, gender, race, ethnicity, region, division, pct_college_educ, deceased_indicator, date_of_death, idn_indicator, first_month_active, last_month_active, notes_eligible, has_notes, sourceid, source_data_through) VALUES ('PT148', '1929 and Earlier', 'Female', 'Caucasian', 'Not Hispanic', 'Midwest', 'East North Central', '26.0', '0', '      ', '1', '201005', '201212', '1', '1', 'S0093', '201806');
INSERT INTO native.Cdm_testing_optumpan.encounter(ptid, encid, interaction_type, interaction_date, interaction_time, academic_community_flag) VALUES ('PT148', 'E0000149', 'Office or clinic patient', '2011-01-07', '00:00:00', 'U');
INSERT INTO native.Cdm_testing_optumpan.encounter(ptid, encid, interaction_type, interaction_date, interaction_time, academic_community_flag) VALUES ('PT148', 'E0000150', 'Office or clinic patient', '2013-01-07', '00:00:00', 'U');
INSERT INTO native.Cdm_testing_optumpan.medication_administrations(ptid, encid, drug_name, ndc, ndc_source, order_date, order_time, route, strength, strength_unit, dosage_form, generic_desc, drug_class) VALUES ('PT148', 'E0000149', 'SODIUM CHLORIDE 0.9 %', '55111067101', 'Derived', '2011-01-07', '00:00:00', 'Oral', 'mg', 'mg', 'Solution', '0.9 % SODIUM CHLORIDE', 'Narcotic agonist analgesics');
INSERT INTO native.Cdm_testing_optumpan.medication_administrations(ptid, encid, drug_name, ndc, ndc_source, order_date, order_time, route, strength, strength_unit, dosage_form, generic_desc, drug_class) VALUES ('PT148', 'E0000150', 'SODIUM CHLORIDE 0.9 %', '58487000102', 'Derived', '2013-01-07', '00:00:00', 'Oral', 'mg', 'mg', 'Solution', '0.9 % SODIUM CHLORIDE', 'Narcotic agonist analgesics');
-- 58: Patient has multiple MEDICATION_ADMINISTRATIONS records, all within enrollment period, but have the same encounter_id, ndc and order_date.
INSERT INTO native.Cdm_testing_optumpan.encounter(ptid, encid, interaction_type, interaction_date, interaction_time, academic_community_flag) VALUES ('PT151', 'E0000152', 'Inpatient', '2011-01-07', '00:00:00', 'U');
INSERT INTO native.Cdm_testing_optumpan.patient(ptid, birth_yr, gender, race, ethnicity, region, division, pct_college_educ, deceased_indicator, date_of_death, idn_indicator, first_month_active, last_month_active, notes_eligible, has_notes, sourceid, source_data_through) VALUES ('PT151', '1929 and Earlier', 'Female', 'Caucasian', 'Not Hispanic', 'Midwest', 'East North Central', '26.0', '0', '      ', '1', '201005', '201212', '1', '1', 'S0093', '201806');
INSERT INTO native.Cdm_testing_optumpan.medication_administrations(ptid, encid, drug_name, ndc, ndc_source, order_date, order_time, route, strength, strength_unit, dosage_form, generic_desc, drug_class) VALUES ('PT151', 'E0000152', 'SODIUM CHLORIDE 0.9 %', '55111067101', 'Derived', '2011-01-07', '00:00:00', 'Oral', 'mg', 'mg', 'Solution', '0.9 % SODIUM CHLORIDE', 'Narcotic agonist analgesics');
INSERT INTO native.Cdm_testing_optumpan.medication_administrations(ptid, encid, drug_name, ndc, ndc_source, order_date, order_time, route, strength, strength_unit, dosage_form, generic_desc, drug_class) VALUES ('PT151', 'E0000152', 'SODIUM CHLORIDE 0.9 %', '55111067101', 'Derived', '2011-01-07', '00:00:00', 'Oral', 'mg', 'mg', 'Solution', '0.9 % SODIUM CHLORIDE', 'Narcotic agonist analgesics');
-- 59: Patient has multiple MEDICATION_ADMINISTRATIONS records, all within enrollment period, that have the same ndc on the same day, but different encounters.
INSERT INTO native.Cdm_testing_optumpan.encounter(ptid, encid, interaction_type, interaction_date, interaction_time, academic_community_flag) VALUES ('PT153', 'E0000154', 'Inpatient', '2011-01-07', '00:00:00', 'U');
INSERT INTO native.Cdm_testing_optumpan.encounter(ptid, encid, interaction_type, interaction_date, interaction_time, academic_community_flag) VALUES ('PT153', 'E0000155', 'Inpatient', '2011-01-07', '00:00:00', 'U');
INSERT INTO native.Cdm_testing_optumpan.patient(ptid, birth_yr, gender, race, ethnicity, region, division, pct_college_educ, deceased_indicator, date_of_death, idn_indicator, first_month_active, last_month_active, notes_eligible, has_notes, sourceid, source_data_through) VALUES ('PT153', '1929 and Earlier', 'Female', 'Caucasian', 'Not Hispanic', 'Midwest', 'East North Central', '26.0', '0', '      ', '1', '201005', '201212', '1', '1', 'S0093', '201806');
INSERT INTO native.Cdm_testing_optumpan.medication_administrations(ptid, encid, drug_name, ndc, ndc_source, order_date, order_time, route, strength, strength_unit, dosage_form, generic_desc, drug_class) VALUES ('PT153', 'E0000154', 'SODIUM CHLORIDE 0.9 %', '55111067101', 'Derived', '2011-01-07', '00:00:00', 'Oral', 'mg', 'mg', 'Solution', '0.9 % SODIUM CHLORIDE', 'Narcotic agonist analgesics');
INSERT INTO native.Cdm_testing_optumpan.medication_administrations(ptid, encid, drug_name, ndc, ndc_source, order_date, order_time, route, strength, strength_unit, dosage_form, generic_desc, drug_class) VALUES ('PT153', 'E0000155', 'SODIUM CHLORIDE 0.9 %', '55111067101', 'Derived', '2011-01-07', '00:00:00', 'Oral', 'mg', 'mg', 'Solution', '0.9 % SODIUM CHLORIDE', 'Narcotic agonist analgesics');
-- 60: Patient has series of MEDICATION_ADMINISTRATIONS with the same encounter_id, but different order_date
INSERT INTO native.Cdm_testing_optumpan.encounter(ptid, encid, interaction_type, interaction_date, interaction_time, academic_community_flag) VALUES ('PT156', 'E0000157', 'Inpatient', '2011-01-07', '00:00:00', 'U');
INSERT INTO native.Cdm_testing_optumpan.patient(ptid, birth_yr, gender, race, ethnicity, region, division, pct_college_educ, deceased_indicator, date_of_death, idn_indicator, first_month_active, last_month_active, notes_eligible, has_notes, sourceid, source_data_through) VALUES ('PT156', '1929 and Earlier', 'Female', 'Caucasian', 'Not Hispanic', 'Midwest', 'East North Central', '26.0', '0', '      ', '1', '201005', '201212', '1', '1', 'S0093', '201806');
INSERT INTO native.Cdm_testing_optumpan.medication_administrations(ptid, encid, drug_name, ndc, ndc_source, order_date, order_time, route, strength, strength_unit, dosage_form, generic_desc, drug_class) VALUES ('PT156', 'E0000157', 'SODIUM CHLORIDE 0.9 %', '55111067101', 'Derived', '2011-01-07', '00:00:00', 'Oral', 'mg', 'mg', 'Solution', '0.9 % SODIUM CHLORIDE', 'Narcotic agonist analgesics');
INSERT INTO native.Cdm_testing_optumpan.medication_administrations(ptid, encid, drug_name, ndc, ndc_source, order_date, order_time, route, strength, strength_unit, dosage_form, generic_desc, drug_class) VALUES ('PT156', 'E0000157', 'SODIUM CHLORIDE 0.9 %', '55111067101', 'Derived', '2011-01-08', '00:00:00', 'Oral', 'mg', 'mg', 'Solution', '0.9 % SODIUM CHLORIDE', 'Narcotic agonist analgesics');
-- 61: Patient has MEDICATION_ADMINISTRATIONS with provid that is NULL but the encounter has a valid provider id specified
INSERT INTO native.Cdm_testing_optumpan.patient(ptid, birth_yr, gender, race, ethnicity, region, division, pct_college_educ, deceased_indicator, date_of_death, idn_indicator, first_month_active, last_month_active, notes_eligible, has_notes, sourceid, source_data_through) VALUES ('PT158', '1929 and Earlier', 'Female', 'Caucasian', 'Not Hispanic', 'Midwest', 'East North Central', '26.0', '0', '      ', '1', '201005', '201212', '1', '1', 'S0093', '201806');
INSERT INTO native.Cdm_testing_optumpan.provider(provid, specialty, prim_spec_ind) VALUES ('160', 'Internal Medicine', '1');
INSERT INTO native.Cdm_testing_optumpan.encounter(ptid, encid, interaction_type, interaction_date, interaction_time, academic_community_flag) VALUES ('PT158', 'E0000159', 'Inpatient', '2012-01-08', '00:00:00', 'U');
INSERT INTO native.Cdm_testing_optumpan.encounter_provider(encid, provid, provider_role) VALUES ('E0000159', '160', 'ATTENDING');
INSERT INTO native.Cdm_testing_optumpan.medication_administrations(ptid, encid, drug_name, ndc, ndc_source, order_date, order_time, route, strength, strength_unit, dosage_form, generic_desc, drug_class) VALUES ('PT158', 'E0000159', 'SODIUM CHLORIDE 0.9 %', '55111067101', 'Derived', '2012-01-08', '00:00:00', 'Oral', 'mg', 'mg', 'Solution', '0.9 % SODIUM CHLORIDE', 'Narcotic agonist analgesics');
-- 62: Patient has MEDICATION_ADMINISTRATIONS with an NDC that is properly mapped to the source_concept_id and standard concept_id
INSERT INTO native.Cdm_testing_optumpan.patient(ptid, birth_yr, gender, race, ethnicity, region, division, pct_college_educ, deceased_indicator, date_of_death, idn_indicator, first_month_active, last_month_active, notes_eligible, has_notes, sourceid, source_data_through) VALUES ('PT161', '1929 and Earlier', 'Female', 'Caucasian', 'Not Hispanic', 'Midwest', 'East North Central', '26.0', '0', '      ', '1', '201005', '201212', '1', '1', 'S0093', '201806');
INSERT INTO native.Cdm_testing_optumpan.medication_administrations(ptid, drug_name, ndc, ndc_source, order_date, order_time, route, strength, strength_unit, dosage_form, generic_desc, drug_class) VALUES ('PT161', 'SODIUM CHLORIDE 0.9 %', '55111067101', 'Derived', '2012-01-08', '00:00:00', 'Oral', 'mg', 'mg', 'Solution', '0.9 % SODIUM CHLORIDE', 'Narcotic agonist analgesics');
-- 63: Patient has MEDICATION_ADMINISTRATIONS with a valid quantity_of_dose
INSERT INTO native.Cdm_testing_optumpan.patient(ptid, birth_yr, gender, race, ethnicity, region, division, pct_college_educ, deceased_indicator, date_of_death, idn_indicator, first_month_active, last_month_active, notes_eligible, has_notes, sourceid, source_data_through) VALUES ('PT163', '1929 and Earlier', 'Female', 'Caucasian', 'Not Hispanic', 'Midwest', 'East North Central', '26.0', '0', '      ', '1', '201005', '201212', '1', '1', 'S0093', '201806');
INSERT INTO native.Cdm_testing_optumpan.medication_administrations(ptid, drug_name, ndc, ndc_source, order_date, order_time, route, quantity_of_dose, strength, strength_unit, dosage_form, generic_desc, drug_class) VALUES ('PT163', 'SODIUM CHLORIDE 0.9 %', '55111067101', 'Derived', '2012-01-08', '00:00:00', 'Oral', '0.5', 'mg', 'mg', 'Solution', '0.9 % SODIUM CHLORIDE', 'Narcotic agonist analgesics');
-- 64: Patient has MEDICATION_ADMINISTRATIONS and the route value is found in the source-to-concept-map and assigned the proper concept_id
INSERT INTO native.Cdm_testing_optumpan.patient(ptid, birth_yr, gender, race, ethnicity, region, division, pct_college_educ, deceased_indicator, date_of_death, idn_indicator, first_month_active, last_month_active, notes_eligible, has_notes, sourceid, source_data_through) VALUES ('PT165', '1929 and Earlier', 'Female', 'Caucasian', 'Not Hispanic', 'Midwest', 'East North Central', '26.0', '0', '      ', '1', '201005', '201212', '1', '1', 'S0093', '201806');
INSERT INTO native.Cdm_testing_optumpan.medication_administrations(ptid, drug_name, ndc, ndc_source, order_date, order_time, route, strength, strength_unit, dosage_form, generic_desc, drug_class) VALUES ('PT165', 'SODIUM CHLORIDE 0.9 %', '55111067101', 'Derived', '2012-01-08', '00:00:00', 'Oral', 'mg', 'mg', 'Solution', '0.9 % SODIUM CHLORIDE', 'Narcotic agonist analgesics');
-- 65: Patient has MEDICATION_ADMINISTRATIONS and the route value is NOT found in the source-to-concept-map and assigned concept_id of 0
INSERT INTO native.Cdm_testing_optumpan.patient(ptid, birth_yr, gender, race, ethnicity, region, division, pct_college_educ, deceased_indicator, date_of_death, idn_indicator, first_month_active, last_month_active, notes_eligible, has_notes, sourceid, source_data_through) VALUES ('PT167', '1929 and Earlier', 'Female', 'Caucasian', 'Not Hispanic', 'Midwest', 'East North Central', '26.0', '0', '      ', '1', '201005', '201212', '1', '1', 'S0093', '201806');
INSERT INTO native.Cdm_testing_optumpan.medication_administrations(ptid, drug_name, ndc, ndc_source, order_date, order_time, route, strength, strength_unit, dosage_form, generic_desc, drug_class) VALUES ('PT167', 'SODIUM CHLORIDE 0.9 %', '55111067101', 'Derived', '2012-01-08', '00:00:00', 'Osmosis', 'mg', 'mg', 'Solution', '0.9 % SODIUM CHLORIDE', 'Narcotic agonist analgesics');
-- 66: Patient has MEDICATION_ADMINISTRATIONS with a strength_unit that maps to dose_unit_source_value
INSERT INTO native.Cdm_testing_optumpan.patient(ptid, birth_yr, gender, race, ethnicity, region, division, pct_college_educ, deceased_indicator, date_of_death, idn_indicator, first_month_active, last_month_active, notes_eligible, has_notes, sourceid, source_data_through) VALUES ('PT169', '1929 and Earlier', 'Female', 'Caucasian', 'Not Hispanic', 'Midwest', 'East North Central', '26.0', '0', '      ', '1', '201005', '201212', '1', '1', 'S0093', '201806');
INSERT INTO native.Cdm_testing_optumpan.medication_administrations(ptid, drug_name, ndc, ndc_source, order_date, order_time, route, strength, strength_unit, dosage_form, generic_desc, drug_class) VALUES ('PT169', 'SODIUM CHLORIDE 0.9 %', '55111067101', 'Derived', '2012-01-08', '00:00:00', 'Oral', 'mg', 'mg/mL', 'Solution', '0.9 % SODIUM CHLORIDE', 'Narcotic agonist analgesics');
-- 67: Patient has MEDICATION_ADMINISTRATIONS with 11 digit NDC that doesn''t map, should first use 9 digits instead.
INSERT INTO native.Cdm_testing_optumpan.patient(ptid, birth_yr, gender, race, ethnicity, region, division, pct_college_educ, deceased_indicator, date_of_death, idn_indicator, first_month_active, last_month_active, notes_eligible, has_notes, sourceid, source_data_through) VALUES ('PT171', '1929 and Earlier', 'Female', 'Caucasian', 'Not Hispanic', 'Midwest', 'East North Central', '26.0', '0', '      ', '1', '201005', '201212', '1', '1', 'S0093', '201806');
INSERT INTO native.Cdm_testing_optumpan.medication_administrations(ptid, drug_name, ndc, ndc_source, order_date, order_time, route, strength, strength_unit, dosage_form, generic_desc, drug_class) VALUES ('PT171', 'SODIUM CHLORIDE 0.9 %', '13533063670', 'Derived', '2012-01-08', '00:00:00', 'Oral', 'mg', 'mg', 'Solution', '0.9 % SODIUM CHLORIDE', 'Narcotic agonist analgesics');
-- 68: Patient has PRESCRIPTIONS_WRITTEN with valid information
INSERT INTO native.Cdm_testing_optumpan.patient(ptid, birth_yr, gender, race, ethnicity, region, division, pct_college_educ, deceased_indicator, date_of_death, idn_indicator, first_month_active, last_month_active, notes_eligible, has_notes, sourceid, source_data_through) VALUES ('PT173', '1929 and Earlier', 'Female', 'Caucasian', 'Not Hispanic', 'Midwest', 'East North Central', '26.0', '0', '      ', '1', '201005', '201212', '1', '1', 'S0093', '201806');
INSERT INTO native.Cdm_testing_optumpan.prescriptions_written(ptid, rxdate, rxtime, ndc, ndc_source, route, strength, strength_unit, num_refills, drug_class) VALUES ('PT173', '2012-01-08', '00:00:00', '00406012501', 'Derived', 'Oral', 'mg', 'mg', '0', 'Narcotic & analgesic combinations');
-- 69: Patient has PRESCRIPTIONS_WRITTEN and the NDC is properly mapped to the source_concept_id and standard concept_id
INSERT INTO native.Cdm_testing_optumpan.patient(ptid, birth_yr, gender, race, ethnicity, region, division, pct_college_educ, deceased_indicator, date_of_death, idn_indicator, first_month_active, last_month_active, notes_eligible, has_notes, sourceid, source_data_through) VALUES ('PT174', '1929 and Earlier', 'Female', 'Caucasian', 'Not Hispanic', 'Midwest', 'East North Central', '26.0', '0', '      ', '1', '201005', '201212', '1', '1', 'S0093', '201806');
INSERT INTO native.Cdm_testing_optumpan.prescriptions_written(ptid, rxdate, rxtime, ndc, ndc_source, route, strength, strength_unit, num_refills, drug_class) VALUES ('PT174', '2012-01-08', '00:00:00', '55111067101', 'Derived', 'Oral', 'mg', 'mg', '0', 'Narcotic & analgesic combinations');
-- 70: Patient has PRESCRIPTIONS_WRITTEN with quantity_per_fill that contains non-numeric values
INSERT INTO native.Cdm_testing_optumpan.patient(ptid, birth_yr, gender, race, ethnicity, region, division, pct_college_educ, deceased_indicator, date_of_death, idn_indicator, first_month_active, last_month_active, notes_eligible, has_notes, sourceid, source_data_through) VALUES ('PT175', '1929 and Earlier', 'Female', 'Caucasian', 'Not Hispanic', 'Midwest', 'East North Central', '26.0', '0', '      ', '1', '201005', '201212', '1', '1', 'S0093', '201806');
INSERT INTO native.Cdm_testing_optumpan.prescriptions_written(ptid, rxdate, rxtime, ndc, ndc_source, route, strength, strength_unit, quantity_per_fill, num_refills, drug_class) VALUES ('PT175', '2012-01-08', '00:00:00', '55111067101', 'Derived', 'Oral', 'mg', 'mg', '90 Tab', '0', 'Narcotic & analgesic combinations');
-- 71: Patient has PRESCRIPTIONS_WRITTEN with quantity_per_fill that contains only numerics
INSERT INTO native.Cdm_testing_optumpan.patient(ptid, birth_yr, gender, race, ethnicity, region, division, pct_college_educ, deceased_indicator, date_of_death, idn_indicator, first_month_active, last_month_active, notes_eligible, has_notes, sourceid, source_data_through) VALUES ('PT176', '1929 and Earlier', 'Female', 'Caucasian', 'Not Hispanic', 'Midwest', 'East North Central', '26.0', '0', '      ', '1', '201005', '201212', '1', '1', 'S0093', '201806');
INSERT INTO native.Cdm_testing_optumpan.prescriptions_written(ptid, rxdate, rxtime, ndc, ndc_source, route, strength, strength_unit, quantity_per_fill, num_refills, drug_class) VALUES ('PT176', '2012-01-08', '00:00:00', '55111067101', 'Derived', 'Oral', 'mg', 'mg', '90', '0', 'Narcotic & analgesic combinations');
-- 72: Patient has PRESCRIPTIONS_WRITTEN with quantity_per_fill that contains NULL AND quantity_of_dose is NOT NULL
INSERT INTO native.Cdm_testing_optumpan.patient(ptid, birth_yr, gender, race, ethnicity, region, division, pct_college_educ, deceased_indicator, date_of_death, idn_indicator, first_month_active, last_month_active, notes_eligible, has_notes, sourceid, source_data_through) VALUES ('PT177', '1929 and Earlier', 'Female', 'Caucasian', 'Not Hispanic', 'Midwest', 'East North Central', '26.0', '0', '      ', '1', '201005', '201212', '1', '1', 'S0093', '201806');
INSERT INTO native.Cdm_testing_optumpan.prescriptions_written(ptid, rxdate, rxtime, ndc, ndc_source, route, quantity_of_dose, strength, strength_unit, num_refills, drug_class) VALUES ('PT177', '2012-01-08', '00:00:00', '55111067101', 'Derived', 'Oral', '1', 'mg', 'mg', '0', 'Narcotic & analgesic combinations');
-- 73: Patient has PRESCRIPTIONS_WRITTEN with quantity_per_fill that contains NULL AND quantity_of_dose is NOT NULL with text
INSERT INTO native.Cdm_testing_optumpan.patient(ptid, birth_yr, gender, race, ethnicity, region, division, pct_college_educ, deceased_indicator, date_of_death, idn_indicator, first_month_active, last_month_active, notes_eligible, has_notes, sourceid, source_data_through) VALUES ('PT178', '1929 and Earlier', 'Female', 'Caucasian', 'Not Hispanic', 'Midwest', 'East North Central', '26.0', '0', '      ', '1', '201005', '201212', '1', '1', 'S0093', '201806');
INSERT INTO native.Cdm_testing_optumpan.prescriptions_written(ptid, rxdate, rxtime, ndc, ndc_source, route, quantity_of_dose, strength, strength_unit, num_refills, drug_class) VALUES ('PT178', '2012-01-08', '00:00:00', '55111067101', 'Derived', 'Oral', '1 tablet', 'mg', 'mg', '0', 'Narcotic & analgesic combinations');
-- 74: Patient has PRESCRIPTIONS_WRITTEN with num_refils that contains only numerics
INSERT INTO native.Cdm_testing_optumpan.patient(ptid, birth_yr, gender, race, ethnicity, region, division, pct_college_educ, deceased_indicator, date_of_death, idn_indicator, first_month_active, last_month_active, notes_eligible, has_notes, sourceid, source_data_through) VALUES ('PT179', '1929 and Earlier', 'Female', 'Caucasian', 'Not Hispanic', 'Midwest', 'East North Central', '26.0', '0', '      ', '1', '201005', '201212', '1', '1', 'S0093', '201806');
INSERT INTO native.Cdm_testing_optumpan.prescriptions_written(ptid, rxdate, rxtime, ndc, ndc_source, route, strength, strength_unit, num_refills, drug_class) VALUES ('PT179', '2012-01-08', '00:00:00', '55111067101', 'Derived', 'Oral', 'mg', 'mg', '0', 'Narcotic & analgesic combinations');
-- 75: Patient has PRESCRIPTIONS_WRITTEN with quantity_per_fill that contains an empty value
INSERT INTO native.Cdm_testing_optumpan.patient(ptid, birth_yr, gender, race, ethnicity, region, division, pct_college_educ, deceased_indicator, date_of_death, idn_indicator, first_month_active, last_month_active, notes_eligible, has_notes, sourceid, source_data_through) VALUES ('PT180', '1929 and Earlier', 'Female', 'Caucasian', 'Not Hispanic', 'Midwest', 'East North Central', '26.0', '0', '      ', '1', '201005', '201212', '1', '1', 'S0093', '201806');
INSERT INTO native.Cdm_testing_optumpan.prescriptions_written(ptid, rxdate, rxtime, ndc, ndc_source, route, strength, strength_unit, num_refills, drug_class) VALUES ('PT180', '2012-01-08', '00:00:00', '55111067101', 'Derived', 'Oral', 'mg', 'mg', '0', 'Narcotic & analgesic combinations');
-- 76: Patient has PRESCRIPTIONS_WRITTEN with days_supply that contains only numerics
INSERT INTO native.Cdm_testing_optumpan.patient(ptid, birth_yr, gender, race, ethnicity, region, division, pct_college_educ, deceased_indicator, date_of_death, idn_indicator, first_month_active, last_month_active, notes_eligible, has_notes, sourceid, source_data_through) VALUES ('PT181', '1929 and Earlier', 'Female', 'Caucasian', 'Not Hispanic', 'Midwest', 'East North Central', '26.0', '0', '      ', '1', '201005', '201212', '1', '1', 'S0093', '201806');
INSERT INTO native.Cdm_testing_optumpan.prescriptions_written(ptid, rxdate, rxtime, ndc, ndc_source, route, strength, strength_unit, num_refills, days_supply, drug_class) VALUES ('PT181', '2012-01-08', '00:00:00', '55111067101', 'Derived', 'Oral', 'mg', 'mg', '0', '1.0', 'Narcotic & analgesic combinations');
-- 77: Patient has PRESCRIPTIONS_WRITTEN with days_supply that contains an empty value
INSERT INTO native.Cdm_testing_optumpan.patient(ptid, birth_yr, gender, race, ethnicity, region, division, pct_college_educ, deceased_indicator, date_of_death, idn_indicator, first_month_active, last_month_active, notes_eligible, has_notes, sourceid, source_data_through) VALUES ('PT182', '1929 and Earlier', 'Female', 'Caucasian', 'Not Hispanic', 'Midwest', 'East North Central', '26.0', '0', '      ', '1', '201005', '201212', '1', '1', 'S0093', '201806');
INSERT INTO native.Cdm_testing_optumpan.prescriptions_written(ptid, rxdate, rxtime, ndc, ndc_source, route, strength, strength_unit, num_refills, drug_class) VALUES ('PT182', '2012-01-08', '00:00:00', '55111067101', 'Derived', 'Oral', 'mg', 'mg', '0', 'Narcotic & analgesic combinations');
-- 78: Patient has PRESCRIPTIONS_WRITTEN with days_supply with decimal. This should drop the decimal portion.
INSERT INTO native.Cdm_testing_optumpan.patient(ptid, birth_yr, gender, race, ethnicity, region, division, pct_college_educ, deceased_indicator, date_of_death, idn_indicator, first_month_active, last_month_active, notes_eligible, has_notes, sourceid, source_data_through) VALUES ('PT183', '1929 and Earlier', 'Female', 'Caucasian', 'Not Hispanic', 'Midwest', 'East North Central', '26.0', '0', '      ', '1', '201005', '201212', '1', '1', 'S0093', '201806');
INSERT INTO native.Cdm_testing_optumpan.prescriptions_written(ptid, rxdate, rxtime, ndc, ndc_source, route, strength, strength_unit, num_refills, days_supply, drug_class) VALUES ('PT183', '2012-01-08', '00:00:00', '55111067101', 'Derived', 'Oral', 'mg', 'mg', '0', '10.7', 'Narcotic & analgesic combinations');
-- 79: Patient has PRESCRIPTIONS_WRITTEN with provid specified
INSERT INTO native.Cdm_testing_optumpan.patient(ptid, birth_yr, gender, race, ethnicity, region, division, pct_college_educ, deceased_indicator, date_of_death, idn_indicator, first_month_active, last_month_active, notes_eligible, has_notes, sourceid, source_data_through) VALUES ('PT184', '1929 and Earlier', 'Female', 'Caucasian', 'Not Hispanic', 'Midwest', 'East North Central', '26.0', '0', '      ', '1', '201005', '201212', '1', '1', 'S0093', '201806');
INSERT INTO native.Cdm_testing_optumpan.prescriptions_written(ptid, rxdate, rxtime, ndc, ndc_source, provid, route, strength, strength_unit, num_refills, drug_class) VALUES ('PT184', '2012-01-08', '00:00:00', '55111067101', 'Derived', '843801', 'Oral', 'mg', 'mg', '0', 'Narcotic & analgesic combinations');
-- 80: Patient has PRESCRIPTIONS_WRITTEN with a route that is specified in the route source-to-concept map.
INSERT INTO native.Cdm_testing_optumpan.patient(ptid, birth_yr, gender, race, ethnicity, region, division, pct_college_educ, deceased_indicator, date_of_death, idn_indicator, first_month_active, last_month_active, notes_eligible, has_notes, sourceid, source_data_through) VALUES ('PT185', '1929 and Earlier', 'Female', 'Caucasian', 'Not Hispanic', 'Midwest', 'East North Central', '26.0', '0', '      ', '1', '201005', '201212', '1', '1', 'S0093', '201806');
INSERT INTO native.Cdm_testing_optumpan.prescriptions_written(ptid, rxdate, rxtime, ndc, ndc_source, route, strength, strength_unit, num_refills, drug_class) VALUES ('PT185', '2012-01-08', '00:00:00', '55111067101', 'Derived', 'Oral', 'mg', 'mg', '0', 'Narcotic & analgesic combinations');
-- 81: Patient has PRESCRIPTIONS_WRITTEN with strength + strength_unit + dose_frequency + dosage_form that should be concatenated
INSERT INTO native.Cdm_testing_optumpan.patient(ptid, birth_yr, gender, race, ethnicity, region, division, pct_college_educ, deceased_indicator, date_of_death, idn_indicator, first_month_active, last_month_active, notes_eligible, has_notes, sourceid, source_data_through) VALUES ('PT186', '1929 and Earlier', 'Female', 'Caucasian', 'Not Hispanic', 'Midwest', 'East North Central', '26.0', '0', '      ', '1', '201005', '201212', '1', '1', 'S0093', '201806');
INSERT INTO native.Cdm_testing_optumpan.prescriptions_written(ptid, rxdate, rxtime, ndc, ndc_source, route, strength, strength_unit, dosage_form, dose_frequency, num_refills, drug_class) VALUES ('PT186', '2012-01-08', '00:00:00', '55111067101', 'Derived', 'Oral', '20 - 25', '15 MG', 'Capsule Delayed Release', '1 time a day', '0', 'Narcotic & analgesic combinations');
-- 82: Patient has PRESCRIPTIONS_WRITTEN with 11 digit NDC that doesn''t map, should first use 9 digits instead.
INSERT INTO native.Cdm_testing_optumpan.patient(ptid, birth_yr, gender, race, ethnicity, region, division, pct_college_educ, deceased_indicator, date_of_death, idn_indicator, first_month_active, last_month_active, notes_eligible, has_notes, sourceid, source_data_through) VALUES ('PT187', '1929 and Earlier', 'Female', 'Caucasian', 'Not Hispanic', 'Midwest', 'East North Central', '26.0', '0', '      ', '1', '201005', '201212', '1', '1', 'S0093', '201806');
INSERT INTO native.Cdm_testing_optumpan.prescriptions_written(ptid, rxdate, rxtime, ndc, ndc_source, route, strength, strength_unit, num_refills, drug_class) VALUES ('PT187', '2012-01-08', '00:00:00', '13533063670', 'Derived', 'Oral', 'mg', 'mg', '0', 'Narcotic & analgesic combinations');
-- 83: Patient has patient_reported_medications with valid information
INSERT INTO native.Cdm_testing_optumpan.patient(ptid, birth_yr, gender, race, ethnicity, region, division, pct_college_educ, deceased_indicator, date_of_death, idn_indicator, first_month_active, last_month_active, notes_eligible, has_notes, sourceid, source_data_through) VALUES ('PT188', '1929 and Earlier', 'Female', 'Caucasian', 'Not Hispanic', 'Midwest', 'East North Central', '26.0', '0', '      ', '1', '201005', '201212', '1', '1', 'S0093', '201806');
INSERT INTO native.Cdm_testing_optumpan.patient_reported_medications(ptid, reported_date, ndc, ndc_source, route, strength, strength_unit, dosage_form, drug_class) VALUES ('PT188', '2012-01-08', 'Derived', 'Derived', 'Oral', 'mg', 'mg', 'Tabs', 'Narcotic agonist analgesics');
-- 84: Patient has patient_reported_medications with valid reported_date and drug_type_concept_id
INSERT INTO native.Cdm_testing_optumpan.patient(ptid, birth_yr, gender, race, ethnicity, region, division, pct_college_educ, deceased_indicator, date_of_death, idn_indicator, first_month_active, last_month_active, notes_eligible, has_notes, sourceid, source_data_through) VALUES ('PT189', '1929 and Earlier', 'Female', 'Caucasian', 'Not Hispanic', 'Midwest', 'East North Central', '26.0', '0', '      ', '1', '201005', '201212', '1', '1', 'S0093', '201806');
INSERT INTO native.Cdm_testing_optumpan.patient_reported_medications(ptid, reported_date, ndc, ndc_source, route, strength, strength_unit, dosage_form, drug_class) VALUES ('PT189', '2012-01-08', '55111067101', 'Derived', 'Oral', 'mg', 'mg', 'Tabs', 'Narcotic agonist analgesics');
-- 85: Patient has PRESCRIPTIONS_WRITTEN and the NDC is properly mapped to the source_concept_id and standard concept_id
INSERT INTO native.Cdm_testing_optumpan.patient(ptid, birth_yr, gender, race, ethnicity, region, division, pct_college_educ, deceased_indicator, date_of_death, idn_indicator, first_month_active, last_month_active, notes_eligible, has_notes, sourceid, source_data_through) VALUES ('PT190', '1929 and Earlier', 'Female', 'Caucasian', 'Not Hispanic', 'Midwest', 'East North Central', '26.0', '0', '      ', '1', '201005', '201212', '1', '1', 'S0093', '201806');
INSERT INTO native.Cdm_testing_optumpan.patient_reported_medications(ptid, reported_date, ndc, ndc_source, route, strength, strength_unit, dosage_form, drug_class) VALUES ('PT190', '2012-01-08', '55111067101', 'Derived', 'Oral', 'mg', 'mg', 'Tabs', 'Narcotic agonist analgesics');
-- 86: Patient has patient_reported_medications with provid mapped
INSERT INTO native.Cdm_testing_optumpan.patient(ptid, birth_yr, gender, race, ethnicity, region, division, pct_college_educ, deceased_indicator, date_of_death, idn_indicator, first_month_active, last_month_active, notes_eligible, has_notes, sourceid, source_data_through) VALUES ('PT191', '1929 and Earlier', 'Female', 'Caucasian', 'Not Hispanic', 'Midwest', 'East North Central', '26.0', '0', '      ', '1', '201005', '201212', '1', '1', 'S0093', '201806');
INSERT INTO native.Cdm_testing_optumpan.patient_reported_medications(ptid, reported_date, ndc, ndc_source, provid, route, strength, strength_unit, dosage_form, drug_class) VALUES ('PT191', '2012-01-08', 'Derived', 'Derived', '179865', 'Oral', 'mg', 'mg', 'Tabs', 'Narcotic agonist analgesics');
-- 87: Patient has patient_reported_medications with a route that is specified in the route source-to-concept map.
INSERT INTO native.Cdm_testing_optumpan.patient(ptid, birth_yr, gender, race, ethnicity, region, division, pct_college_educ, deceased_indicator, date_of_death, idn_indicator, first_month_active, last_month_active, notes_eligible, has_notes, sourceid, source_data_through) VALUES ('PT192', '1929 and Earlier', 'Female', 'Caucasian', 'Not Hispanic', 'Midwest', 'East North Central', '26.0', '0', '      ', '1', '201005', '201212', '1', '1', 'S0093', '201806');
INSERT INTO native.Cdm_testing_optumpan.patient_reported_medications(ptid, reported_date, ndc, ndc_source, route, strength, strength_unit, dosage_form, drug_class) VALUES ('PT192', '2012-01-08', '55111067101', 'Derived', 'Oral', 'mg', 'mg', 'Tabs', 'Narcotic agonist analgesics');
-- 88: Patient has patient_reported_medications with a quantity_of_dose that maps to quantity.
INSERT INTO native.Cdm_testing_optumpan.patient(ptid, birth_yr, gender, race, ethnicity, region, division, pct_college_educ, deceased_indicator, date_of_death, idn_indicator, first_month_active, last_month_active, notes_eligible, has_notes, sourceid, source_data_through) VALUES ('PT193', '1929 and Earlier', 'Female', 'Caucasian', 'Not Hispanic', 'Midwest', 'East North Central', '26.0', '0', '      ', '1', '201005', '201212', '1', '1', 'S0093', '201806');
INSERT INTO native.Cdm_testing_optumpan.patient_reported_medications(ptid, reported_date, ndc, ndc_source, route, quantity_of_dose, strength, strength_unit, dosage_form, drug_class) VALUES ('PT193', '2012-01-08', '55111067101', 'Derived', 'Oral', '6', 'mg', 'mg', 'Tabs', 'Narcotic agonist analgesics');
-- 89: Patient has immunizations with valid information
INSERT INTO native.Cdm_testing_optumpan.patient(ptid, birth_yr, gender, race, ethnicity, region, division, pct_college_educ, deceased_indicator, date_of_death, idn_indicator, first_month_active, last_month_active, notes_eligible, has_notes, sourceid, source_data_through) VALUES ('PT194', '1929 and Earlier', 'Female', 'Caucasian', 'Not Hispanic', 'Midwest', 'East North Central', '26.0', '0', '      ', '1', '201005', '201212', '1', '1', 'S0093', '201806');
INSERT INTO native.Cdm_testing_optumpan.immunizations(ptid, immunization_date, mapped_name, ndc, ndc_source, pt_reported) VALUES ('PT194', '2011-10-12', 'Influenza Inactivated Vaccine', '66521011710', 'Derived', 'N');
-- 90: Patient has multiple immunizations records, all within enrollment period, but have the same immunization_date and ndc
INSERT INTO native.Cdm_testing_optumpan.patient(ptid, birth_yr, gender, race, ethnicity, region, division, pct_college_educ, deceased_indicator, date_of_death, idn_indicator, first_month_active, last_month_active, notes_eligible, has_notes, sourceid, source_data_through) VALUES ('PT195', '1929 and Earlier', 'Female', 'Caucasian', 'Not Hispanic', 'Midwest', 'East North Central', '26.0', '0', '      ', '1', '201005', '201212', '1', '1', 'S0093', '201806');
INSERT INTO native.Cdm_testing_optumpan.immunizations(ptid, immunization_date, mapped_name, ndc, ndc_source, pt_reported) VALUES ('PT195', '2011-10-12', 'Influenza Inactivated Vaccine', '66521011710', 'Derived', 'N');
INSERT INTO native.Cdm_testing_optumpan.immunizations(ptid, immunization_date, mapped_name, ndc, ndc_source, pt_reported) VALUES ('PT195', '2011-10-12', 'Influenza Inactivated Vaccine', '66521011710', 'Derived', 'N');
-- 91: Patient has immunizations with immunization_date that is NULL
INSERT INTO native.Cdm_testing_optumpan.patient(ptid, birth_yr, gender, race, ethnicity, region, division, pct_college_educ, deceased_indicator, date_of_death, idn_indicator, first_month_active, last_month_active, notes_eligible, has_notes, sourceid, source_data_through) VALUES ('PT196', '1929 and Earlier', 'Female', 'Caucasian', 'Not Hispanic', 'Midwest', 'East North Central', '26.0', '0', '      ', '1', '201005', '201212', '1', '1', 'S0093', '201806');
INSERT INTO native.Cdm_testing_optumpan.immunizations(ptid, mapped_name, ndc, ndc_source, pt_reported) VALUES ('PT196', 'Influenza Inactivated Vaccine', '66521011710', 'Derived', 'N');
-- 92: Patient has immunizations with pt_reported =''Y''
INSERT INTO native.Cdm_testing_optumpan.patient(ptid, birth_yr, gender, race, ethnicity, region, division, pct_college_educ, deceased_indicator, date_of_death, idn_indicator, first_month_active, last_month_active, notes_eligible, has_notes, sourceid, source_data_through) VALUES ('PT197', '1929 and Earlier', 'Female', 'Caucasian', 'Not Hispanic', 'Midwest', 'East North Central', '26.0', '0', '      ', '1', '201005', '201212', '1', '1', 'S0093', '201806');
INSERT INTO native.Cdm_testing_optumpan.immunizations(ptid, immunization_date, mapped_name, ndc, ndc_source, pt_reported) VALUES ('PT197', '2011-10-12', 'Influenza Inactivated Vaccine', '66521011710', 'Derived', 'Y');
-- 93: Patient has immunizations and the NDC is properly mapped to the source_concept_id and standard concept_id
INSERT INTO native.Cdm_testing_optumpan.patient(ptid, birth_yr, gender, race, ethnicity, region, division, pct_college_educ, deceased_indicator, date_of_death, idn_indicator, first_month_active, last_month_active, notes_eligible, has_notes, sourceid, source_data_through) VALUES ('PT198', '1929 and Earlier', 'Female', 'Caucasian', 'Not Hispanic', 'Midwest', 'East North Central', '26.0', '0', '      ', '1', '201005', '201212', '1', '1', 'S0093', '201806');
INSERT INTO native.Cdm_testing_optumpan.immunizations(ptid, immunization_date, mapped_name, ndc, ndc_source, pt_reported) VALUES ('PT198', '2011-10-12', 'Influenza Inactivated Vaccine', '66521011710', 'Derived', 'N');
-- 94: Patient has immunizations with pt_reported =''N'' with a valid drug_type_concept_id
INSERT INTO native.Cdm_testing_optumpan.patient(ptid, birth_yr, gender, race, ethnicity, region, division, pct_college_educ, deceased_indicator, date_of_death, idn_indicator, first_month_active, last_month_active, notes_eligible, has_notes, sourceid, source_data_through) VALUES ('PT199', '1929 and Earlier', 'Female', 'Caucasian', 'Not Hispanic', 'Midwest', 'East North Central', '26.0', '0', '      ', '1', '201005', '201212', '1', '1', 'S0093', '201806');
INSERT INTO native.Cdm_testing_optumpan.immunizations(ptid, immunization_date, mapped_name, ndc, ndc_source, pt_reported) VALUES ('PT199', '2011-10-12', 'Influenza Inactivated Vaccine', '66521011710', 'Derived', 'N');
-- 95: Procedure has PROC_CODE that is a drug with valid information and valid drug_type_concept_id
INSERT INTO native.Cdm_testing_optumpan.patient(ptid, birth_yr, gender, race, ethnicity, region, division, pct_college_educ, deceased_indicator, date_of_death, idn_indicator, first_month_active, last_month_active, notes_eligible, has_notes, sourceid, source_data_through) VALUES ('PT200', '1929 and Earlier', 'Female', 'Caucasian', 'Not Hispanic', 'Midwest', 'East North Central', '26.0', '0', '      ', '1', '201005', '201212', '1', '1', 'S0093', '201806');
INSERT INTO native.Cdm_testing_optumpan.[procedure](ptid, proc_date, proc_time, proc_code, proc_code_type) VALUES ('PT200', '2011-02-11', '00:00:00', 'J9310', 'HCPCS');
-- 96: Patient has multiple PROCEDURE records with the first within the enrollment period, the second outside of enrollment.
INSERT INTO native.Cdm_testing_optumpan.patient(ptid, birth_yr, gender, race, ethnicity, region, division, pct_college_educ, deceased_indicator, date_of_death, idn_indicator, first_month_active, last_month_active, notes_eligible, has_notes, sourceid, source_data_through) VALUES ('PT201', '1929 and Earlier', 'Female', 'Caucasian', 'Not Hispanic', 'Midwest', 'East North Central', '26.0', '0', '      ', '1', '201005', '201212', '1', '1', 'S0093', '201806');
INSERT INTO native.Cdm_testing_optumpan.[procedure](ptid, proc_date, proc_time, proc_code, proc_code_type) VALUES ('PT201', '2011-10-12', '00:00:00', 'J9310', 'HCPCS');
INSERT INTO native.Cdm_testing_optumpan.[procedure](ptid, proc_date, proc_time, proc_code, proc_code_type) VALUES ('PT201', '2013-10-12', '00:00:00', 'J9310', 'HCPCS');
-- 97: Patient has multiple PROCEDURE records, all within enrollment period, but have the same PROC_DATE and proc_code.
INSERT INTO native.Cdm_testing_optumpan.patient(ptid, birth_yr, gender, race, ethnicity, region, division, pct_college_educ, deceased_indicator, date_of_death, idn_indicator, first_month_active, last_month_active, notes_eligible, has_notes, sourceid, source_data_through) VALUES ('PT202', '1929 and Earlier', 'Female', 'Caucasian', 'Not Hispanic', 'Midwest', 'East North Central', '26.0', '0', '      ', '1', '201005', '201212', '1', '1', 'S0093', '201806');
INSERT INTO native.Cdm_testing_optumpan.[procedure](ptid, proc_date, proc_time, proc_code, proc_code_type) VALUES ('PT202', '2011-10-12', '00:00:00', 'J9310', 'HCPCS');
INSERT INTO native.Cdm_testing_optumpan.[procedure](ptid, proc_date, proc_time, proc_code, proc_code_type) VALUES ('PT202', '2011-10-12', '00:00:00', 'J9310', 'HCPCS');
-- 98: Patient has PROCEDURE with HCPCS proc_code that maps to a standard concept
INSERT INTO native.Cdm_testing_optumpan.patient(ptid, birth_yr, gender, race, ethnicity, region, division, pct_college_educ, deceased_indicator, date_of_death, idn_indicator, first_month_active, last_month_active, notes_eligible, has_notes, sourceid, source_data_through) VALUES ('PT203', '1929 and Earlier', 'Female', 'Caucasian', 'Not Hispanic', 'Midwest', 'East North Central', '26.0', '0', '      ', '1', '201005', '201212', '1', '1', 'S0093', '201806');
INSERT INTO native.Cdm_testing_optumpan.[procedure](ptid, proc_date, proc_time, proc_code, proc_code_type) VALUES ('PT203', '2011-10-12', '00:00:00', 'J9310', 'HCPCS');
-- 99: Patient has PROCEDURE with provid_perform that maps to provid
INSERT INTO native.Cdm_testing_optumpan.patient(ptid, birth_yr, gender, race, ethnicity, region, division, pct_college_educ, deceased_indicator, date_of_death, idn_indicator, first_month_active, last_month_active, notes_eligible, has_notes, sourceid, source_data_through) VALUES ('PT204', '1929 and Earlier', 'Female', 'Caucasian', 'Not Hispanic', 'Midwest', 'East North Central', '26.0', '0', '      ', '1', '201005', '201212', '1', '1', 'S0093', '201806');
INSERT INTO native.Cdm_testing_optumpan.provider(provid, specialty, prim_spec_ind) VALUES ('205', 'Internal Medicine', '1');
INSERT INTO native.Cdm_testing_optumpan.[procedure](ptid, proc_date, proc_time, proc_code, proc_code_type, provid_perform) VALUES ('PT204', '2011-10-12', '00:00:00', 'J9310', 'HCPCS', '205');
-- 100: NLP_DRUG_RATIONALE has valid note_date and other valid information with a valid drug_type_concept_id
INSERT INTO native.Cdm_testing_optumpan.patient(ptid, birth_yr, gender, race, ethnicity, region, division, pct_college_educ, deceased_indicator, date_of_death, idn_indicator, first_month_active, last_month_active, notes_eligible, has_notes, sourceid, source_data_through) VALUES ('PT206', '1929 and Earlier', 'Female', 'Caucasian', 'Not Hispanic', 'Midwest', 'East North Central', '26.0', '0', '      ', '1', '201005', '201212', '1', '1', 'S0093', '201806');
INSERT INTO native.Cdm_testing_optumpan.encounter(ptid, encid, interaction_type, interaction_date, interaction_time, academic_community_flag) VALUES ('PT206', 'E0000207', 'Inpatient', '2011-01-07', '00:00:00', 'U');
INSERT INTO native.Cdm_testing_optumpan.nlp_drug_rationale(ptid, encid, note_date, note_section, drug_name, drug_action, drug_action_preposition, reason_general) VALUES ('PT206', 'E0000207', '2011-01-07', 'MEDICATIONS', 'COUMADIN', 'TAKE', 'OF', 'stop');
-- 101: Patient has NLP_DRUG_RATIONALE with drug_action = STOP which should prevent it from being imported.
INSERT INTO native.Cdm_testing_optumpan.patient(ptid, birth_yr, gender, race, ethnicity, region, division, pct_college_educ, deceased_indicator, date_of_death, idn_indicator, first_month_active, last_month_active, notes_eligible, has_notes, sourceid, source_data_through) VALUES ('PT208', '1929 and Earlier', 'Female', 'Caucasian', 'Not Hispanic', 'Midwest', 'East North Central', '26.0', '0', '      ', '1', '201005', '201212', '1', '1', 'S0093', '201806');
INSERT INTO native.Cdm_testing_optumpan.encounter(ptid, encid, interaction_type, interaction_date, interaction_time, academic_community_flag) VALUES ('PT208', 'E0000209', 'Inpatient', '2011-01-07', '00:00:00', 'U');
INSERT INTO native.Cdm_testing_optumpan.nlp_drug_rationale(ptid, encid, note_date, note_section, drug_name, drug_action, drug_action_preposition, reason_general) VALUES ('PT208', 'E0000209', '2011-01-07', 'MEDICATIONS', 'COUMADIN', 'STOP', 'OF', 'stop');
-- 102: Patient has NLP_DRUG_RATIONALE with sentiment = NEED.NOT which should prevent it from being imported.
INSERT INTO native.Cdm_testing_optumpan.patient(ptid, birth_yr, gender, race, ethnicity, region, division, pct_college_educ, deceased_indicator, date_of_death, idn_indicator, first_month_active, last_month_active, notes_eligible, has_notes, sourceid, source_data_through) VALUES ('PT210', '1929 and Earlier', 'Female', 'Caucasian', 'Not Hispanic', 'Midwest', 'East North Central', '26.0', '0', '      ', '1', '201005', '201212', '1', '1', 'S0093', '201806');
INSERT INTO native.Cdm_testing_optumpan.encounter(ptid, encid, interaction_type, interaction_date, interaction_time, academic_community_flag) VALUES ('PT210', 'E0000211', 'Inpatient', '2011-01-07', '00:00:00', 'U');
INSERT INTO native.Cdm_testing_optumpan.nlp_drug_rationale(ptid, encid, note_date, note_section, drug_name, drug_action_preposition, reason_general, sentiment) VALUES ('PT210', 'E0000211', '2011-01-07', 'MEDICATIONS', 'COUMADIN', 'OF', 'stop', 'NEED.NOT');
-- 103: Simple Location
INSERT INTO native.Cdm_testing_optumpan.patient(ptid, birth_yr, gender, race, ethnicity, region, division, pct_college_educ, deceased_indicator, date_of_death, idn_indicator, first_month_active, last_month_active, notes_eligible, has_notes, sourceid, source_data_through) VALUES ('PT212', '1950', 'Male', 'Caucasian', 'Not Hispanic', 'REGION', 'DIVISION', '26.0', '0', '      ', '1', '200701', '201001', '1', '1', 'S0093', '201806');
-- 104: No Location Dupes
INSERT INTO native.Cdm_testing_optumpan.patient(ptid, birth_yr, gender, race, ethnicity, region, division, pct_college_educ, deceased_indicator, date_of_death, idn_indicator, first_month_active, last_month_active, notes_eligible, has_notes, sourceid, source_data_through) VALUES ('PT213', '1950', 'Male', 'Caucasian', 'Not Hispanic', 'DUPE_REGION', 'DUPE_DIVISION', '26.0', '0', '      ', '1', '200701', '201001', '1', '1', 'S0093', '201806');
INSERT INTO native.Cdm_testing_optumpan.patient(ptid, birth_yr, gender, race, ethnicity, region, division, pct_college_educ, deceased_indicator, date_of_death, idn_indicator, first_month_active, last_month_active, notes_eligible, has_notes, sourceid, source_data_through) VALUES ('PT213', '1950', 'Male', 'Caucasian', 'Not Hispanic', 'DUPE_REGION', 'DUPE_DIVISION', '26.0', '0', '      ', '1', '200701', '201001', '1', '1', 'S0093', '201806');
-- 105: When DIAGNOSIS_STATUS=Diagnosis Of and DIAGNOSIS_CD maps to DOMAIN=MEASUREMENT concept
INSERT INTO native.Cdm_testing_optumpan.patient(ptid, birth_yr, gender, race, ethnicity, region, division, pct_college_educ, deceased_indicator, date_of_death, idn_indicator, first_month_active, last_month_active, notes_eligible, has_notes, sourceid, source_data_through) VALUES ('PT214', '1950', 'Male', 'Caucasian', 'Not Hispanic', 'Midwest', 'East North Central', '26.0', '0', '      ', '1', '200701', '201001', '1', '1', 'S0093', '201806');
INSERT INTO native.Cdm_testing_optumpan.encounter(ptid, encid, interaction_type, interaction_date, interaction_time, academic_community_flag) VALUES ('PT214', 'E0000215', 'Inpatient', '2009-01-01', '00:00:00', 'U');
INSERT INTO native.Cdm_testing_optumpan.diagnosis(ptid, encid, diag_date, diag_time, diagnosis_cd, diagnosis_cd_type, diagnosis_status, poa, admitting_diagnosis, discharge_diagnosis, primary_diagnosis, problem_list) VALUES ('PT214', 'E0000215', '2009-01-01', '00:00:00', '7953', 'ICD9', 'Diagnosis of', '0', '0', '0', '0', 'N');
-- 106: When DIAGNOSIS_STATUS=Zachary and DIAGNOSIS_CD maps to DOMAIN=MEASUREMENT concept, should not write record
INSERT INTO native.Cdm_testing_optumpan.patient(ptid, birth_yr, gender, race, ethnicity, region, division, pct_college_educ, deceased_indicator, date_of_death, idn_indicator, first_month_active, last_month_active, notes_eligible, has_notes, sourceid, source_data_through) VALUES ('PT216', '1950', 'Male', 'Caucasian', 'Not Hispanic', 'Midwest', 'East North Central', '26.0', '0', '      ', '1', '200701', '201001', '1', '1', 'S0093', '201806');
INSERT INTO native.Cdm_testing_optumpan.encounter(ptid, encid, interaction_type, interaction_date, interaction_time, academic_community_flag) VALUES ('PT216', 'E0000217', 'Inpatient', '2009-01-01', '00:00:00', 'U');
INSERT INTO native.Cdm_testing_optumpan.diagnosis(ptid, encid, diag_date, diag_time, diagnosis_cd, diagnosis_cd_type, diagnosis_status, poa, admitting_diagnosis, discharge_diagnosis, primary_diagnosis, problem_list) VALUES ('PT216', 'E0000217', '2009-01-01', '00:00:00', '7953', 'ICD9', 'Zachary', '0', '0', '0', '0', 'N');
-- 107: When PRIMARY_DIAGNOSIS = 1 Then Type = 44786627
INSERT INTO native.Cdm_testing_optumpan.patient(ptid, birth_yr, gender, race, ethnicity, region, division, pct_college_educ, deceased_indicator, date_of_death, idn_indicator, first_month_active, last_month_active, notes_eligible, has_notes, sourceid, source_data_through) VALUES ('PT218', '1950', 'Male', 'Caucasian', 'Not Hispanic', 'Midwest', 'East North Central', '26.0', '0', '      ', '1', '200701', '201001', '1', '1', 'S0093', '201806');
INSERT INTO native.Cdm_testing_optumpan.encounter(ptid, encid, interaction_type, interaction_date, interaction_time, academic_community_flag) VALUES ('PT218', 'E0000219', 'Inpatient', '2009-01-01', '00:00:00', 'U');
INSERT INTO native.Cdm_testing_optumpan.diagnosis(ptid, encid, diag_date, diag_time, diagnosis_cd, diagnosis_cd_type, diagnosis_status, poa, admitting_diagnosis, discharge_diagnosis, primary_diagnosis, problem_list) VALUES ('PT218', 'E0000219', '2009-01-01', '00:00:00', '7953', 'ICD9', 'Diagnosis of', '0', '0', '0', '1', 'N');
-- 108: When PRIMARY_DIAGNOSIS = 6 Then Type = 44786629
INSERT INTO native.Cdm_testing_optumpan.patient(ptid, birth_yr, gender, race, ethnicity, region, division, pct_college_educ, deceased_indicator, date_of_death, idn_indicator, first_month_active, last_month_active, notes_eligible, has_notes, sourceid, source_data_through) VALUES ('PT220', '1950', 'Male', 'Caucasian', 'Not Hispanic', 'Midwest', 'East North Central', '26.0', '0', '      ', '1', '200701', '201001', '1', '1', 'S0093', '201806');
INSERT INTO native.Cdm_testing_optumpan.encounter(ptid, encid, interaction_type, interaction_date, interaction_time, academic_community_flag) VALUES ('PT220', 'E0000221', 'Inpatient', '2009-01-01', '00:00:00', 'U');
INSERT INTO native.Cdm_testing_optumpan.diagnosis(ptid, encid, diag_date, diag_time, diagnosis_cd, diagnosis_cd_type, diagnosis_status, poa, admitting_diagnosis, discharge_diagnosis, primary_diagnosis, problem_list) VALUES ('PT220', 'E0000221', '2009-01-01', '00:00:00', '7953', 'ICD9', 'Diagnosis of', '0', '0', '0', '6', 'N');
-- 109: MEASUREMENT_SOURCE_CONCEPT_ID for ICD9 795.3 gets mapped properly to 44828170
INSERT INTO native.Cdm_testing_optumpan.patient(ptid, birth_yr, gender, race, ethnicity, region, division, pct_college_educ, deceased_indicator, date_of_death, idn_indicator, first_month_active, last_month_active, notes_eligible, has_notes, sourceid, source_data_through) VALUES ('PT222', '1950', 'Male', 'Caucasian', 'Not Hispanic', 'Midwest', 'East North Central', '26.0', '0', '      ', '1', '200701', '201001', '1', '1', 'S0093', '201806');
INSERT INTO native.Cdm_testing_optumpan.encounter(ptid, encid, interaction_type, interaction_date, interaction_time, academic_community_flag) VALUES ('PT222', 'E0000223', 'Inpatient', '2009-01-01', '00:00:00', 'U');
INSERT INTO native.Cdm_testing_optumpan.diagnosis(ptid, encid, diag_date, diag_time, diagnosis_cd, diagnosis_cd_type, diagnosis_status, poa, admitting_diagnosis, discharge_diagnosis, primary_diagnosis, problem_list) VALUES ('PT222', 'E0000223', '2009-01-01', '00:00:00', '7953', 'ICD9', 'Diagnosis of', '0', '0', '0', '0', 'N');
-- 110: When DIAGNOSIS_STATUS=Diagnosis Of and Source code is a SNOMED
INSERT INTO native.Cdm_testing_optumpan.patient(ptid, birth_yr, gender, race, ethnicity, region, division, pct_college_educ, deceased_indicator, date_of_death, idn_indicator, first_month_active, last_month_active, notes_eligible, has_notes, sourceid, source_data_through) VALUES ('PT224', '1950', 'Male', 'Caucasian', 'Not Hispanic', 'Midwest', 'East North Central', '26.0', '0', '      ', '1', '200701', '201001', '1', '1', 'S0093', '201806');
INSERT INTO native.Cdm_testing_optumpan.encounter(ptid, encid, interaction_type, interaction_date, interaction_time, academic_community_flag) VALUES ('PT224', 'E0000225', 'Inpatient', '2009-01-01', '00:00:00', 'U');
INSERT INTO native.Cdm_testing_optumpan.diagnosis(ptid, encid, diag_date, diag_time, diagnosis_cd, diagnosis_cd_type, diagnosis_status, poa, admitting_diagnosis, discharge_diagnosis, primary_diagnosis, problem_list) VALUES ('PT224', 'E0000225', '2009-01-01', '00:00:00', '145003003', 'SNOMED', 'Diagnosis of', '0', '0', '0', '0', 'N');
-- 111: Test numeric result and SOURCE_CONCEPT_ID = 0
INSERT INTO native.Cdm_testing_optumpan.patient(ptid, birth_yr, gender, race, ethnicity, region, division, pct_college_educ, deceased_indicator, date_of_death, idn_indicator, first_month_active, last_month_active, notes_eligible, has_notes, sourceid, source_data_through) VALUES ('PT226', '1950', 'Male', 'Caucasian', 'Not Hispanic', 'Midwest', 'East North Central', '26.0', '0', '      ', '1', '200701', '201001', '1', '1', 'S0093', '201806');
INSERT INTO native.Cdm_testing_optumpan.encounter(ptid, encid, interaction_type, interaction_date, interaction_time, academic_community_flag) VALUES ('PT226', 'E0000227', 'Inpatient', '2009-01-01', '00:00:00', 'U');
INSERT INTO native.Cdm_testing_optumpan.labs(ptid, encid, test_name, test_type, order_time, result_date, result_time, test_result, result_unit, evaluated_for_range, value_within_range) VALUES ('PT226', 'E0000227', 'Oxygen saturation (SpO2).pulse oximetry', 'CHEMISTRY', '00:00:00', '2009-01-01', '00:00:00', '100', '%', 'Y', 'Y');
-- 112: Test non-numeric result and SOURCE_CONCEPT_ID = 0
INSERT INTO native.Cdm_testing_optumpan.patient(ptid, birth_yr, gender, race, ethnicity, region, division, pct_college_educ, deceased_indicator, date_of_death, idn_indicator, first_month_active, last_month_active, notes_eligible, has_notes, sourceid, source_data_through) VALUES ('PT228', '1950', 'Male', 'Caucasian', 'Not Hispanic', 'Midwest', 'East North Central', '26.0', '0', '      ', '1', '200701', '201001', '1', '1', 'S0093', '201806');
INSERT INTO native.Cdm_testing_optumpan.encounter(ptid, encid, interaction_type, interaction_date, interaction_time, academic_community_flag) VALUES ('PT228', 'E0000229', 'Inpatient', '2009-01-01', '00:00:00', 'U');
INSERT INTO native.Cdm_testing_optumpan.labs(ptid, encid, test_name, test_type, order_time, result_date, result_time, test_result, result_unit, evaluated_for_range, value_within_range) VALUES ('PT228', 'E0000229', 'Oxygen saturation (SpO2).pulse oximetry', 'CHEMISTRY', '00:00:00', '2009-01-01', '00:00:00', 'positive', '%', 'Y', 'Y');
-- 113: Test valid operator gets an OPERATOR_CONCEPT_ID
INSERT INTO native.Cdm_testing_optumpan.patient(ptid, birth_yr, gender, race, ethnicity, region, division, pct_college_educ, deceased_indicator, date_of_death, idn_indicator, first_month_active, last_month_active, notes_eligible, has_notes, sourceid, source_data_through) VALUES ('PT230', '1950', 'Male', 'Caucasian', 'Not Hispanic', 'Midwest', 'East North Central', '26.0', '0', '      ', '1', '200701', '201001', '1', '1', 'S0093', '201806');
INSERT INTO native.Cdm_testing_optumpan.encounter(ptid, encid, interaction_type, interaction_date, interaction_time, academic_community_flag) VALUES ('PT230', 'E0000231', 'Inpatient', '2009-01-01', '00:00:00', 'U');
INSERT INTO native.Cdm_testing_optumpan.labs(ptid, encid, test_name, test_type, order_time, result_date, result_time, test_result, relative_indicator, result_unit, evaluated_for_range, value_within_range) VALUES ('PT230', 'E0000231', 'O2 saturation.oximetry', 'CHEMISTRY', '00:00:00', '2009-01-01', '00:00:00', '100', '<=', '%', 'Y', 'Y');
-- 114: Test invalid operator gets an OPERATOR_CONCEPT_ID
INSERT INTO native.Cdm_testing_optumpan.patient(ptid, birth_yr, gender, race, ethnicity, region, division, pct_college_educ, deceased_indicator, date_of_death, idn_indicator, first_month_active, last_month_active, notes_eligible, has_notes, sourceid, source_data_through) VALUES ('PT232', '1950', 'Male', 'Caucasian', 'Not Hispanic', 'Midwest', 'East North Central', '26.0', '0', '      ', '1', '200701', '201001', '1', '1', 'S0093', '201806');
INSERT INTO native.Cdm_testing_optumpan.encounter(ptid, encid, interaction_type, interaction_date, interaction_time, academic_community_flag) VALUES ('PT232', 'E0000233', 'Inpatient', '2009-01-01', '00:00:00', 'U');
INSERT INTO native.Cdm_testing_optumpan.labs(ptid, encid, test_name, test_type, order_time, result_date, result_time, test_result, relative_indicator, result_unit, evaluated_for_range, value_within_range) VALUES ('PT232', 'E0000233', 'O2 saturation.oximetry', 'CHEMISTRY', '00:00:00', '2009-01-01', '00:00:00', '100', 'ZA', '%', 'Y', 'Y');
-- 115: map case-sensitive UCUM vocabulary to UNIT_CONCEPT_ID, row count right
INSERT INTO native.Cdm_testing_optumpan.patient(ptid, birth_yr, gender, race, ethnicity, region, division, pct_college_educ, deceased_indicator, date_of_death, idn_indicator, first_month_active, last_month_active, notes_eligible, has_notes, sourceid, source_data_through) VALUES ('PT234', '1950', 'Male', 'Caucasian', 'Not Hispanic', 'Midwest', 'East North Central', '26.0', '0', '      ', '1', '200701', '201001', '1', '1', 'S0093', '201806');
INSERT INTO native.Cdm_testing_optumpan.encounter(ptid, encid, interaction_type, interaction_date, interaction_time, academic_community_flag) VALUES ('PT234', 'E0000235', 'Inpatient', '2009-01-01', '00:00:00', 'U');
INSERT INTO native.Cdm_testing_optumpan.labs(ptid, encid, test_name, test_type, order_time, result_date, result_time, test_result, result_unit, evaluated_for_range, value_within_range) VALUES ('PT234', 'E0000235', 'O2 saturation.oximetry', 'CHEMISTRY', '00:00:00', '2009-01-01', '00:00:00', '100', 'pH', 'Y', 'Y');
-- 116: Test when normal range has a hyphen
INSERT INTO native.Cdm_testing_optumpan.patient(ptid, birth_yr, gender, race, ethnicity, region, division, pct_college_educ, deceased_indicator, date_of_death, idn_indicator, first_month_active, last_month_active, notes_eligible, has_notes, sourceid, source_data_through) VALUES ('PT236', '1950', 'Male', 'Caucasian', 'Not Hispanic', 'Midwest', 'East North Central', '26.0', '0', '      ', '1', '200701', '201001', '1', '1', 'S0093', '201806');
INSERT INTO native.Cdm_testing_optumpan.encounter(ptid, encid, interaction_type, interaction_date, interaction_time, academic_community_flag) VALUES ('PT236', 'E0000237', 'Inpatient', '2009-01-01', '00:00:00', 'U');
INSERT INTO native.Cdm_testing_optumpan.labs(ptid, encid, test_name, test_type, order_time, result_date, result_time, test_result, result_unit, normal_range, evaluated_for_range, value_within_range) VALUES ('PT236', 'E0000237', 'O2 saturation.oximetry', 'CHEMISTRY', '00:00:00', '2009-01-01', '00:00:00', '100', '%', '55-65', 'Y', 'Y');
-- 117: Test when normal range does not have a hyphen
INSERT INTO native.Cdm_testing_optumpan.patient(ptid, birth_yr, gender, race, ethnicity, region, division, pct_college_educ, deceased_indicator, date_of_death, idn_indicator, first_month_active, last_month_active, notes_eligible, has_notes, sourceid, source_data_through) VALUES ('PT238', '1950', 'Male', 'Caucasian', 'Not Hispanic', 'Midwest', 'East North Central', '26.0', '0', '      ', '1', '200701', '201001', '1', '1', 'S0093', '201806');
INSERT INTO native.Cdm_testing_optumpan.encounter(ptid, encid, interaction_type, interaction_date, interaction_time, academic_community_flag) VALUES ('PT238', 'E0000239', 'Inpatient', '2009-01-01', '00:00:00', 'U');
INSERT INTO native.Cdm_testing_optumpan.labs(ptid, encid, test_name, test_type, order_time, result_date, result_time, test_result, result_unit, normal_range, evaluated_for_range, value_within_range) VALUES ('PT238', 'E0000239', 'O2 saturation.oximetry', 'CHEMISTRY', '00:00:00', '2009-01-01', '00:00:00', '100', '%', '55', 'Y', 'Y');
-- 118: MEASUREMENT_TYPE gets properly mapped to a CONCEPT_ID from NLP_MEASUREMENT
INSERT INTO native.Cdm_testing_optumpan.patient(ptid, birth_yr, gender, race, ethnicity, region, division, pct_college_educ, deceased_indicator, date_of_death, idn_indicator, first_month_active, last_month_active, notes_eligible, has_notes, sourceid, source_data_through) VALUES ('PT240', '1950', 'Male', 'Caucasian', 'Not Hispanic', 'Midwest', 'East North Central', '26.0', '0', '      ', '1', '200701', '201001', '1', '1', 'S0093', '201806');
INSERT INTO native.Cdm_testing_optumpan.encounter(ptid, encid, interaction_type, interaction_date, interaction_time, academic_community_flag) VALUES ('PT240', 'E0000241', 'Inpatient', '2009-01-01', '00:00:00', 'U');
INSERT INTO native.Cdm_testing_optumpan.nlp_measurement(ptid, encid, note_date, measurement_type, measurement_value, measurement_date) VALUES ('PT240', 'E0000241', '2015-02-22', 'WEIGHT', '100', '2009-01-01');
-- 119: Non-numeric MEASUREMENT_VALUE from NLP_MEASUREMENT
INSERT INTO native.Cdm_testing_optumpan.patient(ptid, birth_yr, gender, race, ethnicity, region, division, pct_college_educ, deceased_indicator, date_of_death, idn_indicator, first_month_active, last_month_active, notes_eligible, has_notes, sourceid, source_data_through) VALUES ('PT242', '1950', 'Male', 'Caucasian', 'Not Hispanic', 'Midwest', 'East North Central', '26.0', '0', '      ', '1', '200701', '201001', '1', '1', 'S0093', '201806');
INSERT INTO native.Cdm_testing_optumpan.encounter(ptid, encid, interaction_type, interaction_date, interaction_time, academic_community_flag) VALUES ('PT242', 'E0000243', 'Inpatient', '2009-01-01', '00:00:00', 'U');
INSERT INTO native.Cdm_testing_optumpan.nlp_measurement(ptid, encid, note_date, measurement_type, measurement_value, measurement_date) VALUES ('PT242', 'E0000243', '2015-02-22', 'WEIGHT', 'positive', '2009-01-01');
-- 120: Measurement_detail gets mapped properly to a case sensitive UCUM from NLP_MEASUREMENT
INSERT INTO native.Cdm_testing_optumpan.patient(ptid, birth_yr, gender, race, ethnicity, region, division, pct_college_educ, deceased_indicator, date_of_death, idn_indicator, first_month_active, last_month_active, notes_eligible, has_notes, sourceid, source_data_through) VALUES ('PT244', '1950', 'Male', 'Caucasian', 'Not Hispanic', 'Midwest', 'East North Central', '26.0', '0', '      ', '1', '200701', '201001', '1', '1', 'S0093', '201806');
INSERT INTO native.Cdm_testing_optumpan.encounter(ptid, encid, interaction_type, interaction_date, interaction_time, academic_community_flag) VALUES ('PT244', 'E0000245', 'Inpatient', '2009-01-01', '00:00:00', 'U');
INSERT INTO native.Cdm_testing_optumpan.nlp_measurement(ptid, encid, note_date, measurement_type, measurement_value, measurement_detail, measurement_date) VALUES ('PT244', 'E0000245', '2015-02-22', 'WEIGHT', 'positive', 'pH', '2009-01-01');
-- 121: Test that a mappable OBS_TYPE gets a CONCEPT_ID from OBSERVATIONS
INSERT INTO native.Cdm_testing_optumpan.patient(ptid, birth_yr, gender, race, ethnicity, region, division, pct_college_educ, deceased_indicator, date_of_death, idn_indicator, first_month_active, last_month_active, notes_eligible, has_notes, sourceid, source_data_through) VALUES ('PT246', '1950', 'Male', 'Caucasian', 'Not Hispanic', 'Midwest', 'East North Central', '26.0', '0', '      ', '1', '200701', '201001', '1', '1', 'S0093', '201806');
INSERT INTO native.Cdm_testing_optumpan.encounter(ptid, encid, interaction_type, interaction_date, interaction_time, academic_community_flag) VALUES ('PT246', 'E0000247', 'Inpatient', '2009-01-01', '00:00:00', 'U');
INSERT INTO native.Cdm_testing_optumpan.observations(ptid, encid, obs_type, nlp, obs_date, obs_time, obs_result, obs_unit, evaluated_for_range, value_within_range) VALUES ('PT246', 'E0000247', 'SBP', 'N', '2009-01-01', '00:00:00', '18', 'mm Hg', 'N', 'U');
-- 122: Test that an unmappable OBS_TYPE gets a 0 CONCEPT_ID write a record to OBSERVATION table
INSERT INTO native.Cdm_testing_optumpan.patient(ptid, birth_yr, gender, race, ethnicity, region, division, pct_college_educ, deceased_indicator, date_of_death, idn_indicator, first_month_active, last_month_active, notes_eligible, has_notes, sourceid, source_data_through) VALUES ('PT248', '1950', 'Male', 'Caucasian', 'Not Hispanic', 'Midwest', 'East North Central', '26.0', '0', '      ', '1', '200701', '201001', '1', '1', 'S0093', '201806');
INSERT INTO native.Cdm_testing_optumpan.encounter(ptid, encid, interaction_type, interaction_date, interaction_time, academic_community_flag) VALUES ('PT248', 'E0000249', 'Inpatient', '2009-01-01', '00:00:00', 'U');
INSERT INTO native.Cdm_testing_optumpan.observations(ptid, encid, obs_type, nlp, obs_date, obs_time, obs_result, obs_unit, evaluated_for_range, value_within_range) VALUES ('PT248', 'E0000249', 'Zach', 'N', '2009-01-01', '00:00:00', '18', 'mm Hg', 'N', 'U');
-- 123: Test UNIT_CONCEPT_ID gets mapped from OBSERVATIONS
INSERT INTO native.Cdm_testing_optumpan.patient(ptid, birth_yr, gender, race, ethnicity, region, division, pct_college_educ, deceased_indicator, date_of_death, idn_indicator, first_month_active, last_month_active, notes_eligible, has_notes, sourceid, source_data_through) VALUES ('PT250', '1950', 'Male', 'Caucasian', 'Not Hispanic', 'Midwest', 'East North Central', '26.0', '0', '      ', '1', '200701', '201001', '1', '1', 'S0093', '201806');
INSERT INTO native.Cdm_testing_optumpan.encounter(ptid, encid, interaction_type, interaction_date, interaction_time, academic_community_flag) VALUES ('PT250', 'E0000251', 'Inpatient', '2009-01-01', '00:00:00', 'U');
INSERT INTO native.Cdm_testing_optumpan.observations(ptid, encid, obs_type, nlp, obs_date, obs_time, obs_result, obs_unit, evaluated_for_range, value_within_range) VALUES ('PT250', 'E0000251', 'SBP', 'N', '2009-01-01', '00:00:00', 'rare', 'pH', 'N', 'U');
-- 124: Tests if 2 patient durations (where second is subsumed by the first) results in a single observation period
INSERT INTO native.Cdm_testing_optumpan.patient(ptid, birth_yr, gender, race, ethnicity, region, division, pct_college_educ, deceased_indicator, date_of_death, idn_indicator, first_month_active, last_month_active, notes_eligible, has_notes, sourceid, source_data_through) VALUES ('PT252', '1929 and Earlier', 'Female', 'Caucasian', 'Not Hispanic', 'Midwest', 'East North Central', '26.0', '0', '      ', '1', '201005', '201412', '1', '1', 'S0093', '201806');
INSERT INTO native.Cdm_testing_optumpan.patient(ptid, birth_yr, gender, race, ethnicity, region, division, pct_college_educ, deceased_indicator, date_of_death, idn_indicator, first_month_active, last_month_active, notes_eligible, has_notes, sourceid, source_data_through) VALUES ('PT252', '1929 and Earlier', 'Female', 'Caucasian', 'Not Hispanic', 'Midwest', 'East North Central', '26.0', '0', '      ', '1', '201006', '201411', '1', '1', 'S0093', '201806');
-- 125: Tests if 2 patient durations (where second is within 30 days of first) results in a single observation period
INSERT INTO native.Cdm_testing_optumpan.patient(ptid, birth_yr, gender, race, ethnicity, region, division, pct_college_educ, deceased_indicator, date_of_death, idn_indicator, first_month_active, last_month_active, notes_eligible, has_notes, sourceid, source_data_through) VALUES ('PT253', '1929 and Earlier', 'Female', 'Caucasian', 'Not Hispanic', 'Midwest', 'East North Central', '26.0', '0', '      ', '1', '200005', '200512', '1', '1', 'S0093', '201806');
INSERT INTO native.Cdm_testing_optumpan.patient(ptid, birth_yr, gender, race, ethnicity, region, division, pct_college_educ, deceased_indicator, date_of_death, idn_indicator, first_month_active, last_month_active, notes_eligible, has_notes, sourceid, source_data_through) VALUES ('PT253', '1929 and Earlier', 'Female', 'Caucasian', 'Not Hispanic', 'Midwest', 'East North Central', '26.0', '0', '      ', '1', '200601', '201112', '1', '1', 'S0093', '201806');
-- 126: Tests if 2 patient durations (where second starts 33 days after first) results in two observation periods
INSERT INTO native.Cdm_testing_optumpan.patient(ptid, birth_yr, gender, race, ethnicity, region, division, pct_college_educ, deceased_indicator, date_of_death, idn_indicator, first_month_active, last_month_active, notes_eligible, has_notes, sourceid, source_data_through) VALUES ('PT254', '1929 and Earlier', 'Female', 'Caucasian', 'Not Hispanic', 'Midwest', 'East North Central', '26.0', '0', '      ', '1', '200104', '200612', '1', '1', 'S0093', '201806');
INSERT INTO native.Cdm_testing_optumpan.patient(ptid, birth_yr, gender, race, ethnicity, region, division, pct_college_educ, deceased_indicator, date_of_death, idn_indicator, first_month_active, last_month_active, notes_eligible, has_notes, sourceid, source_data_through) VALUES ('PT254', '1929 and Earlier', 'Female', 'Caucasian', 'Not Hispanic', 'Midwest', 'East North Central', '26.0', '0', '      ', '1', '200005', '200012', '1', '1', 'S0093', '201806');
-- 127: Patient duration is 1 month
INSERT INTO native.Cdm_testing_optumpan.patient(ptid, birth_yr, gender, race, ethnicity, region, division, pct_college_educ, deceased_indicator, date_of_death, idn_indicator, first_month_active, last_month_active, notes_eligible, has_notes, sourceid, source_data_through) VALUES ('PT255', '1929 and Earlier', 'Female', 'Caucasian', 'Not Hispanic', 'Midwest', 'East North Central', '26.0', '0', '      ', '1', '201305', '201305', '1', '1', 'S0093', '201806');
-- 128: Patient has 1 valid OBSERVATIONS record within the enrollment period. Validate that the obs_date maps to the observation_date field properly.
INSERT INTO native.Cdm_testing_optumpan.patient(ptid, birth_yr, gender, race, ethnicity, region, division, pct_college_educ, deceased_indicator, date_of_death, idn_indicator, first_month_active, last_month_active, notes_eligible, has_notes, sourceid, source_data_through) VALUES ('PT256', '1950', 'Male', 'Caucasian', 'Not Hispanic', 'Midwest', 'East North Central', '26.0', '0', '      ', '1', '200701', '201001', '1', '1', 'S0093', '201806');
INSERT INTO native.Cdm_testing_optumpan.observations(ptid, obs_type, nlp, obs_date, obs_time, obs_result, obs_unit, evaluated_for_range, value_within_range) VALUES ('PT256', 'SBP', 'N', '2009-01-01', '00:00:00', '18', 'mm Hg', 'N', 'U');
-- 129: Patient has 2 OBSERVATIONS records, the first within the enrollment period, the second outside of enrollment.
INSERT INTO native.Cdm_testing_optumpan.patient(ptid, birth_yr, gender, race, ethnicity, region, division, pct_college_educ, deceased_indicator, date_of_death, idn_indicator, first_month_active, last_month_active, notes_eligible, has_notes, sourceid, source_data_through) VALUES ('PT257', '1950', 'Male', 'Caucasian', 'Not Hispanic', 'Midwest', 'East North Central', '26.0', '0', '      ', '1', '200701', '201001', '1', '1', 'S0093', '201806');
INSERT INTO native.Cdm_testing_optumpan.observations(ptid, obs_type, nlp, obs_date, obs_time, obs_result, obs_unit, evaluated_for_range, value_within_range) VALUES ('PT257', 'SBP', 'N', '2009-01-01', '00:00:00', '18', 'mm Hg', 'N', 'U');
INSERT INTO native.Cdm_testing_optumpan.observations(ptid, obs_type, nlp, obs_date, obs_time, obs_result, obs_unit, evaluated_for_range, value_within_range) VALUES ('PT257', 'SBP', 'N', '2015-01-01', '00:00:00', '18', 'mm Hg', 'N', 'U');
-- 130: Patient has multiple OBSERVATIONS records, all within enrollment period
INSERT INTO native.Cdm_testing_optumpan.patient(ptid, birth_yr, gender, race, ethnicity, region, division, pct_college_educ, deceased_indicator, date_of_death, idn_indicator, first_month_active, last_month_active, notes_eligible, has_notes, sourceid, source_data_through) VALUES ('PT258', '1950', 'Male', 'Caucasian', 'Not Hispanic', 'Midwest', 'East North Central', '26.0', '0', '      ', '1', '200701', '201001', '1', '1', 'S0093', '201806');
INSERT INTO native.Cdm_testing_optumpan.observations(ptid, obs_type, nlp, obs_date, obs_time, obs_result, obs_unit, evaluated_for_range, value_within_range) VALUES ('PT258', 'ALCOHOL', 'N', '2009-01-01', '00:00:00', '18', 'mm Hg', 'N', 'U');
INSERT INTO native.Cdm_testing_optumpan.observations(ptid, obs_type, nlp, obs_date, obs_time, obs_result, obs_unit, evaluated_for_range, value_within_range) VALUES ('PT258', 'ALCOHOL', 'N', '2009-01-01', '00:00:00', '18', 'mm Hg', 'N', 'U');
-- 131: Patient has OBSERVATIONS record; validate the encid mapping to visit_occurrence_id
INSERT INTO native.Cdm_testing_optumpan.patient(ptid, birth_yr, gender, race, ethnicity, region, division, pct_college_educ, deceased_indicator, date_of_death, idn_indicator, first_month_active, last_month_active, notes_eligible, has_notes, sourceid, source_data_through) VALUES ('PT259', '1950', 'Male', 'Caucasian', 'Not Hispanic', 'Midwest', 'East North Central', '26.0', '0', '      ', '1', '200701', '201001', '1', '1', 'S0093', '201806');
INSERT INTO native.Cdm_testing_optumpan.encounter(ptid, encid, interaction_type, interaction_date, interaction_time, academic_community_flag) VALUES ('PT259', 'E0000260', 'Inpatient', '2009-01-01', '00:00:00', 'U');
INSERT INTO native.Cdm_testing_optumpan.observations(ptid, encid, obs_type, nlp, obs_date, obs_time, obs_result, obs_unit, evaluated_for_range, value_within_range) VALUES ('PT259', 'E0000260', 'SBP', 'N', '2009-01-01', '00:00:00', '18', 'mm Hg', 'N', 'U');
-- 132: Patient has OBSERVATIONS record; validate the obs_type mapping found in the STCM to observation_concept_id
INSERT INTO native.Cdm_testing_optumpan.patient(ptid, birth_yr, gender, race, ethnicity, region, division, pct_college_educ, deceased_indicator, date_of_death, idn_indicator, first_month_active, last_month_active, notes_eligible, has_notes, sourceid, source_data_through) VALUES ('PT261', '1950', 'Male', 'Caucasian', 'Not Hispanic', 'Midwest', 'East North Central', '26.0', '0', '      ', '1', '200701', '201001', '1', '1', 'S0093', '201806');
INSERT INTO native.Cdm_testing_optumpan.observations(ptid, obs_type, nlp, obs_date, obs_time, obs_result, obs_unit, evaluated_for_range, value_within_range) VALUES ('PT261', 'ALCOHOL', 'N', '2009-01-01', '00:00:00', '18', 'mm Hg', 'N', 'U');
-- 133: Patient has OBSERVATIONS record; validate the obs_type mapping NOT found in the STCM maps to observation_concept_id = 0
INSERT INTO native.Cdm_testing_optumpan.patient(ptid, birth_yr, gender, race, ethnicity, region, division, pct_college_educ, deceased_indicator, date_of_death, idn_indicator, first_month_active, last_month_active, notes_eligible, has_notes, sourceid, source_data_through) VALUES ('PT262', '1950', 'Male', 'Caucasian', 'Not Hispanic', 'Midwest', 'East North Central', '26.0', '0', '      ', '1', '200701', '201001', '1', '1', 'S0093', '201806');
INSERT INTO native.Cdm_testing_optumpan.observations(ptid, obs_type, nlp, obs_date, obs_time, obs_result, obs_unit, evaluated_for_range, value_within_range) VALUES ('PT262', 'SBP', 'N', '2009-01-01', '00:00:00', '18', 'mm Hg', 'N', 'U');
-- 134: Patient has OBSERVATIONS record; validate the observation_type_concept_id is populated correctly
INSERT INTO native.Cdm_testing_optumpan.patient(ptid, birth_yr, gender, race, ethnicity, region, division, pct_college_educ, deceased_indicator, date_of_death, idn_indicator, first_month_active, last_month_active, notes_eligible, has_notes, sourceid, source_data_through) VALUES ('PT263', '1950', 'Male', 'Caucasian', 'Not Hispanic', 'Midwest', 'East North Central', '26.0', '0', '      ', '1', '200701', '201001', '1', '1', 'S0093', '201806');
INSERT INTO native.Cdm_testing_optumpan.observations(ptid, obs_type, nlp, obs_date, obs_time, obs_result, obs_unit, evaluated_for_range, value_within_range) VALUES ('PT263', 'SBP', 'N', '2009-01-01', '00:00:00', '18', 'mm Hg', 'N', 'U');
-- 135: Patient has OBSERVATIONS record; validate the obs_time is mapped to observation_time
INSERT INTO native.Cdm_testing_optumpan.patient(ptid, birth_yr, gender, race, ethnicity, region, division, pct_college_educ, deceased_indicator, date_of_death, idn_indicator, first_month_active, last_month_active, notes_eligible, has_notes, sourceid, source_data_through) VALUES ('PT264', '1950', 'Male', 'Caucasian', 'Not Hispanic', 'Midwest', 'East North Central', '26.0', '0', '      ', '1', '200701', '201001', '1', '1', 'S0093', '201806');
INSERT INTO native.Cdm_testing_optumpan.observations(ptid, obs_type, nlp, obs_date, obs_time, obs_result, obs_unit, evaluated_for_range, value_within_range) VALUES ('PT264', 'SBP', 'N', '2009-01-01', '14:30:00', '18', 'mm Hg', 'N', 'U');
-- 136: Patient has OBSERVATIONS record; validate the obs_result is mapped to value_as_number when obs_result can be cast to a numeric
INSERT INTO native.Cdm_testing_optumpan.patient(ptid, birth_yr, gender, race, ethnicity, region, division, pct_college_educ, deceased_indicator, date_of_death, idn_indicator, first_month_active, last_month_active, notes_eligible, has_notes, sourceid, source_data_through) VALUES ('PT265', '1950', 'Male', 'Caucasian', 'Not Hispanic', 'Midwest', 'East North Central', '26.0', '0', '      ', '1', '200701', '201001', '1', '1', 'S0093', '201806');
INSERT INTO native.Cdm_testing_optumpan.observations(ptid, obs_type, nlp, obs_date, obs_time, obs_result, obs_unit, evaluated_for_range, value_within_range) VALUES ('PT265', 'SBP', 'N', '2009-01-01', '00:00:00', '100', 'mm Hg', 'N', 'U');
-- 137: Patient has OBSERVATIONS record; validate the obs_result is mapped to value_as_string when obs_result CANNOT be cast to a numeric
INSERT INTO native.Cdm_testing_optumpan.patient(ptid, birth_yr, gender, race, ethnicity, region, division, pct_college_educ, deceased_indicator, date_of_death, idn_indicator, first_month_active, last_month_active, notes_eligible, has_notes, sourceid, source_data_through) VALUES ('PT266', '1950', 'Male', 'Caucasian', 'Not Hispanic', 'Midwest', 'East North Central', '26.0', '0', '      ', '1', '200701', '201001', '1', '1', 'S0093', '201806');
INSERT INTO native.Cdm_testing_optumpan.observations(ptid, obs_type, nlp, obs_date, obs_time, obs_result, obs_unit, evaluated_for_range, value_within_range) VALUES ('PT266', 'SBP', 'N', '2009-01-01', '00:00:00', 'One Hundred', 'mm Hg', 'N', 'U');
-- 138: Patient has OBSERVATIONS record; validate the obs_unit is mapped to unit_source_value AND a valid unit_concept_id when it matches a concept in the UCUM vocabulary
INSERT INTO native.Cdm_testing_optumpan.patient(ptid, birth_yr, gender, race, ethnicity, region, division, pct_college_educ, deceased_indicator, date_of_death, idn_indicator, first_month_active, last_month_active, notes_eligible, has_notes, sourceid, source_data_through) VALUES ('PT267', '1950', 'Male', 'Caucasian', 'Not Hispanic', 'Midwest', 'East North Central', '26.0', '0', '      ', '1', '200701', '201001', '1', '1', 'S0093', '201806');
INSERT INTO native.Cdm_testing_optumpan.observations(ptid, obs_type, nlp, obs_date, obs_time, obs_result, obs_unit, evaluated_for_range, value_within_range) VALUES ('PT267', 'SBP', 'N', '2009-01-01', '00:00:00', '18', 'kilogram', 'N', 'U');
-- 139: Patient has OBSERVATIONS record; validate the obs_unit is mapped to unit_source_value AND unit_concept_id = 0 when it matches a concept in the UCUM vocabulary
INSERT INTO native.Cdm_testing_optumpan.patient(ptid, birth_yr, gender, race, ethnicity, region, division, pct_college_educ, deceased_indicator, date_of_death, idn_indicator, first_month_active, last_month_active, notes_eligible, has_notes, sourceid, source_data_through) VALUES ('PT268', '1950', 'Male', 'Caucasian', 'Not Hispanic', 'Midwest', 'East North Central', '26.0', '0', '      ', '1', '200701', '201001', '1', '1', 'S0093', '201806');
INSERT INTO native.Cdm_testing_optumpan.observations(ptid, obs_type, nlp, obs_date, obs_time, obs_result, obs_unit, evaluated_for_range, value_within_range) VALUES ('PT268', 'SBP', 'N', '2009-01-01', '00:00:00', '18', 'kg', 'N', 'U');
-- 140: Patient has OBSERVATIONS record; validate the obs_unit is mapped to unit_source_value AND unit_concept_id = 0 when it does not match a standard concept in the UCUM vocabulary
INSERT INTO native.Cdm_testing_optumpan.patient(ptid, birth_yr, gender, race, ethnicity, region, division, pct_college_educ, deceased_indicator, date_of_death, idn_indicator, first_month_active, last_month_active, notes_eligible, has_notes, sourceid, source_data_through) VALUES ('PT269', '1950', 'Male', 'Caucasian', 'Not Hispanic', 'Midwest', 'East North Central', '26.0', '0', '      ', '1', '200701', '201001', '1', '1', 'S0093', '201806');
INSERT INTO native.Cdm_testing_optumpan.observations(ptid, obs_type, nlp, obs_date, obs_time, obs_result, obs_unit, evaluated_for_range, value_within_range) VALUES ('PT269', 'SBP', 'N', '2009-01-01', '00:00:00', '18', 'TEST_UNIT', 'N', 'U');
-- 167: Tests Unknown gender does not get loaded
INSERT INTO native.Cdm_testing_optumpan.patient(ptid, birth_yr, gender, race, ethnicity, region, division, pct_college_educ, deceased_indicator, date_of_death, idn_indicator, first_month_active, last_month_active, notes_eligible, has_notes, sourceid, source_data_through) VALUES ('PT322', '1950', 'Unknown', 'Caucasian', 'Not Hispanic', 'Midwest', 'East North Central', '26.0', '0', '      ', '1', '200701', '201001', '1', '1', 'S0093', '201806');
-- 168: Tests Male gender
INSERT INTO native.Cdm_testing_optumpan.patient(ptid, birth_yr, gender, race, ethnicity, region, division, pct_college_educ, deceased_indicator, date_of_death, idn_indicator, first_month_active, last_month_active, notes_eligible, has_notes, sourceid, source_data_through) VALUES ('PT323', '1950', 'Male', 'Caucasian', 'Not Hispanic', 'Midwest', 'East North Central', '26.0', '0', '      ', '1', '200701', '201001', '1', '1', 'S0093', '201806');
-- 169: Tests Female gender
INSERT INTO native.Cdm_testing_optumpan.patient(ptid, birth_yr, gender, race, ethnicity, region, division, pct_college_educ, deceased_indicator, date_of_death, idn_indicator, first_month_active, last_month_active, notes_eligible, has_notes, sourceid, source_data_through) VALUES ('PT324', '1950', 'Female', 'Caucasian', 'Not Hispanic', 'Midwest', 'East North Central', '26.0', '0', '      ', '1', '200701', '201001', '1', '1', 'S0093', '201806');
-- 170: Tests Unknown birth year
INSERT INTO native.Cdm_testing_optumpan.patient(ptid, birth_yr, gender, race, ethnicity, region, division, pct_college_educ, deceased_indicator, date_of_death, idn_indicator, first_month_active, last_month_active, notes_eligible, has_notes, sourceid, source_data_through) VALUES ('PT325', 'Unknown', 'Male', 'Caucasian', 'Not Hispanic', 'Midwest', 'East North Central', '26.0', '0', '      ', '1', '200701', '201001', '1', '1', 'S0093', '201806');
-- 171: Tests 1928 and earlier birth year
INSERT INTO native.Cdm_testing_optumpan.patient(ptid, birth_yr, gender, race, ethnicity, region, division, pct_college_educ, deceased_indicator, date_of_death, idn_indicator, first_month_active, last_month_active, notes_eligible, has_notes, sourceid, source_data_through) VALUES ('PT326', '1928 and earlier', 'Male', 'Caucasian', 'Not Hispanic', 'Midwest', 'East North Central', '26.0', '0', '      ', '1', '200701', '201001', '1', '1', 'S0093', '201806');
-- 172: Tests 1930 birth year
INSERT INTO native.Cdm_testing_optumpan.patient(ptid, birth_yr, gender, race, ethnicity, region, division, pct_college_educ, deceased_indicator, date_of_death, idn_indicator, first_month_active, last_month_active, notes_eligible, has_notes, sourceid, source_data_through) VALUES ('PT327', '1930', 'Male', 'Caucasian', 'Not Hispanic', 'Midwest', 'East North Central', '26.0', '0', '      ', '1', '200701', '201001', '1', '1', 'S0093', '201806');
-- 173: Tests Asian race
INSERT INTO native.Cdm_testing_optumpan.patient(ptid, birth_yr, gender, race, ethnicity, region, division, pct_college_educ, deceased_indicator, date_of_death, idn_indicator, first_month_active, last_month_active, notes_eligible, has_notes, sourceid, source_data_through) VALUES ('PT328', '1950', 'Male', 'Asian', 'Not Hispanic', 'Midwest', 'East North Central', '26.0', '0', '      ', '1', '200701', '201001', '1', '1', 'S0093', '201806');
-- 174: Tests African American race
INSERT INTO native.Cdm_testing_optumpan.patient(ptid, birth_yr, gender, race, ethnicity, region, division, pct_college_educ, deceased_indicator, date_of_death, idn_indicator, first_month_active, last_month_active, notes_eligible, has_notes, sourceid, source_data_through) VALUES ('PT329', '1950', 'Male', 'African American', 'Not Hispanic', 'Midwest', 'East North Central', '26.0', '0', '      ', '1', '200701', '201001', '1', '1', 'S0093', '201806');
-- 175: Tests Caucasian race
INSERT INTO native.Cdm_testing_optumpan.patient(ptid, birth_yr, gender, race, ethnicity, region, division, pct_college_educ, deceased_indicator, date_of_death, idn_indicator, first_month_active, last_month_active, notes_eligible, has_notes, sourceid, source_data_through) VALUES ('PT330', '1950', 'Male', 'Caucasian', 'Not Hispanic', 'Midwest', 'East North Central', '26.0', '0', '      ', '1', '200701', '201001', '1', '1', 'S0093', '201806');
-- 176: Tests Unknown race
INSERT INTO native.Cdm_testing_optumpan.patient(ptid, birth_yr, gender, race, ethnicity, region, division, pct_college_educ, deceased_indicator, date_of_death, idn_indicator, first_month_active, last_month_active, notes_eligible, has_notes, sourceid, source_data_through) VALUES ('PT331', '1950', 'Male', 'Other/Unknown', 'Not Hispanic', 'Midwest', 'East North Central', '26.0', '0', '      ', '1', '200701', '201001', '1', '1', 'S0093', '201806');
-- 177: Tests Hispanic ethnicity, Asian race
INSERT INTO native.Cdm_testing_optumpan.patient(ptid, birth_yr, gender, race, ethnicity, region, division, pct_college_educ, deceased_indicator, date_of_death, idn_indicator, first_month_active, last_month_active, notes_eligible, has_notes, sourceid, source_data_through) VALUES ('PT332', '1950', 'Male', 'Asian', 'Hispanic', 'Midwest', 'East North Central', '26.0', '0', '      ', '1', '200701', '201001', '1', '1', 'S0093', '201806');
-- 178: Tests Hispanic ethnicity, African American race
INSERT INTO native.Cdm_testing_optumpan.patient(ptid, birth_yr, gender, race, ethnicity, region, division, pct_college_educ, deceased_indicator, date_of_death, idn_indicator, first_month_active, last_month_active, notes_eligible, has_notes, sourceid, source_data_through) VALUES ('PT333', '1950', 'Male', 'African American', 'Hispanic', 'Midwest', 'East North Central', '26.0', '0', '      ', '1', '200701', '201001', '1', '1', 'S0093', '201806');
-- 179: Tests Hispanic ethnicity, Caucasian race
INSERT INTO native.Cdm_testing_optumpan.patient(ptid, birth_yr, gender, race, ethnicity, region, division, pct_college_educ, deceased_indicator, date_of_death, idn_indicator, first_month_active, last_month_active, notes_eligible, has_notes, sourceid, source_data_through) VALUES ('PT334', '1950', 'Male', 'Caucasian', 'Hispanic', 'Midwest', 'East North Central', '26.0', '0', '      ', '1', '200701', '201001', '1', '1', 'S0093', '201806');
-- 180: Tests Hispanic ethnicity, unknown race
INSERT INTO native.Cdm_testing_optumpan.patient(ptid, birth_yr, gender, race, ethnicity, region, division, pct_college_educ, deceased_indicator, date_of_death, idn_indicator, first_month_active, last_month_active, notes_eligible, has_notes, sourceid, source_data_through) VALUES ('PT335', '1950', 'Male', 'Other/Unknown', 'Hispanic', 'Midwest', 'East North Central', '26.0', '0', '      ', '1', '200701', '201001', '1', '1', 'S0093', '201806');
-- 181: Tests procedure record with proc_code_type CPT4
INSERT INTO native.Cdm_testing_optumpan.patient(ptid, birth_yr, gender, race, ethnicity, region, division, pct_college_educ, deceased_indicator, date_of_death, idn_indicator, first_month_active, last_month_active, notes_eligible, has_notes, sourceid, source_data_through) VALUES ('PT336', '1950', 'Male', 'Caucasian', 'Not Hispanic', 'Midwest', 'East North Central', '26.0', '0', '      ', '1', '200701', '201001', '1', '1', 'S0093', '201806');
INSERT INTO native.Cdm_testing_optumpan.[procedure](ptid, proc_date, proc_time, proc_code, proc_code_type) VALUES ('PT336', '2009-01-01', '00:00:00', '36415', 'CPT4');
-- 182: Tests procedure record with proc_code_type HCPCS
INSERT INTO native.Cdm_testing_optumpan.patient(ptid, birth_yr, gender, race, ethnicity, region, division, pct_college_educ, deceased_indicator, date_of_death, idn_indicator, first_month_active, last_month_active, notes_eligible, has_notes, sourceid, source_data_through) VALUES ('PT337', '1950', 'Male', 'Caucasian', 'Not Hispanic', 'Midwest', 'East North Central', '26.0', '0', '      ', '1', '200701', '201001', '1', '1', 'S0093', '201806');
INSERT INTO native.Cdm_testing_optumpan.[procedure](ptid, proc_date, proc_time, proc_code, proc_code_type) VALUES ('PT337', '2009-01-01', '00:00:00', 'G0290', 'HCPCS');
-- 183: Tests procedure record with proc_code_type ICD9
INSERT INTO native.Cdm_testing_optumpan.patient(ptid, birth_yr, gender, race, ethnicity, region, division, pct_college_educ, deceased_indicator, date_of_death, idn_indicator, first_month_active, last_month_active, notes_eligible, has_notes, sourceid, source_data_through) VALUES ('PT338', '1950', 'Male', 'Caucasian', 'Not Hispanic', 'Midwest', 'East North Central', '26.0', '0', '      ', '1', '200701', '201001', '1', '1', 'S0093', '201806');
INSERT INTO native.Cdm_testing_optumpan.[procedure](ptid, proc_date, proc_time, proc_code, proc_code_type) VALUES ('PT338', '2009-01-01', '00:00:00', '33.50', 'ICD9');
-- 184: Tests procedure record with proc_code_type ICD10
INSERT INTO native.Cdm_testing_optumpan.patient(ptid, birth_yr, gender, race, ethnicity, region, division, pct_college_educ, deceased_indicator, date_of_death, idn_indicator, first_month_active, last_month_active, notes_eligible, has_notes, sourceid, source_data_through) VALUES ('PT339', '1950', 'Male', 'Caucasian', 'Not Hispanic', 'Midwest', 'East North Central', '26.0', '0', '      ', '1', '200701', '201001', '1', '1', 'S0093', '201806');
INSERT INTO native.Cdm_testing_optumpan.[procedure](ptid, proc_date, proc_time, proc_code, proc_code_type) VALUES ('PT339', '2009-01-01', '00:00:00', '0J8S0ZZ', 'ICD10');
-- 185: Tests procedure type concept
INSERT INTO native.Cdm_testing_optumpan.patient(ptid, birth_yr, gender, race, ethnicity, region, division, pct_college_educ, deceased_indicator, date_of_death, idn_indicator, first_month_active, last_month_active, notes_eligible, has_notes, sourceid, source_data_through) VALUES ('PT340', '1950', 'Male', 'Caucasian', 'Not Hispanic', 'Midwest', 'East North Central', '26.0', '0', '      ', '1', '200701', '201001', '1', '1', 'S0093', '201806');
INSERT INTO native.Cdm_testing_optumpan.[procedure](ptid, proc_date, proc_time, proc_code, proc_code_type) VALUES ('PT340', '2009-01-01', '00:00:00', '36415', 'CPT4');
-- 186: Tests procedure record with proc_code_type of blank results in unmapped procedure occurrence
INSERT INTO native.Cdm_testing_optumpan.patient(ptid, birth_yr, gender, race, ethnicity, region, division, pct_college_educ, deceased_indicator, date_of_death, idn_indicator, first_month_active, last_month_active, notes_eligible, has_notes, sourceid, source_data_through) VALUES ('PT341', '1950', 'Male', 'Caucasian', 'Not Hispanic', 'Midwest', 'East North Central', '26.0', '0', '      ', '1', '200701', '201001', '1', '1', 'S0093', '201806');
INSERT INTO native.Cdm_testing_optumpan.[procedure](ptid, proc_date, proc_time, proc_code, proc_code_type) VALUES ('PT341', '2009-01-01', '00:00:00', '36415', '');
-- 187: Tests procedure record with proc_code_type CUSTOM results in unmapped procedure occurrence
INSERT INTO native.Cdm_testing_optumpan.patient(ptid, birth_yr, gender, race, ethnicity, region, division, pct_college_educ, deceased_indicator, date_of_death, idn_indicator, first_month_active, last_month_active, notes_eligible, has_notes, sourceid, source_data_through) VALUES ('PT342', '1950', 'Male', 'Caucasian', 'Not Hispanic', 'Midwest', 'East North Central', '26.0', '0', '      ', '1', '200701', '201001', '1', '1', 'S0093', '201806');
INSERT INTO native.Cdm_testing_optumpan.[procedure](ptid, proc_date, proc_time, proc_code, proc_code_type) VALUES ('PT342', '2009-01-01', '00:00:00', '36415', 'CUSTOM');
-- 188: Tests procedure record with proc_code_type REV results in unmapped procedure occurrence
INSERT INTO native.Cdm_testing_optumpan.patient(ptid, birth_yr, gender, race, ethnicity, region, division, pct_college_educ, deceased_indicator, date_of_death, idn_indicator, first_month_active, last_month_active, notes_eligible, has_notes, sourceid, source_data_through) VALUES ('PT343', '1950', 'Male', 'Caucasian', 'Not Hispanic', 'Midwest', 'East North Central', '26.0', '0', '      ', '1', '200701', '201001', '1', '1', 'S0093', '201806');
INSERT INTO native.Cdm_testing_optumpan.[procedure](ptid, proc_date, proc_time, proc_code, proc_code_type) VALUES ('PT343', '2009-01-01', '00:00:00', '36415', 'REV');
-- 189: Tests procedure record with proc_code_type CLM_UNK results in unmapped procedure occurrence
INSERT INTO native.Cdm_testing_optumpan.patient(ptid, birth_yr, gender, race, ethnicity, region, division, pct_college_educ, deceased_indicator, date_of_death, idn_indicator, first_month_active, last_month_active, notes_eligible, has_notes, sourceid, source_data_through) VALUES ('PT344', '1950', 'Male', 'Caucasian', 'Not Hispanic', 'Midwest', 'East North Central', '26.0', '0', '      ', '1', '200701', '201001', '1', '1', 'S0093', '201806');
INSERT INTO native.Cdm_testing_optumpan.[procedure](ptid, proc_date, proc_time, proc_code, proc_code_type) VALUES ('PT344', '2009-01-01', '00:00:00', '36415', 'CLM_UNK');
-- 190: Tests procedure record with CPT4 code 38241 to verify that it creates a procedure record
INSERT INTO native.Cdm_testing_optumpan.patient(ptid, birth_yr, gender, race, ethnicity, region, division, pct_college_educ, deceased_indicator, date_of_death, idn_indicator, first_month_active, last_month_active, notes_eligible, has_notes, sourceid, source_data_through) VALUES ('PT345', '1950', 'Male', 'Caucasian', 'Not Hispanic', 'Midwest', 'East North Central', '26.0', '0', '      ', '1', '200701', '201001', '1', '1', 'S0093', '201806');
INSERT INTO native.Cdm_testing_optumpan.[procedure](ptid, proc_date, proc_time, proc_code, proc_code_type) VALUES ('PT345', '2009-01-01', '00:00:00', '38241', 'CPT4');
-- 191: Tests procedure record with nonsense proc_code to verify entry created
INSERT INTO native.Cdm_testing_optumpan.patient(ptid, birth_yr, gender, race, ethnicity, region, division, pct_college_educ, deceased_indicator, date_of_death, idn_indicator, first_month_active, last_month_active, notes_eligible, has_notes, sourceid, source_data_through) VALUES ('PT346', '1950', 'Male', 'Caucasian', 'Not Hispanic', 'Midwest', 'East North Central', '26.0', '0', '      ', '1', '200701', '201001', '1', '1', 'S0093', '201806');
INSERT INTO native.Cdm_testing_optumpan.[procedure](ptid, proc_date, proc_time, proc_code, proc_code_type) VALUES ('PT346', '2009-01-01', '00:00:00', '000123', 'CPT4');
-- 192: Tests procedure type concept id from diagnosis record
INSERT INTO native.Cdm_testing_optumpan.patient(ptid, birth_yr, gender, race, ethnicity, region, division, pct_college_educ, deceased_indicator, date_of_death, idn_indicator, first_month_active, last_month_active, notes_eligible, has_notes, sourceid, source_data_through) VALUES ('PT347', '1950', 'Male', 'Caucasian', 'Not Hispanic', 'Midwest', 'East North Central', '26.0', '0', '      ', '1', '200701', '201001', '1', '1', 'S0093', '201806');
INSERT INTO native.Cdm_testing_optumpan.encounter(ptid, encid, interaction_type, interaction_date, interaction_time, academic_community_flag) VALUES ('PT347', 'E0000348', 'Office or clinic patient', '2009-01-01', '00:00:00', 'U');
INSERT INTO native.Cdm_testing_optumpan.diagnosis(ptid, encid, diag_date, diag_time, diagnosis_cd, diagnosis_cd_type, diagnosis_status, poa, admitting_diagnosis, discharge_diagnosis, primary_diagnosis, problem_list) VALUES ('PT347', 'E0000348', '2009-01-01', '00:00:00', '79382', 'ICD9', 'Diagnosis of', '0', '0', '0', '0', 'N');
-- 193: Diagnosis without ''Diagnosis of'' status is not loaded
INSERT INTO native.Cdm_testing_optumpan.patient(ptid, birth_yr, gender, race, ethnicity, region, division, pct_college_educ, deceased_indicator, date_of_death, idn_indicator, first_month_active, last_month_active, notes_eligible, has_notes, sourceid, source_data_through) VALUES ('PT349', '1950', 'Male', 'Caucasian', 'Not Hispanic', 'Midwest', 'East North Central', '26.0', '0', '      ', '1', '200701', '201001', '1', '1', 'S0093', '201806');
INSERT INTO native.Cdm_testing_optumpan.encounter(ptid, encid, interaction_type, interaction_date, interaction_time, academic_community_flag) VALUES ('PT349', 'E0000350', 'Office or clinic patient', '2009-01-01', '00:00:00', 'U');
INSERT INTO native.Cdm_testing_optumpan.diagnosis(ptid, encid, diag_date, diag_time, diagnosis_cd, diagnosis_cd_type, diagnosis_status, poa, admitting_diagnosis, discharge_diagnosis, primary_diagnosis, problem_list) VALUES ('PT349', 'E0000350', '2009-01-01', '00:00:00', '634.91', 'ICD9', 'Family history of', '0', '0', '0', '0', 'N');
-- 194: Diagnosis record with diagnosis_cd_type ICD9
INSERT INTO native.Cdm_testing_optumpan.patient(ptid, birth_yr, gender, race, ethnicity, region, division, pct_college_educ, deceased_indicator, date_of_death, idn_indicator, first_month_active, last_month_active, notes_eligible, has_notes, sourceid, source_data_through) VALUES ('PT351', '1950', 'Male', 'Caucasian', 'Not Hispanic', 'Midwest', 'East North Central', '26.0', '0', '      ', '1', '200701', '201001', '1', '1', 'S0093', '201806');
INSERT INTO native.Cdm_testing_optumpan.encounter(ptid, encid, interaction_type, interaction_date, interaction_time, academic_community_flag) VALUES ('PT351', 'E0000352', 'Office or clinic patient', '2009-01-01', '00:00:00', 'U');
INSERT INTO native.Cdm_testing_optumpan.diagnosis(ptid, encid, diag_date, diag_time, diagnosis_cd, diagnosis_cd_type, diagnosis_status, poa, admitting_diagnosis, discharge_diagnosis, primary_diagnosis, problem_list) VALUES ('PT351', 'E0000352', '2009-01-01', '00:00:00', '79382', 'ICD9', 'Diagnosis of', '0', '0', '0', '0', 'N');
-- 195: Diagnosis record with diagnosis_cd_type ICD10
INSERT INTO native.Cdm_testing_optumpan.patient(ptid, birth_yr, gender, race, ethnicity, region, division, pct_college_educ, deceased_indicator, date_of_death, idn_indicator, first_month_active, last_month_active, notes_eligible, has_notes, sourceid, source_data_through) VALUES ('PT353', '1950', 'Male', 'Caucasian', 'Not Hispanic', 'Midwest', 'East North Central', '26.0', '0', '      ', '1', '200701', '201001', '1', '1', 'S0093', '201806');
INSERT INTO native.Cdm_testing_optumpan.encounter(ptid, encid, interaction_type, interaction_date, interaction_time, academic_community_flag) VALUES ('PT353', 'E0000354', 'Office or clinic patient', '2009-01-01', '00:00:00', 'U');
INSERT INTO native.Cdm_testing_optumpan.diagnosis(ptid, encid, diag_date, diag_time, diagnosis_cd, diagnosis_cd_type, diagnosis_status, poa, admitting_diagnosis, discharge_diagnosis, primary_diagnosis, problem_list) VALUES ('PT353', 'E0000354', '2009-01-01', '00:00:00', 'R939', 'ICD10', 'Diagnosis of', '0', '0', '0', '0', 'N');
-- 196: Diagnosis record with diagnosis_cd_type SNOMED
INSERT INTO native.Cdm_testing_optumpan.patient(ptid, birth_yr, gender, race, ethnicity, region, division, pct_college_educ, deceased_indicator, date_of_death, idn_indicator, first_month_active, last_month_active, notes_eligible, has_notes, sourceid, source_data_through) VALUES ('PT355', '1950', 'Male', 'Caucasian', 'Not Hispanic', 'Midwest', 'East North Central', '26.0', '0', '      ', '1', '200701', '201001', '1', '1', 'S0093', '201806');
INSERT INTO native.Cdm_testing_optumpan.encounter(ptid, encid, interaction_type, interaction_date, interaction_time, academic_community_flag) VALUES ('PT355', 'E0000356', 'Office or clinic patient', '2009-01-01', '00:00:00', 'U');
INSERT INTO native.Cdm_testing_optumpan.diagnosis(ptid, encid, diag_date, diag_time, diagnosis_cd, diagnosis_cd_type, diagnosis_status, poa, admitting_diagnosis, discharge_diagnosis, primary_diagnosis, problem_list) VALUES ('PT355', 'E0000356', '2009-01-01', '00:00:00', '10019001', 'SNOMED', 'Diagnosis of', '0', '0', '0', '0', 'N');
-- 197: Simple Provider Mapping
INSERT INTO native.Cdm_testing_optumpan.provider(provid, specialty, prim_spec_ind) VALUES ('357', 'Internal Medicine', '1');
-- 198: Dupe Provider Mapping
INSERT INTO native.Cdm_testing_optumpan.provider(provid, specialty, prim_spec_ind) VALUES ('358', 'Family Medicine', '1');
INSERT INTO native.Cdm_testing_optumpan.provider(provid, specialty, prim_spec_ind) VALUES ('358', 'Family Medicine', '1');
-- 199: Non-Primary specialty Mapping
INSERT INTO native.Cdm_testing_optumpan.provider(provid, specialty, prim_spec_ind) VALUES ('359', 'Primary Medicine', '1');
INSERT INTO native.Cdm_testing_optumpan.provider(provid, specialty, prim_spec_ind) VALUES ('359', 'Emergency Medicine', '0');
-- 200: Visit from Diagnosis Test
INSERT INTO native.Cdm_testing_optumpan.patient(ptid, birth_yr, gender, race, ethnicity, region, division, pct_college_educ, deceased_indicator, date_of_death, idn_indicator, first_month_active, last_month_active, notes_eligible, has_notes, sourceid, source_data_through) VALUES ('PT360', '1929 and Earlier', 'Female', 'Caucasian', 'Not Hispanic', 'Midwest', 'East North Central', '26.0', '0', '      ', '1', '200601', '201806', '1', '1', 'S0093', '201806');
INSERT INTO native.Cdm_testing_optumpan.diagnosis(ptid, encid, diag_date, diag_time, diagnosis_cd, diagnosis_cd_type, diagnosis_status, poa, admitting_diagnosis, discharge_diagnosis, primary_diagnosis, problem_list) VALUES ('PT360', 'E0000361', '2014-05-02', '00:00:00', '4019', 'ICD9', 'Diagnosis of', '0', '0', '0', '0', 'N');
INSERT INTO native.Cdm_testing_optumpan.diagnosis(ptid, encid, diag_date, diag_time, diagnosis_cd, diagnosis_cd_type, diagnosis_status, poa, admitting_diagnosis, discharge_diagnosis, primary_diagnosis, problem_list) VALUES ('PT360', 'E0000362', '2014-05-02', '00:00:00', '2724', 'ICD9', 'Diagnosis of', '0', '0', '0', '0', 'N');
INSERT INTO native.Cdm_testing_optumpan.visit(ptid, visitid, visit_type, visit_start_date, visit_start_time, visit_end_date, visit_end_time, discharge_disposition, admission_source) VALUES ('PT360', '363', 'Emergency patient', '2014-03-05', '00:00:00', '2014-03-10', '00:00:00', '01 DISCHARGED TO HOME OR SELF CARE', 'Referred by physician or self referral; non-healthcare facility point of origin');
INSERT INTO native.Cdm_testing_optumpan.encounter(ptid, visitid, encid, interaction_type, interaction_date, interaction_time, academic_community_flag) VALUES ('PT360', '363', 'E0000361', 'Office or clinic patient', '2014-03-06', '00:00:00', 'U');
INSERT INTO native.Cdm_testing_optumpan.encounter(ptid, visitid, encid, interaction_type, interaction_date, interaction_time, academic_community_flag) VALUES ('PT360', '363', 'E0000362', 'Office or clinic patient', '2014-03-07', '00:00:00', 'U');
-- 201: Native Visit with single encounter from Medication Administration
INSERT INTO native.Cdm_testing_optumpan.patient(ptid, birth_yr, gender, race, ethnicity, region, division, pct_college_educ, deceased_indicator, date_of_death, idn_indicator, first_month_active, last_month_active, notes_eligible, has_notes, sourceid, source_data_through) VALUES ('PT364', '1929 and Earlier', 'Female', 'Caucasian', 'Not Hispanic', 'Midwest', 'East North Central', '26.0', '0', '      ', '1', '201005', '201412', '1', '1', 'S0093', '201806');
INSERT INTO native.Cdm_testing_optumpan.visit(ptid, visitid, visit_type, visit_start_date, visit_start_time, visit_end_date, visit_end_time, discharge_disposition, admission_source) VALUES ('PT364', '366', 'Emergency patient', '2011-01-07', '00:00:00', '2011-01-08', '00:00:00', '01 DISCHARGED TO HOME OR SELF CARE', 'Referred by physician or self referral; non-healthcare facility point of origin');
INSERT INTO native.Cdm_testing_optumpan.encounter(ptid, visitid, encid, interaction_type, interaction_date, interaction_time, academic_community_flag) VALUES ('PT364', '366', 'E0000365', 'Office or clinic patient', '2011-01-07', '00:00:00', 'U');
INSERT INTO native.Cdm_testing_optumpan.medication_administrations(ptid, encid, drug_name, ndc, ndc_source, order_date, order_time, route, strength, strength_unit, dosage_form, generic_desc, drug_class) VALUES ('PT364', 'E0000365', 'SODIUM CHLORIDE 0.9 %', '55111067101', 'Derived', '2011-01-07', '00:00:00', 'Oral', 'mg', 'mg', 'Solution', '0.9 % SODIUM CHLORIDE', 'Narcotic agonist analgesics');
-- 202: Native Visit with multiple encounters from Medication Administration
INSERT INTO native.Cdm_testing_optumpan.patient(ptid, birth_yr, gender, race, ethnicity, region, division, pct_college_educ, deceased_indicator, date_of_death, idn_indicator, first_month_active, last_month_active, notes_eligible, has_notes, sourceid, source_data_through) VALUES ('PT367', '1929 and Earlier', 'Female', 'Caucasian', 'Not Hispanic', 'Midwest', 'East North Central', '26.0', '0', '      ', '1', '201005', '201412', '1', '1', 'S0093', '201806');
INSERT INTO native.Cdm_testing_optumpan.visit(ptid, visitid, visit_type, visit_start_date, visit_start_time, visit_end_date, visit_end_time, discharge_disposition, admission_source) VALUES ('PT367', '370', 'Emergency patient', '2011-01-07', '00:00:00', '2011-01-08', '00:00:00', '01 DISCHARGED TO HOME OR SELF CARE', 'Referred by physician or self referral; non-healthcare facility point of origin');
INSERT INTO native.Cdm_testing_optumpan.encounter(ptid, visitid, encid, interaction_type, interaction_date, interaction_time, academic_community_flag) VALUES ('PT367', '370', 'E0000368', 'Office or clinic patient', '2011-01-07', '00:00:00', 'U');
INSERT INTO native.Cdm_testing_optumpan.encounter(ptid, visitid, encid, interaction_type, interaction_date, interaction_time, academic_community_flag) VALUES ('PT367', '370', 'E0000369', 'Office or clinic patient', '2011-01-07', '21:00:00', 'U');
INSERT INTO native.Cdm_testing_optumpan.medication_administrations(ptid, encid, drug_name, ndc, ndc_source, order_date, order_time, route, strength, strength_unit, dosage_form, generic_desc, drug_class) VALUES ('PT367', 'E0000368', 'SODIUM CHLORIDE 0.9 %', '55111067101', 'Derived', '2011-01-07', '00:00:00', 'Oral', 'mg', 'mg', 'Solution', '0.9 % SODIUM CHLORIDE', 'Narcotic agonist analgesics');
INSERT INTO native.Cdm_testing_optumpan.medication_administrations(ptid, encid, drug_name, ndc, ndc_source, order_date, order_time, route, strength, strength_unit, dosage_form, generic_desc, drug_class) VALUES ('PT367', 'E0000369', 'SODIUM CHLORIDE 0.9 %', '55111067101', 'Derived', '2011-01-07', '00:00:00', 'Oral', 'mg', 'mg', 'Solution', '0.9 % SODIUM CHLORIDE', 'Narcotic agonist analgesics');
-- 203: Native Encounter without Visit from Medication Administration
INSERT INTO native.Cdm_testing_optumpan.patient(ptid, birth_yr, gender, race, ethnicity, region, division, pct_college_educ, deceased_indicator, date_of_death, idn_indicator, first_month_active, last_month_active, notes_eligible, has_notes, sourceid, source_data_through) VALUES ('PT371', '1929 and Earlier', 'Female', 'Caucasian', 'Not Hispanic', 'Midwest', 'East North Central', '26.0', '0', '      ', '1', '201005', '201412', '1', '1', 'S0093', '201806');
INSERT INTO native.Cdm_testing_optumpan.encounter(ptid, encid, interaction_type, interaction_date, interaction_time, academic_community_flag) VALUES ('PT371', 'E0000372', 'Office or clinic patient', '2011-01-07', '00:00:00', 'U');
INSERT INTO native.Cdm_testing_optumpan.medication_administrations(ptid, encid, drug_name, ndc, ndc_source, order_date, order_time, route, strength, strength_unit, dosage_form, generic_desc, drug_class) VALUES ('PT371', 'E0000372', 'SODIUM CHLORIDE 0.9 %', '55111067101', 'Derived', '2011-01-07', '00:00:00', 'Oral', 'mg', 'mg', 'Solution', '0.9 % SODIUM CHLORIDE', 'Narcotic agonist analgesics');
-- 204: Verify visit_occurrence field mappings for single encounter
INSERT INTO native.Cdm_testing_optumpan.patient(ptid, birth_yr, gender, race, ethnicity, region, division, pct_college_educ, deceased_indicator, date_of_death, idn_indicator, first_month_active, last_month_active, notes_eligible, has_notes, sourceid, source_data_through) VALUES ('PT373', '1929 and Earlier', 'Female', 'Caucasian', 'Not Hispanic', 'Midwest', 'East North Central', '26.0', '0', '      ', '1', '201005', '201412', '1', '1', 'S0093', '201806');
INSERT INTO native.Cdm_testing_optumpan.encounter(ptid, encid, interaction_type, interaction_date, interaction_time, academic_community_flag) VALUES ('PT373', 'E0000374', 'Ambulatory patient services', '2011-01-07', '00:00:00', 'U');
INSERT INTO native.Cdm_testing_optumpan.medication_administrations(ptid, encid, drug_name, ndc, ndc_source, order_date, order_time, route, strength, strength_unit, dosage_form, generic_desc, drug_class) VALUES ('PT373', 'E0000374', 'SODIUM CHLORIDE 0.9 %', '55111067101', 'Derived', '2011-01-07', '00:00:00', 'Oral', 'mg', 'mg', 'Solution', '0.9 % SODIUM CHLORIDE', 'Narcotic agonist analgesics');
-- 205: Verify visit_occurrence field mappings for native visit with single encounter
INSERT INTO native.Cdm_testing_optumpan.patient(ptid, birth_yr, gender, race, ethnicity, region, division, pct_college_educ, deceased_indicator, date_of_death, idn_indicator, first_month_active, last_month_active, notes_eligible, has_notes, sourceid, source_data_through) VALUES ('PT375', '1929 and Earlier', 'Female', 'Caucasian', 'Not Hispanic', 'Midwest', 'East North Central', '26.0', '0', '      ', '1', '201005', '201412', '1', '1', 'S0093', '201806');
INSERT INTO native.Cdm_testing_optumpan.visit(ptid, visitid, visit_type, visit_start_date, visit_start_time, visit_end_date, visit_end_time, discharge_disposition, admission_source) VALUES ('PT375', '377', 'Observation Patient', '2011-01-06', '01:02:03', '2011-01-08', '03:02:01', '01 DISCHARGED TO HOME OR SELF CARE', 'Referred by physician or self referral; non-healthcare facility point of origin');
INSERT INTO native.Cdm_testing_optumpan.encounter(ptid, visitid, encid, interaction_type, interaction_date, interaction_time, academic_community_flag) VALUES ('PT375', '377', 'E0000376', 'Ambulatory patient services', '2011-01-07', '00:00:00', 'U');
INSERT INTO native.Cdm_testing_optumpan.medication_administrations(ptid, encid, drug_name, ndc, ndc_source, order_date, order_time, route, strength, strength_unit, dosage_form, generic_desc, drug_class) VALUES ('PT375', 'E0000376', 'SODIUM CHLORIDE 0.9 %', '55111067101', 'Derived', '2011-01-07', '00:00:00', 'Oral', 'mg', 'mg', 'Solution', '0.9 % SODIUM CHLORIDE', 'Narcotic agonist analgesics');