TRUNCATE TABLE native.Cdm_testing_optumpan._version;
TRUNCATE TABLE native.Cdm_testing_optumpan.care_area;
TRUNCATE TABLE native.Cdm_testing_optumpan.cost_factor;
TRUNCATE TABLE native.Cdm_testing_optumpan.diagnosis;
TRUNCATE TABLE native.Cdm_testing_optumpan.encounter;
TRUNCATE TABLE native.Cdm_testing_optumpan.encounter_provider;
TRUNCATE TABLE native.Cdm_testing_optumpan.immunizations;
TRUNCATE TABLE native.Cdm_testing_optumpan.insurance;
TRUNCATE TABLE native.Cdm_testing_optumpan.labs;
TRUNCATE TABLE native.Cdm_testing_optumpan.medication_administrations;
TRUNCATE TABLE native.Cdm_testing_optumpan.microbiology;
TRUNCATE TABLE native.Cdm_testing_optumpan.nlp_biomarkers;
TRUNCATE TABLE native.Cdm_testing_optumpan.nlp_custom;
TRUNCATE TABLE native.Cdm_testing_optumpan.nlp_drug_rationale;
TRUNCATE TABLE native.Cdm_testing_optumpan.nlp_measurement;
TRUNCATE TABLE native.Cdm_testing_optumpan.nlp_sds;
TRUNCATE TABLE native.Cdm_testing_optumpan.nlp_sds_family;
TRUNCATE TABLE native.Cdm_testing_optumpan.observations;
TRUNCATE TABLE native.Cdm_testing_optumpan.patient;
TRUNCATE TABLE native.Cdm_testing_optumpan.patient_reported_medications;
TRUNCATE TABLE native.Cdm_testing_optumpan.prescriptions_written;
TRUNCATE TABLE native.Cdm_testing_optumpan.[procedure];
TRUNCATE TABLE native.Cdm_testing_optumpan.provider;
TRUNCATE TABLE native.Cdm_testing_optumpan.visit;
-- 0: Diagnosis without ''Diagnosis of'' status is not loaded
INSERT INTO native.Cdm_testing_optumpan.patient(ptid, birth_yr, gender, race, ethnicity, region, division, pct_college_educ, deceased_indicator, date_of_death, idn_indicator, first_month_active, last_month_active, notes_eligible, has_notes, sourceid, source_data_through) VALUES ('PT1', '1950', 'Male', 'Caucasian', 'Not Hispanic', 'Midwest', 'South Atl/West South Crl', '26.0', '0', '      ', '1', '200701', '201001', '1', '1', 'S0034', '201706');
INSERT INTO native.Cdm_testing_optumpan.diagnosis(ptid, diag_date, diag_time, diagnosis_cd, diagnosis_cd_type, diagnosis_status, poa, admitting_diagnosis, discharge_diagnosis, primary_diagnosis, problem_list) VALUES ('PT1', '2009-01-01', '00:00:00', '7061', 'ICD9', 'Family history of', '0', '0', '0', '0', 'N');
-- 1: Test diag_date to condition_start_date
INSERT INTO native.Cdm_testing_optumpan.patient(ptid, birth_yr, gender, race, ethnicity, region, division, pct_college_educ, deceased_indicator, date_of_death, idn_indicator, first_month_active, last_month_active, notes_eligible, has_notes, sourceid, source_data_through) VALUES ('PT2', '1950', 'Male', 'Caucasian', 'Not Hispanic', 'Midwest', 'South Atl/West South Crl', '26.0', '0', '      ', '1', '200701', '201001', '1', '1', 'S0034', '201706');
INSERT INTO native.Cdm_testing_optumpan.diagnosis(ptid, diag_date, diag_time, diagnosis_cd, diagnosis_cd_type, diagnosis_status, poa, admitting_diagnosis, discharge_diagnosis, primary_diagnosis, problem_list) VALUES ('PT2', '2009-01-01', '00:00:00', '7061', 'ICD9', 'Diagnosis of', '0', '0', '0', '0', 'N');
-- 2: Test diagnosis code type ICD9
INSERT INTO native.Cdm_testing_optumpan.patient(ptid, birth_yr, gender, race, ethnicity, region, division, pct_college_educ, deceased_indicator, date_of_death, idn_indicator, first_month_active, last_month_active, notes_eligible, has_notes, sourceid, source_data_through) VALUES ('PT3', '1950', 'Male', 'Caucasian', 'Not Hispanic', 'Midwest', 'South Atl/West South Crl', '26.0', '0', '      ', '1', '200701', '201001', '1', '1', 'S0034', '201706');
INSERT INTO native.Cdm_testing_optumpan.diagnosis(ptid, diag_date, diag_time, diagnosis_cd, diagnosis_cd_type, diagnosis_status, poa, admitting_diagnosis, discharge_diagnosis, primary_diagnosis, problem_list) VALUES ('PT3', '2009-01-01', '00:00:00', '7061', 'ICD9', 'Diagnosis of', '0', '0', '0', '0', 'N');
-- 3: Test diagnosis code type ICD10
INSERT INTO native.Cdm_testing_optumpan.patient(ptid, birth_yr, gender, race, ethnicity, region, division, pct_college_educ, deceased_indicator, date_of_death, idn_indicator, first_month_active, last_month_active, notes_eligible, has_notes, sourceid, source_data_through) VALUES ('PT5', '1950', 'Male', 'Caucasian', 'Not Hispanic', 'Midwest', 'South Atl/West South Crl', '26.0', '0', '      ', '1', '200701', '201001', '1', '1', 'S0034', '201706');
INSERT INTO native.Cdm_testing_optumpan.diagnosis(ptid, diag_date, diag_time, diagnosis_cd, diagnosis_cd_type, diagnosis_status, poa, admitting_diagnosis, discharge_diagnosis, primary_diagnosis, problem_list) VALUES ('PT5', '2009-01-01', '00:00:00', 'H44.611', 'ICD10', 'Diagnosis of', '0', '0', '0', '0', 'N');
-- 4: Test primary diagnosis to condition_type_concept_id
INSERT INTO native.Cdm_testing_optumpan.patient(ptid, birth_yr, gender, race, ethnicity, region, division, pct_college_educ, deceased_indicator, date_of_death, idn_indicator, first_month_active, last_month_active, notes_eligible, has_notes, sourceid, source_data_through) VALUES ('PT7', '1950', 'Male', 'Caucasian', 'Not Hispanic', 'Midwest', 'South Atl/West South Crl', '26.0', '0', '      ', '1', '200701', '201001', '1', '1', 'S0034', '201706');
INSERT INTO native.Cdm_testing_optumpan.diagnosis(ptid, diag_date, diag_time, diagnosis_cd, diagnosis_cd_type, diagnosis_status, poa, admitting_diagnosis, discharge_diagnosis, primary_diagnosis, problem_list) VALUES ('PT7', '2009-01-01', '00:00:00', '7061', 'ICD9', 'Diagnosis of', '0', '0', '0', '1', 'N');
-- 5: Test non-primary diagnosis to condition_type_concept_id
INSERT INTO native.Cdm_testing_optumpan.patient(ptid, birth_yr, gender, race, ethnicity, region, division, pct_college_educ, deceased_indicator, date_of_death, idn_indicator, first_month_active, last_month_active, notes_eligible, has_notes, sourceid, source_data_through) VALUES ('PT9', '1950', 'Male', 'Caucasian', 'Not Hispanic', 'Midwest', 'South Atl/West South Crl', '26.0', '0', '      ', '1', '200701', '201001', '1', '1', 'S0034', '201706');
INSERT INTO native.Cdm_testing_optumpan.diagnosis(ptid, diag_date, diag_time, diagnosis_cd, diagnosis_cd_type, diagnosis_status, poa, admitting_diagnosis, discharge_diagnosis, primary_diagnosis, problem_list) VALUES ('PT9', '2009-01-01', '00:00:00', '7061', 'ICD9', 'Diagnosis of', '0', '0', '0', '0', 'N');
-- 6: Test diagnosis code with wrong diagnosis code type
INSERT INTO native.Cdm_testing_optumpan.patient(ptid, birth_yr, gender, race, ethnicity, region, division, pct_college_educ, deceased_indicator, date_of_death, idn_indicator, first_month_active, last_month_active, notes_eligible, has_notes, sourceid, source_data_through) VALUES ('PT11', '1950', 'Male', 'Caucasian', 'Not Hispanic', 'Midwest', 'South Atl/West South Crl', '26.0', '0', '      ', '1', '200701', '201001', '1', '1', 'S0034', '201706');
INSERT INTO native.Cdm_testing_optumpan.diagnosis(ptid, diag_date, diag_time, diagnosis_cd, diagnosis_cd_type, diagnosis_status, poa, admitting_diagnosis, discharge_diagnosis, primary_diagnosis, problem_list) VALUES ('PT11', '2009-01-01', '00:00:00', '44786629', 'ICD9', 'Diagnosis of', '0', '0', '0', '0', 'N');
-- 7: Test blank diagnosis code
INSERT INTO native.Cdm_testing_optumpan.patient(ptid, birth_yr, gender, race, ethnicity, region, division, pct_college_educ, deceased_indicator, date_of_death, idn_indicator, first_month_active, last_month_active, notes_eligible, has_notes, sourceid, source_data_through) VALUES ('PT13', '1950', 'Male', 'Caucasian', 'Not Hispanic', 'Midwest', 'South Atl/West South Crl', '26.0', '0', '      ', '1', '200701', '201001', '1', '1', 'S0034', '201706');
INSERT INTO native.Cdm_testing_optumpan.diagnosis(ptid, diag_date, diag_time, diagnosis_status, poa, admitting_diagnosis, discharge_diagnosis, primary_diagnosis, problem_list) VALUES ('PT13', '2009-01-01', '00:00:00', 'Diagnosis of', '0', '0', '0', '0', 'N');
-- 8: Test HCPCS derived condition coming from procedure table
INSERT INTO native.Cdm_testing_optumpan.patient(ptid, birth_yr, gender, race, ethnicity, region, division, pct_college_educ, deceased_indicator, date_of_death, idn_indicator, first_month_active, last_month_active, notes_eligible, has_notes, sourceid, source_data_through) VALUES ('PT15', '1950', 'Male', 'Caucasian', 'Not Hispanic', 'Midwest', 'South Atl/West South Crl', '26.0', '0', '      ', '1', '200701', '201001', '1', '1', 'S0034', '201706');
INSERT INTO native.Cdm_testing_optumpan.[procedure](ptid, proc_date, proc_time, proc_code, proc_code_type) VALUES ('PT15', '2009-01-01', '00:00:00', 'G8007', 'HCPCS');
-- 9: Patient has PROCEDURE record; validate the provider for the encid is mapped to provid
INSERT INTO native.Cdm_testing_optumpan.patient(ptid, birth_yr, gender, race, ethnicity, region, division, pct_college_educ, deceased_indicator, date_of_death, idn_indicator, first_month_active, last_month_active, notes_eligible, has_notes, sourceid, source_data_through) VALUES ('PT16', '1950', 'Male', 'Caucasian', 'Not Hispanic', 'Midwest', 'South Atl/West South Crl', '26.0', '0', '      ', '1', '200701', '201001', '1', '1', 'S0034', '201706');
INSERT INTO native.Cdm_testing_optumpan.provider(provid, specialty, prim_spec_ind) VALUES ('17', 'Internal Medicine', '1');
INSERT INTO native.Cdm_testing_optumpan.encounter(ptid, encid, interaction_type, interaction_date, interaction_time, academic_community_flag) VALUES ('PT16', 'E000018', 'Inpatient', '2009-01-01', '00:00:00', 'U');
INSERT INTO native.Cdm_testing_optumpan.encounter_provider(encid, provid, provider_role) VALUES ('E000018', '17', 'ATTENDING');
INSERT INTO native.Cdm_testing_optumpan.[procedure](ptid, encid, proc_date, proc_time, proc_code, proc_code_type) VALUES ('PT16', 'E000018', '2009-01-01', '00:00:00', 'G8007', 'HCPCS');
-- 10: Patient has PROCEDURE record; validate the visit_occurrence_id
INSERT INTO native.Cdm_testing_optumpan.patient(ptid, birth_yr, gender, race, ethnicity, region, division, pct_college_educ, deceased_indicator, date_of_death, idn_indicator, first_month_active, last_month_active, notes_eligible, has_notes, sourceid, source_data_through) VALUES ('PT19', '1950', 'Male', 'Caucasian', 'Not Hispanic', 'Midwest', 'South Atl/West South Crl', '26.0', '0', '      ', '1', '200701', '201001', '1', '1', 'S0034', '201706');
INSERT INTO native.Cdm_testing_optumpan.encounter(ptid, encid, interaction_type, interaction_date, interaction_time, academic_community_flag) VALUES ('PT19', 'E000020', 'Inpatient', '2009-01-01', '00:00:00', 'U');
INSERT INTO native.Cdm_testing_optumpan.[procedure](ptid, encid, proc_date, proc_time, proc_code, proc_code_type) VALUES ('PT19', 'E000020', '2009-01-01', '00:00:00', 'G8007', 'HCPCS');
-- 11: Patient is indicated dead by date_of_death. Their death date is the last day of the month.
INSERT INTO native.Cdm_testing_optumpan.patient(ptid, birth_yr, gender, race, ethnicity, region, division, pct_college_educ, deceased_indicator, date_of_death, idn_indicator, first_month_active, last_month_active, notes_eligible, has_notes, sourceid, source_data_through) VALUES ('PT22', '1928 and Earlier', 'Female', 'Caucasian', 'Not Hispanic', 'Midwest', 'South Atl/West South Crl', '26.0', '0', '201404', '1', '200601', '201706', '1', '1', 'S0034', '201706');
-- 12: Patient has diagnosis data occurring data occurring exactly 30 days after death event. Expected result: dead
INSERT INTO native.Cdm_testing_optumpan.patient(ptid, birth_yr, gender, race, ethnicity, region, division, pct_college_educ, deceased_indicator, date_of_death, idn_indicator, first_month_active, last_month_active, notes_eligible, has_notes, sourceid, source_data_through) VALUES ('PT24', '1928 and Earlier', 'Female', 'Caucasian', 'Not Hispanic', 'Midwest', 'South Atl/West South Crl', '26.0', '0', '201404', '1', '200601', '201706', '1', '1', 'S0034', '201706');
INSERT INTO native.Cdm_testing_optumpan.encounter(ptid, visitid, encid, interaction_type, interaction_date, interaction_time, academic_community_flag) VALUES ('PT24', '26', 'E000025', 'Office or clinic patient', '2014-05-30', '00:00:00', 'U');
INSERT INTO native.Cdm_testing_optumpan.diagnosis(ptid, encid, diag_date, diag_time, diagnosis_cd, diagnosis_cd_type, diagnosis_status, poa, admitting_diagnosis, discharge_diagnosis, primary_diagnosis, problem_list) VALUES ('PT24', 'E000025', '2014-05-30', '00:00:00', '7061', 'ICD9', 'Diagnosis of', '0', '0', '0', '0', 'N');
-- 13: Patient has encounter data occurring data occurring exactly 30 days after death event. Expected result: dead
INSERT INTO native.Cdm_testing_optumpan.patient(ptid, birth_yr, gender, race, ethnicity, region, division, pct_college_educ, deceased_indicator, date_of_death, idn_indicator, first_month_active, last_month_active, notes_eligible, has_notes, sourceid, source_data_through) VALUES ('PT27', '1928 and Earlier', 'Female', 'Caucasian', 'Not Hispanic', 'Midwest', 'South Atl/West South Crl', '26.0', '0', '201404', '1', '200601', '201706', '1', '1', 'S0034', '201706');
INSERT INTO native.Cdm_testing_optumpan.encounter(ptid, visitid, encid, interaction_type, interaction_date, interaction_time, academic_community_flag) VALUES ('PT27', '29', 'E000028', 'Office or clinic patient', '2014-05-30', '00:00:00', 'U');
INSERT INTO native.Cdm_testing_optumpan.encounter(ptid, encid, interaction_type, interaction_date, interaction_time, academic_community_flag) VALUES ('PT27', 'E000028', 'Office or clinic patient', '2014-05-30', '00:00:00', 'U');
-- 14: Patient has immunizations data occurring data occurring exactly 30 days after death event. Expected result: dead
INSERT INTO native.Cdm_testing_optumpan.patient(ptid, birth_yr, gender, race, ethnicity, region, division, pct_college_educ, deceased_indicator, date_of_death, idn_indicator, first_month_active, last_month_active, notes_eligible, has_notes, sourceid, source_data_through) VALUES ('PT30', '1928 and Earlier', 'Female', 'Caucasian', 'Not Hispanic', 'Midwest', 'South Atl/West South Crl', '26.0', '0', '201404', '1', '200601', '201706', '1', '1', 'S0034', '201706');
INSERT INTO native.Cdm_testing_optumpan.encounter(ptid, visitid, encid, interaction_type, interaction_date, interaction_time, academic_community_flag) VALUES ('PT30', '32', 'E000031', 'Office or clinic patient', '2014-05-30', '00:00:00', 'U');
INSERT INTO native.Cdm_testing_optumpan.immunizations(ptid, immunization_date, mapped_name, ndc, ndc_source, pt_reported) VALUES ('PT30', '2014-05-30', 'Influenza Inactivated Vaccine', '49281039765', 'Derived', ' ');
-- 15: Patient has insurance data occurring data occurring exactly 30 days after death event. Expected result: dead
INSERT INTO native.Cdm_testing_optumpan.patient(ptid, birth_yr, gender, race, ethnicity, region, division, pct_college_educ, deceased_indicator, date_of_death, idn_indicator, first_month_active, last_month_active, notes_eligible, has_notes, sourceid, source_data_through) VALUES ('PT33', '1928 and Earlier', 'Female', 'Caucasian', 'Not Hispanic', 'Midwest', 'South Atl/West South Crl', '26.0', '0', '201404', '1', '200601', '201706', '1', '1', 'S0034', '201706');
INSERT INTO native.Cdm_testing_optumpan.encounter(ptid, visitid, encid, interaction_type, interaction_date, interaction_time, academic_community_flag) VALUES ('PT33', '35', 'E000034', 'Office or clinic patient', '2014-05-30', '00:00:00', 'U');
INSERT INTO native.Cdm_testing_optumpan.insurance(ptid, encid, insurance_date, insurance_time, ins_type) VALUES ('PT33', 'E000034', '2014-05-30', '00:00:00', 'Commercial');
-- 16: Patient has labs data occurring data occurring exactly 30 days after death event. Expected result: dead
INSERT INTO native.Cdm_testing_optumpan.patient(ptid, birth_yr, gender, race, ethnicity, region, division, pct_college_educ, deceased_indicator, date_of_death, idn_indicator, first_month_active, last_month_active, notes_eligible, has_notes, sourceid, source_data_through) VALUES ('PT36', '1928 and Earlier', 'Female', 'Caucasian', 'Not Hispanic', 'Midwest', 'South Atl/West South Crl', '26.0', '0', '201404', '1', '200601', '201706', '1', '1', 'S0034', '201706');
INSERT INTO native.Cdm_testing_optumpan.encounter(ptid, visitid, encid, interaction_type, interaction_date, interaction_time, academic_community_flag) VALUES ('PT36', '38', 'E000037', 'Office or clinic patient', '2014-05-30', '00:00:00', 'U');
INSERT INTO native.Cdm_testing_optumpan.labs(ptid, encid, test_name, test_type, order_date, result_time, test_result, result_unit, evaluated_for_range, value_within_range) VALUES ('PT36', 'E000037', 'Oxygen saturation (SpO2).pulse oximetry', 'CHEMISTRY', '2014-05-30', '00:00:00', 'negative', '%', 'Y', 'Y');
-- 17: Patient has medication_administrations data occurring data occurring exactly 30 days after death event. Expected result: dead
INSERT INTO native.Cdm_testing_optumpan.patient(ptid, birth_yr, gender, race, ethnicity, region, division, pct_college_educ, deceased_indicator, date_of_death, idn_indicator, first_month_active, last_month_active, notes_eligible, has_notes, sourceid, source_data_through) VALUES ('PT39', '1928 and Earlier', 'Female', 'Caucasian', 'Not Hispanic', 'Midwest', 'South Atl/West South Crl', '26.0', '0', '201404', '1', '200601', '201706', '1', '1', 'S0034', '201706');
INSERT INTO native.Cdm_testing_optumpan.encounter(ptid, visitid, encid, interaction_type, interaction_date, interaction_time, academic_community_flag) VALUES ('PT39', '41', 'E000040', 'Office or clinic patient', '2014-05-30', '00:00:00', 'U');
INSERT INTO native.Cdm_testing_optumpan.medication_administrations(ptid, encid, drug_name, ndc, ndc_source, order_date, order_time, route, strength, strength_unit, dosage_form, generic_desc, drug_class) VALUES ('PT39', 'E000040', 'SODIUM CHLORIDE 0.9 %', '00409798309', 'Derived', '2014-05-30', '12:00:00', 'Oral', 'mg', 'mg', 'Solution', '0.9 % SODIUM CHLORIDE', 'Narcotic agonist analgesics');
-- 18: Patient has microbiology data occurring data occurring exactly 30 days after death event. Expected result: dead
INSERT INTO native.Cdm_testing_optumpan.patient(ptid, birth_yr, gender, race, ethnicity, region, division, pct_college_educ, deceased_indicator, date_of_death, idn_indicator, first_month_active, last_month_active, notes_eligible, has_notes, sourceid, source_data_through) VALUES ('PT42', '1928 and Earlier', 'Female', 'Caucasian', 'Not Hispanic', 'Midwest', 'South Atl/West South Crl', '26.0', '0', '201404', '1', '200601', '201706', '1', '1', 'S0034', '201706');
INSERT INTO native.Cdm_testing_optumpan.encounter(ptid, visitid, encid, interaction_type, interaction_date, interaction_time, academic_community_flag) VALUES ('PT42', '44', 'E000043', 'Office or clinic patient', '2014-05-30', '00:00:00', 'U');
INSERT INTO native.Cdm_testing_optumpan.microbiology(ptid, encid, order_date, result_date, result_time, specimen_source, organism, mapped_organism_found, culture_growth, sensitivity) VALUES ('PT42', 'E000043', '2014-05-30', '2014-05-23', '00:00:00', 'Urine', 'ESCHERICHIA COLI', 'Escherichia coli', 'Not recorded', 'Sensitive');
-- 19: Patient has nlp_biomarkers data occurring data occurring exactly 30 days after death event. Expected result: dead
INSERT INTO native.Cdm_testing_optumpan.patient(ptid, birth_yr, gender, race, ethnicity, region, division, pct_college_educ, deceased_indicator, date_of_death, idn_indicator, first_month_active, last_month_active, notes_eligible, has_notes, sourceid, source_data_through) VALUES ('PT45', '1928 and Earlier', 'Female', 'Caucasian', 'Not Hispanic', 'Midwest', 'South Atl/West South Crl', '26.0', '0', '201404', '1', '200601', '201706', '1', '1', 'S0034', '201706');
INSERT INTO native.Cdm_testing_optumpan.encounter(ptid, visitid, encid, interaction_type, interaction_date, interaction_time, academic_community_flag) VALUES ('PT45', '47', 'E000046', 'Office or clinic patient', '2014-05-30', '00:00:00', 'U');
INSERT INTO native.Cdm_testing_optumpan.nlp_biomarkers(ptid, note_date, biomarker, biomarker_status) VALUES ('PT45', '2014-05-30', 'ER', 'negative');
-- 20: Patient has nlp_drug_rationale data occurring data occurring exactly 30 days after death event. Expected result: dead
INSERT INTO native.Cdm_testing_optumpan.patient(ptid, birth_yr, gender, race, ethnicity, region, division, pct_college_educ, deceased_indicator, date_of_death, idn_indicator, first_month_active, last_month_active, notes_eligible, has_notes, sourceid, source_data_through) VALUES ('PT48', '1928 and Earlier', 'Female', 'Caucasian', 'Not Hispanic', 'Midwest', 'South Atl/West South Crl', '26.0', '0', '201404', '1', '200601', '201706', '1', '1', 'S0034', '201706');
INSERT INTO native.Cdm_testing_optumpan.encounter(ptid, visitid, encid, interaction_type, interaction_date, interaction_time, academic_community_flag) VALUES ('PT48', '50', 'E000049', 'Office or clinic patient', '2014-05-30', '00:00:00', 'U');
INSERT INTO native.Cdm_testing_optumpan.nlp_drug_rationale(ptid, note_date, note_section, drug_name, drug_action, drug_action_preposition) VALUES ('PT48', '2014-05-30', 'MEDICATIONS', 'ASPIRIN', 'N/A', 'OF');
-- 21: Patient has nlp_measurement data occurring data occurring exactly 30 days after death event. Expected result: dead
INSERT INTO native.Cdm_testing_optumpan.patient(ptid, birth_yr, gender, race, ethnicity, region, division, pct_college_educ, deceased_indicator, date_of_death, idn_indicator, first_month_active, last_month_active, notes_eligible, has_notes, sourceid, source_data_through) VALUES ('PT51', '1928 and Earlier', 'Female', 'Caucasian', 'Not Hispanic', 'Midwest', 'South Atl/West South Crl', '26.0', '0', '201404', '1', '200601', '201706', '1', '1', 'S0034', '201706');
INSERT INTO native.Cdm_testing_optumpan.encounter(ptid, visitid, encid, interaction_type, interaction_date, interaction_time, academic_community_flag) VALUES ('PT51', '53', 'E000052', 'Office or clinic patient', '2014-05-30', '00:00:00', 'U');
INSERT INTO native.Cdm_testing_optumpan.nlp_measurement(ptid, encid, note_date, measurement_type, measurement_value) VALUES ('PT51', 'E000052', '2014-05-30', 'WEIGHT', 'normal');
-- 22: Patient has nlp_sds data occurring data occurring exactly 30 days after death event. Expected result: dead
INSERT INTO native.Cdm_testing_optumpan.patient(ptid, birth_yr, gender, race, ethnicity, region, division, pct_college_educ, deceased_indicator, date_of_death, idn_indicator, first_month_active, last_month_active, notes_eligible, has_notes, sourceid, source_data_through) VALUES ('PT54', '1928 and Earlier', 'Female', 'Caucasian', 'Not Hispanic', 'Midwest', 'South Atl/West South Crl', '26.0', '0', '201404', '1', '200601', '201706', '1', '1', 'S0034', '201706');
INSERT INTO native.Cdm_testing_optumpan.encounter(ptid, visitid, encid, interaction_type, interaction_date, interaction_time, academic_community_flag) VALUES ('PT54', '56', 'E000055', 'Office or clinic patient', '2014-05-30', '00:00:00', 'U');
INSERT INTO native.Cdm_testing_optumpan.nlp_sds(ptid, encid, note_date, sds_term) VALUES ('PT54', 'E000055', '2014-05-30', 'pain');
-- 23: Patient has nlp_sds_family data occurring data occurring exactly 30 days after death event. Expected result: dead
INSERT INTO native.Cdm_testing_optumpan.patient(ptid, birth_yr, gender, race, ethnicity, region, division, pct_college_educ, deceased_indicator, date_of_death, idn_indicator, first_month_active, last_month_active, notes_eligible, has_notes, sourceid, source_data_through) VALUES ('PT57', '1928 and Earlier', 'Female', 'Caucasian', 'Not Hispanic', 'Midwest', 'South Atl/West South Crl', '26.0', '0', '201404', '1', '200601', '201706', '1', '1', 'S0034', '201706');
INSERT INTO native.Cdm_testing_optumpan.encounter(ptid, visitid, encid, interaction_type, interaction_date, interaction_time, academic_community_flag) VALUES ('PT57', '59', 'E000058', 'Office or clinic patient', '2014-05-30', '00:00:00', 'U');
INSERT INTO native.Cdm_testing_optumpan.nlp_sds_family(ptid, encid, note_date, sds_term, sds_family_member, note_section) VALUES ('PT57', 'E000058', '2014-05-30', 'cancer', 'who=family', 'family medical history');
-- 24: Patient has observations data occurring data occurring exactly 30 days after death event. Expected result: dead
INSERT INTO native.Cdm_testing_optumpan.patient(ptid, birth_yr, gender, race, ethnicity, region, division, pct_college_educ, deceased_indicator, date_of_death, idn_indicator, first_month_active, last_month_active, notes_eligible, has_notes, sourceid, source_data_through) VALUES ('PT60', '1928 and Earlier', 'Female', 'Caucasian', 'Not Hispanic', 'Midwest', 'South Atl/West South Crl', '26.0', '0', '201404', '1', '200601', '201706', '1', '1', 'S0034', '201706');
INSERT INTO native.Cdm_testing_optumpan.encounter(ptid, visitid, encid, interaction_type, interaction_date, interaction_time, academic_community_flag) VALUES ('PT60', '62', 'E000061', 'Office or clinic patient', '2014-05-30', '00:00:00', 'U');
INSERT INTO native.Cdm_testing_optumpan.observations(ptid, encid, obs_type, nlp, obs_date, obs_time, obs_result, obs_unit, evaluated_for_range, value_within_range) VALUES ('PT60', 'E000061', 'SBP', 'N', '2014-05-30', '00:00:00', '18', 'mm Hg', 'N', 'U');
-- 25: Patient has patient_reported_medications data occurring data occurring exactly 30 days after death event. Expected result: dead
INSERT INTO native.Cdm_testing_optumpan.patient(ptid, birth_yr, gender, race, ethnicity, region, division, pct_college_educ, deceased_indicator, date_of_death, idn_indicator, first_month_active, last_month_active, notes_eligible, has_notes, sourceid, source_data_through) VALUES ('PT63', '1928 and Earlier', 'Female', 'Caucasian', 'Not Hispanic', 'Midwest', 'South Atl/West South Crl', '26.0', '0', '201404', '1', '200601', '201706', '1', '1', 'S0034', '201706');
INSERT INTO native.Cdm_testing_optumpan.encounter(ptid, visitid, encid, interaction_type, interaction_date, interaction_time, academic_community_flag) VALUES ('PT63', '65', 'E000064', 'Office or clinic patient', '2014-05-30', '00:00:00', 'U');
INSERT INTO native.Cdm_testing_optumpan.patient_reported_medications(ptid, reported_date, ndc, ndc_source, route, strength, strength_unit, dosage_form, drug_class) VALUES ('PT63', '2014-05-30', 'Derived', 'Derived', 'Oral', 'mg', 'mg', 'Tabs', 'Narcotic agonist analgesics');
-- 26: Patient has prescriptions_written data occurring data occurring exactly 30 days after death event. Expected result: dead
INSERT INTO native.Cdm_testing_optumpan.patient(ptid, birth_yr, gender, race, ethnicity, region, division, pct_college_educ, deceased_indicator, date_of_death, idn_indicator, first_month_active, last_month_active, notes_eligible, has_notes, sourceid, source_data_through) VALUES ('PT66', '1928 and Earlier', 'Female', 'Caucasian', 'Not Hispanic', 'Midwest', 'South Atl/West South Crl', '26.0', '0', '201404', '1', '200601', '201706', '1', '1', 'S0034', '201706');
INSERT INTO native.Cdm_testing_optumpan.encounter(ptid, visitid, encid, interaction_type, interaction_date, interaction_time, academic_community_flag) VALUES ('PT66', '68', 'E000067', 'Office or clinic patient', '2014-05-30', '00:00:00', 'U');
INSERT INTO native.Cdm_testing_optumpan.prescriptions_written(ptid, rxdate, rxtime, ndc, ndc_source, route, strength, strength_unit, num_refills, drug_class) VALUES ('PT66', '2014-05-30', '00:00:00', '00406012501', 'Derived', 'Oral', 'mg', 'mg', '0', 'Narcotic & analgesic combinations');
-- 27: Patient has procedure data occurring data occurring exactly 30 days after death event. Expected result: dead
INSERT INTO native.Cdm_testing_optumpan.patient(ptid, birth_yr, gender, race, ethnicity, region, division, pct_college_educ, deceased_indicator, date_of_death, idn_indicator, first_month_active, last_month_active, notes_eligible, has_notes, sourceid, source_data_through) VALUES ('PT69', '1928 and Earlier', 'Female', 'Caucasian', 'Not Hispanic', 'Midwest', 'South Atl/West South Crl', '26.0', '0', '201404', '1', '200601', '201706', '1', '1', 'S0034', '201706');
INSERT INTO native.Cdm_testing_optumpan.encounter(ptid, visitid, encid, interaction_type, interaction_date, interaction_time, academic_community_flag) VALUES ('PT69', '71', 'E000070', 'Office or clinic patient', '2014-05-30', '00:00:00', 'U');
INSERT INTO native.Cdm_testing_optumpan.[procedure](ptid, proc_date, proc_time, proc_code, proc_code_type) VALUES ('PT69', '2014-05-30', '00:00:00', 'CPT4', 'CPT4');
-- 28: Patient has visit data occurring data occurring exactly 30 days after death event. Expected result: dead
INSERT INTO native.Cdm_testing_optumpan.patient(ptid, birth_yr, gender, race, ethnicity, region, division, pct_college_educ, deceased_indicator, date_of_death, idn_indicator, first_month_active, last_month_active, notes_eligible, has_notes, sourceid, source_data_through) VALUES ('PT72', '1928 and Earlier', 'Female', 'Caucasian', 'Not Hispanic', 'Midwest', 'South Atl/West South Crl', '26.0', '0', '201404', '1', '200601', '201706', '1', '1', 'S0034', '201706');
INSERT INTO native.Cdm_testing_optumpan.encounter(ptid, visitid, encid, interaction_type, interaction_date, interaction_time, academic_community_flag) VALUES ('PT72', '74', 'E000073', 'Office or clinic patient', '2014-05-30', '00:00:00', 'U');
INSERT INTO native.Cdm_testing_optumpan.visit(ptid, visitid, visit_type, visit_start_date, visit_start_time, visit_end_date, visit_end_time, discharge_disposition, admission_source) VALUES ('PT72', '74', 'Emergency patient', '2014-05-30', '00:00:00', '2015-12-15', '00:00:00', '01 DISCHARGED TO HOME OR SELF CARE', 'Referred by physician or self referral; non-healthcare facility point of origin');
-- 29: Patient has diagnosis data occurring data occurring 60 days after death event. Expected result: not dead
INSERT INTO native.Cdm_testing_optumpan.patient(ptid, birth_yr, gender, race, ethnicity, region, division, pct_college_educ, deceased_indicator, date_of_death, idn_indicator, first_month_active, last_month_active, notes_eligible, has_notes, sourceid, source_data_through) VALUES ('PT75', '1928 and Earlier', 'Female', 'Caucasian', 'Not Hispanic', 'Midwest', 'South Atl/West South Crl', '26.0', '0', '201404', '1', '200601', '201706', '1', '1', 'S0034', '201706');
INSERT INTO native.Cdm_testing_optumpan.encounter(ptid, visitid, encid, interaction_type, interaction_date, interaction_time, academic_community_flag) VALUES ('PT75', '77', 'E000076', 'Office or clinic patient', '2014-06-29', '00:00:00', 'U');
INSERT INTO native.Cdm_testing_optumpan.diagnosis(ptid, encid, diag_date, diag_time, diagnosis_cd, diagnosis_cd_type, diagnosis_status, poa, admitting_diagnosis, discharge_diagnosis, primary_diagnosis, problem_list) VALUES ('PT75', 'E000076', '2014-06-29', '00:00:00', '7061', 'ICD9', 'Diagnosis of', '0', '0', '0', '0', 'N');
-- 30: Patient has encounter data occurring data occurring 60 days after death event. Expected result: not dead
INSERT INTO native.Cdm_testing_optumpan.patient(ptid, birth_yr, gender, race, ethnicity, region, division, pct_college_educ, deceased_indicator, date_of_death, idn_indicator, first_month_active, last_month_active, notes_eligible, has_notes, sourceid, source_data_through) VALUES ('PT78', '1928 and Earlier', 'Female', 'Caucasian', 'Not Hispanic', 'Midwest', 'South Atl/West South Crl', '26.0', '0', '201404', '1', '200601', '201706', '1', '1', 'S0034', '201706');
INSERT INTO native.Cdm_testing_optumpan.encounter(ptid, visitid, encid, interaction_type, interaction_date, interaction_time, academic_community_flag) VALUES ('PT78', '80', 'E000079', 'Office or clinic patient', '2014-06-29', '00:00:00', 'U');
INSERT INTO native.Cdm_testing_optumpan.encounter(ptid, encid, interaction_type, interaction_date, interaction_time, academic_community_flag) VALUES ('PT78', 'E000079', 'Office or clinic patient', '2014-06-29', '00:00:00', 'U');
-- 31: Patient has immunizations data occurring data occurring 60 days after death event. Expected result: not dead
INSERT INTO native.Cdm_testing_optumpan.patient(ptid, birth_yr, gender, race, ethnicity, region, division, pct_college_educ, deceased_indicator, date_of_death, idn_indicator, first_month_active, last_month_active, notes_eligible, has_notes, sourceid, source_data_through) VALUES ('PT81', '1928 and Earlier', 'Female', 'Caucasian', 'Not Hispanic', 'Midwest', 'South Atl/West South Crl', '26.0', '0', '201404', '1', '200601', '201706', '1', '1', 'S0034', '201706');
INSERT INTO native.Cdm_testing_optumpan.encounter(ptid, visitid, encid, interaction_type, interaction_date, interaction_time, academic_community_flag) VALUES ('PT81', '83', 'E000082', 'Office or clinic patient', '2014-06-29', '00:00:00', 'U');
INSERT INTO native.Cdm_testing_optumpan.immunizations(ptid, immunization_date, mapped_name, ndc, ndc_source, pt_reported) VALUES ('PT81', '2014-06-29', 'Influenza Inactivated Vaccine', '49281039765', 'Derived', ' ');
-- 32: Patient has insurance data occurring data occurring 60 days after death event. Expected result: not dead
INSERT INTO native.Cdm_testing_optumpan.patient(ptid, birth_yr, gender, race, ethnicity, region, division, pct_college_educ, deceased_indicator, date_of_death, idn_indicator, first_month_active, last_month_active, notes_eligible, has_notes, sourceid, source_data_through) VALUES ('PT84', '1928 and Earlier', 'Female', 'Caucasian', 'Not Hispanic', 'Midwest', 'South Atl/West South Crl', '26.0', '0', '201404', '1', '200601', '201706', '1', '1', 'S0034', '201706');
INSERT INTO native.Cdm_testing_optumpan.encounter(ptid, visitid, encid, interaction_type, interaction_date, interaction_time, academic_community_flag) VALUES ('PT84', '86', 'E000085', 'Office or clinic patient', '2014-06-29', '00:00:00', 'U');
INSERT INTO native.Cdm_testing_optumpan.insurance(ptid, encid, insurance_date, insurance_time, ins_type) VALUES ('PT84', 'E000085', '2014-06-29', '00:00:00', 'Commercial');
-- 33: Patient has labs data occurring data occurring 60 days after death event. Expected result: not dead
INSERT INTO native.Cdm_testing_optumpan.patient(ptid, birth_yr, gender, race, ethnicity, region, division, pct_college_educ, deceased_indicator, date_of_death, idn_indicator, first_month_active, last_month_active, notes_eligible, has_notes, sourceid, source_data_through) VALUES ('PT87', '1928 and Earlier', 'Female', 'Caucasian', 'Not Hispanic', 'Midwest', 'South Atl/West South Crl', '26.0', '0', '201404', '1', '200601', '201706', '1', '1', 'S0034', '201706');
INSERT INTO native.Cdm_testing_optumpan.encounter(ptid, visitid, encid, interaction_type, interaction_date, interaction_time, academic_community_flag) VALUES ('PT87', '89', 'E000088', 'Office or clinic patient', '2014-06-29', '00:00:00', 'U');
INSERT INTO native.Cdm_testing_optumpan.labs(ptid, encid, test_name, test_type, order_date, result_time, test_result, result_unit, evaluated_for_range, value_within_range) VALUES ('PT87', 'E000088', 'Oxygen saturation (SpO2).pulse oximetry', 'CHEMISTRY', '2014-06-29', '00:00:00', 'negative', '%', 'Y', 'Y');
-- 34: Patient has medication_administrations data occurring data occurring 60 days after death event. Expected result: not dead
INSERT INTO native.Cdm_testing_optumpan.patient(ptid, birth_yr, gender, race, ethnicity, region, division, pct_college_educ, deceased_indicator, date_of_death, idn_indicator, first_month_active, last_month_active, notes_eligible, has_notes, sourceid, source_data_through) VALUES ('PT90', '1928 and Earlier', 'Female', 'Caucasian', 'Not Hispanic', 'Midwest', 'South Atl/West South Crl', '26.0', '0', '201404', '1', '200601', '201706', '1', '1', 'S0034', '201706');
INSERT INTO native.Cdm_testing_optumpan.encounter(ptid, visitid, encid, interaction_type, interaction_date, interaction_time, academic_community_flag) VALUES ('PT90', '92', 'E000091', 'Office or clinic patient', '2014-06-29', '00:00:00', 'U');
INSERT INTO native.Cdm_testing_optumpan.medication_administrations(ptid, encid, drug_name, ndc, ndc_source, order_date, order_time, route, strength, strength_unit, dosage_form, generic_desc, drug_class) VALUES ('PT90', 'E000091', 'SODIUM CHLORIDE 0.9 %', '00409798309', 'Derived', '2014-06-29', '12:00:00', 'Oral', 'mg', 'mg', 'Solution', '0.9 % SODIUM CHLORIDE', 'Narcotic agonist analgesics');
-- 35: Patient has microbiology data occurring data occurring 60 days after death event. Expected result: not dead
INSERT INTO native.Cdm_testing_optumpan.patient(ptid, birth_yr, gender, race, ethnicity, region, division, pct_college_educ, deceased_indicator, date_of_death, idn_indicator, first_month_active, last_month_active, notes_eligible, has_notes, sourceid, source_data_through) VALUES ('PT93', '1928 and Earlier', 'Female', 'Caucasian', 'Not Hispanic', 'Midwest', 'South Atl/West South Crl', '26.0', '0', '201404', '1', '200601', '201706', '1', '1', 'S0034', '201706');
INSERT INTO native.Cdm_testing_optumpan.encounter(ptid, visitid, encid, interaction_type, interaction_date, interaction_time, academic_community_flag) VALUES ('PT93', '95', 'E000094', 'Office or clinic patient', '2014-06-29', '00:00:00', 'U');
INSERT INTO native.Cdm_testing_optumpan.microbiology(ptid, encid, order_date, result_date, result_time, specimen_source, organism, mapped_organism_found, culture_growth, sensitivity) VALUES ('PT93', 'E000094', '2014-06-29', '2014-05-23', '00:00:00', 'Urine', 'ESCHERICHIA COLI', 'Escherichia coli', 'Not recorded', 'Sensitive');
-- 36: Patient has nlp_biomarkers data occurring data occurring 60 days after death event. Expected result: not dead
INSERT INTO native.Cdm_testing_optumpan.patient(ptid, birth_yr, gender, race, ethnicity, region, division, pct_college_educ, deceased_indicator, date_of_death, idn_indicator, first_month_active, last_month_active, notes_eligible, has_notes, sourceid, source_data_through) VALUES ('PT96', '1928 and Earlier', 'Female', 'Caucasian', 'Not Hispanic', 'Midwest', 'South Atl/West South Crl', '26.0', '0', '201404', '1', '200601', '201706', '1', '1', 'S0034', '201706');
INSERT INTO native.Cdm_testing_optumpan.encounter(ptid, visitid, encid, interaction_type, interaction_date, interaction_time, academic_community_flag) VALUES ('PT96', '98', 'E000097', 'Office or clinic patient', '2014-06-29', '00:00:00', 'U');
INSERT INTO native.Cdm_testing_optumpan.nlp_biomarkers(ptid, note_date, biomarker, biomarker_status) VALUES ('PT96', '2014-06-29', 'ER', 'negative');
-- 37: Patient has nlp_drug_rationale data occurring data occurring 60 days after death event. Expected result: not dead
INSERT INTO native.Cdm_testing_optumpan.patient(ptid, birth_yr, gender, race, ethnicity, region, division, pct_college_educ, deceased_indicator, date_of_death, idn_indicator, first_month_active, last_month_active, notes_eligible, has_notes, sourceid, source_data_through) VALUES ('PT99', '1928 and Earlier', 'Female', 'Caucasian', 'Not Hispanic', 'Midwest', 'South Atl/West South Crl', '26.0', '0', '201404', '1', '200601', '201706', '1', '1', 'S0034', '201706');
INSERT INTO native.Cdm_testing_optumpan.encounter(ptid, visitid, encid, interaction_type, interaction_date, interaction_time, academic_community_flag) VALUES ('PT99', '101', 'E0000100', 'Office or clinic patient', '2014-06-29', '00:00:00', 'U');
INSERT INTO native.Cdm_testing_optumpan.nlp_drug_rationale(ptid, note_date, note_section, drug_name, drug_action, drug_action_preposition) VALUES ('PT99', '2014-06-29', 'MEDICATIONS', 'ASPIRIN', 'N/A', 'OF');
-- 38: Patient has nlp_measurement data occurring data occurring 60 days after death event. Expected result: not dead
INSERT INTO native.Cdm_testing_optumpan.patient(ptid, birth_yr, gender, race, ethnicity, region, division, pct_college_educ, deceased_indicator, date_of_death, idn_indicator, first_month_active, last_month_active, notes_eligible, has_notes, sourceid, source_data_through) VALUES ('PT102', '1928 and Earlier', 'Female', 'Caucasian', 'Not Hispanic', 'Midwest', 'South Atl/West South Crl', '26.0', '0', '201404', '1', '200601', '201706', '1', '1', 'S0034', '201706');
INSERT INTO native.Cdm_testing_optumpan.encounter(ptid, visitid, encid, interaction_type, interaction_date, interaction_time, academic_community_flag) VALUES ('PT102', '104', 'E0000103', 'Office or clinic patient', '2014-06-29', '00:00:00', 'U');
INSERT INTO native.Cdm_testing_optumpan.nlp_measurement(ptid, encid, note_date, measurement_type, measurement_value) VALUES ('PT102', 'E0000103', '2014-06-29', 'WEIGHT', 'normal');
-- 39: Patient has nlp_sds data occurring data occurring 60 days after death event. Expected result: not dead
INSERT INTO native.Cdm_testing_optumpan.patient(ptid, birth_yr, gender, race, ethnicity, region, division, pct_college_educ, deceased_indicator, date_of_death, idn_indicator, first_month_active, last_month_active, notes_eligible, has_notes, sourceid, source_data_through) VALUES ('PT105', '1928 and Earlier', 'Female', 'Caucasian', 'Not Hispanic', 'Midwest', 'South Atl/West South Crl', '26.0', '0', '201404', '1', '200601', '201706', '1', '1', 'S0034', '201706');
INSERT INTO native.Cdm_testing_optumpan.encounter(ptid, visitid, encid, interaction_type, interaction_date, interaction_time, academic_community_flag) VALUES ('PT105', '107', 'E0000106', 'Office or clinic patient', '2014-06-29', '00:00:00', 'U');
INSERT INTO native.Cdm_testing_optumpan.nlp_sds(ptid, encid, note_date, sds_term) VALUES ('PT105', 'E0000106', '2014-06-29', 'pain');
-- 40: Patient has nlp_sds_family data occurring data occurring 60 days after death event. Expected result: not dead
INSERT INTO native.Cdm_testing_optumpan.patient(ptid, birth_yr, gender, race, ethnicity, region, division, pct_college_educ, deceased_indicator, date_of_death, idn_indicator, first_month_active, last_month_active, notes_eligible, has_notes, sourceid, source_data_through) VALUES ('PT108', '1928 and Earlier', 'Female', 'Caucasian', 'Not Hispanic', 'Midwest', 'South Atl/West South Crl', '26.0', '0', '201404', '1', '200601', '201706', '1', '1', 'S0034', '201706');
INSERT INTO native.Cdm_testing_optumpan.encounter(ptid, visitid, encid, interaction_type, interaction_date, interaction_time, academic_community_flag) VALUES ('PT108', '110', 'E0000109', 'Office or clinic patient', '2014-06-29', '00:00:00', 'U');
INSERT INTO native.Cdm_testing_optumpan.nlp_sds_family(ptid, encid, note_date, sds_term, sds_family_member, note_section) VALUES ('PT108', 'E0000109', '2014-06-29', 'cancer', 'who=family', 'family medical history');
-- 41: Patient has observations data occurring data occurring 60 days after death event. Expected result: not dead
INSERT INTO native.Cdm_testing_optumpan.patient(ptid, birth_yr, gender, race, ethnicity, region, division, pct_college_educ, deceased_indicator, date_of_death, idn_indicator, first_month_active, last_month_active, notes_eligible, has_notes, sourceid, source_data_through) VALUES ('PT111', '1928 and Earlier', 'Female', 'Caucasian', 'Not Hispanic', 'Midwest', 'South Atl/West South Crl', '26.0', '0', '201404', '1', '200601', '201706', '1', '1', 'S0034', '201706');
INSERT INTO native.Cdm_testing_optumpan.encounter(ptid, visitid, encid, interaction_type, interaction_date, interaction_time, academic_community_flag) VALUES ('PT111', '113', 'E0000112', 'Office or clinic patient', '2014-06-29', '00:00:00', 'U');
INSERT INTO native.Cdm_testing_optumpan.observations(ptid, encid, obs_type, nlp, obs_date, obs_time, obs_result, obs_unit, evaluated_for_range, value_within_range) VALUES ('PT111', 'E0000112', 'SBP', 'N', '2014-06-29', '00:00:00', '18', 'mm Hg', 'N', 'U');
-- 42: Patient has patient_reported_medications data occurring data occurring 60 days after death event. Expected result: not dead
INSERT INTO native.Cdm_testing_optumpan.patient(ptid, birth_yr, gender, race, ethnicity, region, division, pct_college_educ, deceased_indicator, date_of_death, idn_indicator, first_month_active, last_month_active, notes_eligible, has_notes, sourceid, source_data_through) VALUES ('PT114', '1928 and Earlier', 'Female', 'Caucasian', 'Not Hispanic', 'Midwest', 'South Atl/West South Crl', '26.0', '0', '201404', '1', '200601', '201706', '1', '1', 'S0034', '201706');
INSERT INTO native.Cdm_testing_optumpan.encounter(ptid, visitid, encid, interaction_type, interaction_date, interaction_time, academic_community_flag) VALUES ('PT114', '116', 'E0000115', 'Office or clinic patient', '2014-06-29', '00:00:00', 'U');
INSERT INTO native.Cdm_testing_optumpan.patient_reported_medications(ptid, reported_date, ndc, ndc_source, route, strength, strength_unit, dosage_form, drug_class) VALUES ('PT114', '2014-06-29', 'Derived', 'Derived', 'Oral', 'mg', 'mg', 'Tabs', 'Narcotic agonist analgesics');
-- 43: Patient has prescriptions_written data occurring data occurring 60 days after death event. Expected result: not dead
INSERT INTO native.Cdm_testing_optumpan.patient(ptid, birth_yr, gender, race, ethnicity, region, division, pct_college_educ, deceased_indicator, date_of_death, idn_indicator, first_month_active, last_month_active, notes_eligible, has_notes, sourceid, source_data_through) VALUES ('PT117', '1928 and Earlier', 'Female', 'Caucasian', 'Not Hispanic', 'Midwest', 'South Atl/West South Crl', '26.0', '0', '201404', '1', '200601', '201706', '1', '1', 'S0034', '201706');
INSERT INTO native.Cdm_testing_optumpan.encounter(ptid, visitid, encid, interaction_type, interaction_date, interaction_time, academic_community_flag) VALUES ('PT117', '119', 'E0000118', 'Office or clinic patient', '2014-06-29', '00:00:00', 'U');
INSERT INTO native.Cdm_testing_optumpan.prescriptions_written(ptid, rxdate, rxtime, ndc, ndc_source, route, strength, strength_unit, num_refills, drug_class) VALUES ('PT117', '2014-06-29', '00:00:00', '00406012501', 'Derived', 'Oral', 'mg', 'mg', '0', 'Narcotic & analgesic combinations');
-- 44: Patient has procedure data occurring data occurring 60 days after death event. Expected result: not dead
INSERT INTO native.Cdm_testing_optumpan.patient(ptid, birth_yr, gender, race, ethnicity, region, division, pct_college_educ, deceased_indicator, date_of_death, idn_indicator, first_month_active, last_month_active, notes_eligible, has_notes, sourceid, source_data_through) VALUES ('PT120', '1928 and Earlier', 'Female', 'Caucasian', 'Not Hispanic', 'Midwest', 'South Atl/West South Crl', '26.0', '0', '201404', '1', '200601', '201706', '1', '1', 'S0034', '201706');
INSERT INTO native.Cdm_testing_optumpan.encounter(ptid, visitid, encid, interaction_type, interaction_date, interaction_time, academic_community_flag) VALUES ('PT120', '122', 'E0000121', 'Office or clinic patient', '2014-06-29', '00:00:00', 'U');
INSERT INTO native.Cdm_testing_optumpan.[procedure](ptid, proc_date, proc_time, proc_code, proc_code_type) VALUES ('PT120', '2014-06-29', '00:00:00', 'CPT4', 'CPT4');
-- 45: Patient has visit data occurring data occurring 60 days after death event. Expected result: not dead
INSERT INTO native.Cdm_testing_optumpan.patient(ptid, birth_yr, gender, race, ethnicity, region, division, pct_college_educ, deceased_indicator, date_of_death, idn_indicator, first_month_active, last_month_active, notes_eligible, has_notes, sourceid, source_data_through) VALUES ('PT123', '1928 and Earlier', 'Female', 'Caucasian', 'Not Hispanic', 'Midwest', 'South Atl/West South Crl', '26.0', '0', '201404', '1', '200601', '201706', '1', '1', 'S0034', '201706');
INSERT INTO native.Cdm_testing_optumpan.encounter(ptid, visitid, encid, interaction_type, interaction_date, interaction_time, academic_community_flag) VALUES ('PT123', '125', 'E0000124', 'Office or clinic patient', '2014-06-29', '00:00:00', 'U');
INSERT INTO native.Cdm_testing_optumpan.visit(ptid, visitid, visit_type, visit_start_date, visit_start_time, visit_end_date, visit_end_time, discharge_disposition, admission_source) VALUES ('PT123', '125', 'Emergency patient', '2014-06-29', '00:00:00', '2015-12-15', '00:00:00', '01 DISCHARGED TO HOME OR SELF CARE', 'Referred by physician or self referral; non-healthcare facility point of origin');
-- 46: Test HCPCS derived device coming from procedure table
INSERT INTO native.Cdm_testing_optumpan.patient(ptid, birth_yr, gender, race, ethnicity, region, division, pct_college_educ, deceased_indicator, date_of_death, idn_indicator, first_month_active, last_month_active, notes_eligible, has_notes, sourceid, source_data_through) VALUES ('PT126', '1950', 'Male', 'Caucasian', 'Not Hispanic', 'Midwest', 'South Atl/West South Crl', '26.0', '0', '      ', '1', '200701', '201001', '1', '1', 'S0034', '201706');
INSERT INTO native.Cdm_testing_optumpan.[procedure](ptid, proc_date, proc_time, proc_code, proc_code_type) VALUES ('PT126', '2009-01-01', '00:00:00', 'A4217', 'HCPCS');
-- 47: Test device derived from diagnosis table
INSERT INTO native.Cdm_testing_optumpan.patient(ptid, birth_yr, gender, race, ethnicity, region, division, pct_college_educ, deceased_indicator, date_of_death, idn_indicator, first_month_active, last_month_active, notes_eligible, has_notes, sourceid, source_data_through) VALUES ('PT127', '1950', 'Male', 'Caucasian', 'Not Hispanic', 'Midwest', 'South Atl/West South Crl', '26.0', '0', '      ', '1', '200701', '201001', '1', '1', 'S0034', '201706');
INSERT INTO native.Cdm_testing_optumpan.diagnosis(ptid, diag_date, diag_time, diagnosis_cd, diagnosis_cd_type, diagnosis_status, poa, admitting_diagnosis, discharge_diagnosis, primary_diagnosis, problem_list) VALUES ('PT127', '2009-01-01', '00:00:00', 'Y73.0', 'ICD10', 'Diagnosis of', '0', '0', '0', '0', 'N');
-- 48: Patient has 1 valid MEDICATION_ADMINISTRATIONS record within the enrollment period.
INSERT INTO native.Cdm_testing_optumpan.patient(ptid, birth_yr, gender, race, ethnicity, region, division, pct_college_educ, deceased_indicator, date_of_death, idn_indicator, first_month_active, last_month_active, notes_eligible, has_notes, sourceid, source_data_through) VALUES ('PT128', '1928 and Earlier', 'Female', 'Caucasian', 'Not Hispanic', 'Midwest', 'South Atl/West South Crl', '26.0', '0', '      ', '1', '201005', '201412', '1', '1', 'S0034', '201706');
INSERT INTO native.Cdm_testing_optumpan.medication_administrations(ptid, drug_name, ndc, ndc_source, order_date, order_time, route, strength, strength_unit, dosage_form, generic_desc, drug_class) VALUES ('PT128', 'SODIUM CHLORIDE 0.9 %', '55111067101', 'Derived', '2011-01-07', '12:00:00', 'Oral', 'mg', 'mg', 'Solution', '0.9 % SODIUM CHLORIDE', 'Narcotic agonist analgesics');
-- 49: Patient has 2 MEDICATION_ADMINISTRATIONS records, the first within the enrollment period, the second outside of enrollment.
INSERT INTO native.Cdm_testing_optumpan.patient(ptid, birth_yr, gender, race, ethnicity, region, division, pct_college_educ, deceased_indicator, date_of_death, idn_indicator, first_month_active, last_month_active, notes_eligible, has_notes, sourceid, source_data_through) VALUES ('PT129', '1928 and Earlier', 'Female', 'Caucasian', 'Not Hispanic', 'Midwest', 'South Atl/West South Crl', '26.0', '0', '      ', '1', '201005', '201212', '1', '1', 'S0034', '201706');
INSERT INTO native.Cdm_testing_optumpan.medication_administrations(ptid, drug_name, ndc, ndc_source, order_date, order_time, route, strength, strength_unit, dosage_form, generic_desc, drug_class) VALUES ('PT129', 'SODIUM CHLORIDE 0.9 %', '55111067101', 'Derived', '2011-01-07', '12:00:00', 'Oral', 'mg', 'mg', 'Solution', '0.9 % SODIUM CHLORIDE', 'Narcotic agonist analgesics');
INSERT INTO native.Cdm_testing_optumpan.medication_administrations(ptid, drug_name, ndc, ndc_source, order_date, order_time, route, strength, strength_unit, dosage_form, generic_desc, drug_class) VALUES ('PT129', 'SODIUM CHLORIDE 0.9 %', '58487000102', 'Derived', '2013-01-07', '12:00:00', 'Oral', 'mg', 'mg', 'Solution', '0.9 % SODIUM CHLORIDE', 'Narcotic agonist analgesics');
-- 50: Patient has multiple MEDICATION_ADMINISTRATIONS records, all within enrollment period, but have the same encounter_id, ndc and order_date.
INSERT INTO native.Cdm_testing_optumpan.encounter(ptid, encid, interaction_type, interaction_date, interaction_time, academic_community_flag) VALUES ('PT130', 'E0000131', 'Inpatient', '2011-01-07', '00:00:00', 'U');
INSERT INTO native.Cdm_testing_optumpan.patient(ptid, birth_yr, gender, race, ethnicity, region, division, pct_college_educ, deceased_indicator, date_of_death, idn_indicator, first_month_active, last_month_active, notes_eligible, has_notes, sourceid, source_data_through) VALUES ('PT130', '1928 and Earlier', 'Female', 'Caucasian', 'Not Hispanic', 'Midwest', 'South Atl/West South Crl', '26.0', '0', '      ', '1', '201005', '201212', '1', '1', 'S0034', '201706');
INSERT INTO native.Cdm_testing_optumpan.medication_administrations(ptid, encid, drug_name, ndc, ndc_source, order_date, order_time, route, strength, strength_unit, dosage_form, generic_desc, drug_class) VALUES ('PT130', 'E0000131', 'SODIUM CHLORIDE 0.9 %', '55111067101', 'Derived', '2011-01-07', '12:00:00', 'Oral', 'mg', 'mg', 'Solution', '0.9 % SODIUM CHLORIDE', 'Narcotic agonist analgesics');
INSERT INTO native.Cdm_testing_optumpan.medication_administrations(ptid, encid, drug_name, ndc, ndc_source, order_date, order_time, route, strength, strength_unit, dosage_form, generic_desc, drug_class) VALUES ('PT130', 'E0000131', 'SODIUM CHLORIDE 0.9 %', '55111067101', 'Derived', '2011-01-07', '12:00:00', 'Oral', 'mg', 'mg', 'Solution', '0.9 % SODIUM CHLORIDE', 'Narcotic agonist analgesics');
-- 51: Patient has multiple MEDICATION_ADMINISTRATIONS records, all within enrollment period, that have the same ndc on the same day, but different encounters.
INSERT INTO native.Cdm_testing_optumpan.encounter(ptid, encid, interaction_type, interaction_date, interaction_time, academic_community_flag) VALUES ('PT132', 'E0000133', 'Inpatient', '2011-01-07', '00:00:00', 'U');
INSERT INTO native.Cdm_testing_optumpan.encounter(ptid, encid, interaction_type, interaction_date, interaction_time, academic_community_flag) VALUES ('PT132', 'E0000134', 'Inpatient', '2011-01-07', '00:00:00', 'U');
INSERT INTO native.Cdm_testing_optumpan.patient(ptid, birth_yr, gender, race, ethnicity, region, division, pct_college_educ, deceased_indicator, date_of_death, idn_indicator, first_month_active, last_month_active, notes_eligible, has_notes, sourceid, source_data_through) VALUES ('PT132', '1928 and Earlier', 'Female', 'Caucasian', 'Not Hispanic', 'Midwest', 'South Atl/West South Crl', '26.0', '0', '      ', '1', '201005', '201212', '1', '1', 'S0034', '201706');
INSERT INTO native.Cdm_testing_optumpan.medication_administrations(ptid, encid, drug_name, ndc, ndc_source, order_date, order_time, route, strength, strength_unit, dosage_form, generic_desc, drug_class) VALUES ('PT132', 'E0000133', 'SODIUM CHLORIDE 0.9 %', '55111067101', 'Derived', '2011-01-07', '12:00:00', 'Oral', 'mg', 'mg', 'Solution', '0.9 % SODIUM CHLORIDE', 'Narcotic agonist analgesics');
INSERT INTO native.Cdm_testing_optumpan.medication_administrations(ptid, encid, drug_name, ndc, ndc_source, order_date, order_time, route, strength, strength_unit, dosage_form, generic_desc, drug_class) VALUES ('PT132', 'E0000134', 'SODIUM CHLORIDE 0.9 %', '55111067101', 'Derived', '2011-01-07', '12:00:00', 'Oral', 'mg', 'mg', 'Solution', '0.9 % SODIUM CHLORIDE', 'Narcotic agonist analgesics');
-- 52: Patient has series of MEDICATION_ADMINISTRATIONS with the same encounter_id, but different order_date
INSERT INTO native.Cdm_testing_optumpan.encounter(ptid, encid, interaction_type, interaction_date, interaction_time, academic_community_flag) VALUES ('PT135', 'E0000136', 'Inpatient', '2011-01-07', '00:00:00', 'U');
INSERT INTO native.Cdm_testing_optumpan.patient(ptid, birth_yr, gender, race, ethnicity, region, division, pct_college_educ, deceased_indicator, date_of_death, idn_indicator, first_month_active, last_month_active, notes_eligible, has_notes, sourceid, source_data_through) VALUES ('PT135', '1928 and Earlier', 'Female', 'Caucasian', 'Not Hispanic', 'Midwest', 'South Atl/West South Crl', '26.0', '0', '      ', '1', '201005', '201212', '1', '1', 'S0034', '201706');
INSERT INTO native.Cdm_testing_optumpan.medication_administrations(ptid, encid, drug_name, ndc, ndc_source, order_date, order_time, route, strength, strength_unit, dosage_form, generic_desc, drug_class) VALUES ('PT135', 'E0000136', 'SODIUM CHLORIDE 0.9 %', '55111067101', 'Derived', '2011-01-07', '12:00:00', 'Oral', 'mg', 'mg', 'Solution', '0.9 % SODIUM CHLORIDE', 'Narcotic agonist analgesics');
INSERT INTO native.Cdm_testing_optumpan.medication_administrations(ptid, encid, drug_name, ndc, ndc_source, order_date, order_time, route, strength, strength_unit, dosage_form, generic_desc, drug_class) VALUES ('PT135', 'E0000136', 'SODIUM CHLORIDE 0.9 %', '55111067101', 'Derived', '2011-01-08', '12:00:00', 'Oral', 'mg', 'mg', 'Solution', '0.9 % SODIUM CHLORIDE', 'Narcotic agonist analgesics');
-- 53: Patient has MEDICATION_ADMINISTRATIONS with provid that is NULL but the encounter has a valid provider id specified
INSERT INTO native.Cdm_testing_optumpan.patient(ptid, birth_yr, gender, race, ethnicity, region, division, pct_college_educ, deceased_indicator, date_of_death, idn_indicator, first_month_active, last_month_active, notes_eligible, has_notes, sourceid, source_data_through) VALUES ('PT137', '1928 and Earlier', 'Female', 'Caucasian', 'Not Hispanic', 'Midwest', 'South Atl/West South Crl', '26.0', '0', '      ', '1', '201005', '201212', '1', '1', 'S0034', '201706');
INSERT INTO native.Cdm_testing_optumpan.provider(provid, specialty, prim_spec_ind) VALUES ('139', 'Internal Medicine', '1');
INSERT INTO native.Cdm_testing_optumpan.encounter(ptid, encid, interaction_type, interaction_date, interaction_time, academic_community_flag) VALUES ('PT137', 'E0000138', 'Inpatient', '2012-01-08', '00:00:00', 'U');
INSERT INTO native.Cdm_testing_optumpan.encounter_provider(encid, provid, provider_role) VALUES ('E0000138', '139', 'ATTENDING');
INSERT INTO native.Cdm_testing_optumpan.medication_administrations(ptid, encid, drug_name, ndc, ndc_source, order_date, order_time, route, strength, strength_unit, dosage_form, generic_desc, drug_class) VALUES ('PT137', 'E0000138', 'SODIUM CHLORIDE 0.9 %', '55111067101', 'Derived', '2012-01-08', '12:00:00', 'Oral', 'mg', 'mg', 'Solution', '0.9 % SODIUM CHLORIDE', 'Narcotic agonist analgesics');
-- 54: Patient has MEDICATION_ADMINISTRATIONS with an NDC that is properly mapped to the source_concept_id and standard concept_id
INSERT INTO native.Cdm_testing_optumpan.patient(ptid, birth_yr, gender, race, ethnicity, region, division, pct_college_educ, deceased_indicator, date_of_death, idn_indicator, first_month_active, last_month_active, notes_eligible, has_notes, sourceid, source_data_through) VALUES ('PT140', '1928 and Earlier', 'Female', 'Caucasian', 'Not Hispanic', 'Midwest', 'South Atl/West South Crl', '26.0', '0', '      ', '1', '201005', '201212', '1', '1', 'S0034', '201706');
INSERT INTO native.Cdm_testing_optumpan.medication_administrations(ptid, drug_name, ndc, ndc_source, order_date, order_time, route, strength, strength_unit, dosage_form, generic_desc, drug_class) VALUES ('PT140', 'SODIUM CHLORIDE 0.9 %', '55111067101', 'Derived', '2012-01-08', '12:00:00', 'Oral', 'mg', 'mg', 'Solution', '0.9 % SODIUM CHLORIDE', 'Narcotic agonist analgesics');
-- 55: Patient has MEDICATION_ADMINISTRATIONS with a valid quantity_of_dose
INSERT INTO native.Cdm_testing_optumpan.patient(ptid, birth_yr, gender, race, ethnicity, region, division, pct_college_educ, deceased_indicator, date_of_death, idn_indicator, first_month_active, last_month_active, notes_eligible, has_notes, sourceid, source_data_through) VALUES ('PT141', '1928 and Earlier', 'Female', 'Caucasian', 'Not Hispanic', 'Midwest', 'South Atl/West South Crl', '26.0', '0', '      ', '1', '201005', '201212', '1', '1', 'S0034', '201706');
INSERT INTO native.Cdm_testing_optumpan.medication_administrations(ptid, drug_name, ndc, ndc_source, order_date, order_time, route, quantity_of_dose, strength, strength_unit, dosage_form, generic_desc, drug_class) VALUES ('PT141', 'SODIUM CHLORIDE 0.9 %', '55111067101', 'Derived', '2012-01-08', '12:00:00', 'Oral', '0.5', 'mg', 'mg', 'Solution', '0.9 % SODIUM CHLORIDE', 'Narcotic agonist analgesics');
-- 56: Patient has MEDICATION_ADMINISTRATIONS and the route value is found in the source-to-concept-map and assigned the proper concept_id
INSERT INTO native.Cdm_testing_optumpan.patient(ptid, birth_yr, gender, race, ethnicity, region, division, pct_college_educ, deceased_indicator, date_of_death, idn_indicator, first_month_active, last_month_active, notes_eligible, has_notes, sourceid, source_data_through) VALUES ('PT142', '1928 and Earlier', 'Female', 'Caucasian', 'Not Hispanic', 'Midwest', 'South Atl/West South Crl', '26.0', '0', '      ', '1', '201005', '201212', '1', '1', 'S0034', '201706');
INSERT INTO native.Cdm_testing_optumpan.medication_administrations(ptid, drug_name, ndc, ndc_source, order_date, order_time, route, strength, strength_unit, dosage_form, generic_desc, drug_class) VALUES ('PT142', 'SODIUM CHLORIDE 0.9 %', '55111067101', 'Derived', '2012-01-08', '12:00:00', 'Oral', 'mg', 'mg', 'Solution', '0.9 % SODIUM CHLORIDE', 'Narcotic agonist analgesics');
-- 57: Patient has MEDICATION_ADMINISTRATIONS and the route value is NOT found in the source-to-concept-map and assigned concept_id of 0
INSERT INTO native.Cdm_testing_optumpan.patient(ptid, birth_yr, gender, race, ethnicity, region, division, pct_college_educ, deceased_indicator, date_of_death, idn_indicator, first_month_active, last_month_active, notes_eligible, has_notes, sourceid, source_data_through) VALUES ('PT143', '1928 and Earlier', 'Female', 'Caucasian', 'Not Hispanic', 'Midwest', 'South Atl/West South Crl', '26.0', '0', '      ', '1', '201005', '201212', '1', '1', 'S0034', '201706');
INSERT INTO native.Cdm_testing_optumpan.medication_administrations(ptid, drug_name, ndc, ndc_source, order_date, order_time, route, strength, strength_unit, dosage_form, generic_desc, drug_class) VALUES ('PT143', 'SODIUM CHLORIDE 0.9 %', '55111067101', 'Derived', '2012-01-08', '12:00:00', 'Osmosis', 'mg', 'mg', 'Solution', '0.9 % SODIUM CHLORIDE', 'Narcotic agonist analgesics');
-- 58: Patient has MEDICATION_ADMINISTRATIONS with a strength_unit that maps to dose_unit_source_value
INSERT INTO native.Cdm_testing_optumpan.patient(ptid, birth_yr, gender, race, ethnicity, region, division, pct_college_educ, deceased_indicator, date_of_death, idn_indicator, first_month_active, last_month_active, notes_eligible, has_notes, sourceid, source_data_through) VALUES ('PT144', '1928 and Earlier', 'Female', 'Caucasian', 'Not Hispanic', 'Midwest', 'South Atl/West South Crl', '26.0', '0', '      ', '1', '201005', '201212', '1', '1', 'S0034', '201706');
INSERT INTO native.Cdm_testing_optumpan.medication_administrations(ptid, drug_name, ndc, ndc_source, order_date, order_time, route, strength, strength_unit, dosage_form, generic_desc, drug_class) VALUES ('PT144', 'SODIUM CHLORIDE 0.9 %', '55111067101', 'Derived', '2012-01-08', '12:00:00', 'Oral', 'mg', 'mg/mL', 'Solution', '0.9 % SODIUM CHLORIDE', 'Narcotic agonist analgesics');
-- 59: Patient has PRESCRIPTIONS_WRITTEN with valid information
INSERT INTO native.Cdm_testing_optumpan.patient(ptid, birth_yr, gender, race, ethnicity, region, division, pct_college_educ, deceased_indicator, date_of_death, idn_indicator, first_month_active, last_month_active, notes_eligible, has_notes, sourceid, source_data_through) VALUES ('PT145', '1928 and Earlier', 'Female', 'Caucasian', 'Not Hispanic', 'Midwest', 'South Atl/West South Crl', '26.0', '0', '      ', '1', '201005', '201212', '1', '1', 'S0034', '201706');
INSERT INTO native.Cdm_testing_optumpan.prescriptions_written(ptid, rxdate, rxtime, ndc, ndc_source, route, strength, strength_unit, num_refills, drug_class) VALUES ('PT145', '2012-01-08', '00:00:00', '00406012501', 'Derived', 'Oral', 'mg', 'mg', '0', 'Narcotic & analgesic combinations');
-- 60: Patient has multiple PRESCRIPTIONS_WRITTEN with the first within the enrollment period, the second outside of enrollment.
INSERT INTO native.Cdm_testing_optumpan.patient(ptid, birth_yr, gender, race, ethnicity, region, division, pct_college_educ, deceased_indicator, date_of_death, idn_indicator, first_month_active, last_month_active, notes_eligible, has_notes, sourceid, source_data_through) VALUES ('PT146', '1928 and Earlier', 'Female', 'Caucasian', 'Not Hispanic', 'Midwest', 'South Atl/West South Crl', '26.0', '0', '      ', '1', '201005', '201212', '1', '1', 'S0034', '201706');
INSERT INTO native.Cdm_testing_optumpan.prescriptions_written(ptid, rxdate, rxtime, ndc, ndc_source, route, strength, strength_unit, num_refills, drug_class) VALUES ('PT146', '2012-01-08', '00:00:00', '00406012501', 'Derived', 'Oral', 'mg', 'mg', '0', 'Narcotic & analgesic combinations');
INSERT INTO native.Cdm_testing_optumpan.prescriptions_written(ptid, rxdate, rxtime, ndc, ndc_source, route, strength, strength_unit, num_refills, drug_class) VALUES ('PT146', '2014-01-08', '00:00:00', '00406012501', 'Derived', 'Oral', 'mg', 'mg', '0', 'Narcotic & analgesic combinations');
-- 61: Patient has PRESCRIPTIONS_WRITTEN and the NDC is properly mapped to the source_concept_id and standard concept_id
INSERT INTO native.Cdm_testing_optumpan.patient(ptid, birth_yr, gender, race, ethnicity, region, division, pct_college_educ, deceased_indicator, date_of_death, idn_indicator, first_month_active, last_month_active, notes_eligible, has_notes, sourceid, source_data_through) VALUES ('PT147', '1928 and Earlier', 'Female', 'Caucasian', 'Not Hispanic', 'Midwest', 'South Atl/West South Crl', '26.0', '0', '      ', '1', '201005', '201212', '1', '1', 'S0034', '201706');
INSERT INTO native.Cdm_testing_optumpan.prescriptions_written(ptid, rxdate, rxtime, ndc, ndc_source, route, strength, strength_unit, num_refills, drug_class) VALUES ('PT147', '2012-01-08', '00:00:00', '55111067101', 'Derived', 'Oral', 'mg', 'mg', '0', 'Narcotic & analgesic combinations');
-- 62: Patient has PRESCRIPTIONS_WRITTEN with quantity_per_fill that contains non-numeric values
INSERT INTO native.Cdm_testing_optumpan.patient(ptid, birth_yr, gender, race, ethnicity, region, division, pct_college_educ, deceased_indicator, date_of_death, idn_indicator, first_month_active, last_month_active, notes_eligible, has_notes, sourceid, source_data_through) VALUES ('PT148', '1928 and Earlier', 'Female', 'Caucasian', 'Not Hispanic', 'Midwest', 'South Atl/West South Crl', '26.0', '0', '      ', '1', '201005', '201212', '1', '1', 'S0034', '201706');
INSERT INTO native.Cdm_testing_optumpan.prescriptions_written(ptid, rxdate, rxtime, ndc, ndc_source, route, strength, strength_unit, quantity_per_fill, num_refills, drug_class) VALUES ('PT148', '2012-01-08', '00:00:00', '55111067101', 'Derived', 'Oral', 'mg', 'mg', '90 Tab', '0', 'Narcotic & analgesic combinations');
-- 63: Patient has PRESCRIPTIONS_WRITTEN with quantity_per_fill that contains only numerics
INSERT INTO native.Cdm_testing_optumpan.patient(ptid, birth_yr, gender, race, ethnicity, region, division, pct_college_educ, deceased_indicator, date_of_death, idn_indicator, first_month_active, last_month_active, notes_eligible, has_notes, sourceid, source_data_through) VALUES ('PT149', '1928 and Earlier', 'Female', 'Caucasian', 'Not Hispanic', 'Midwest', 'South Atl/West South Crl', '26.0', '0', '      ', '1', '201005', '201212', '1', '1', 'S0034', '201706');
INSERT INTO native.Cdm_testing_optumpan.prescriptions_written(ptid, rxdate, rxtime, ndc, ndc_source, route, strength, strength_unit, quantity_per_fill, num_refills, drug_class) VALUES ('PT149', '2012-01-08', '00:00:00', '55111067101', 'Derived', 'Oral', 'mg', 'mg', '90', '0', 'Narcotic & analgesic combinations');
-- 64: Patient has PRESCRIPTIONS_WRITTEN with quantity_per_fill that contains NULL AND quantity_of_dose is NOT NULL
INSERT INTO native.Cdm_testing_optumpan.patient(ptid, birth_yr, gender, race, ethnicity, region, division, pct_college_educ, deceased_indicator, date_of_death, idn_indicator, first_month_active, last_month_active, notes_eligible, has_notes, sourceid, source_data_through) VALUES ('PT150', '1928 and Earlier', 'Female', 'Caucasian', 'Not Hispanic', 'Midwest', 'South Atl/West South Crl', '26.0', '0', '      ', '1', '201005', '201212', '1', '1', 'S0034', '201706');
INSERT INTO native.Cdm_testing_optumpan.prescriptions_written(ptid, rxdate, rxtime, ndc, ndc_source, route, quantity_of_dose, strength, strength_unit, num_refills, drug_class) VALUES ('PT150', '2012-01-08', '00:00:00', '55111067101', 'Derived', 'Oral', '1', 'mg', 'mg', '0', 'Narcotic & analgesic combinations');
-- 65: Patient has PRESCRIPTIONS_WRITTEN with quantity_per_fill that contains NULL AND quantity_of_dose is NOT NULL with text
INSERT INTO native.Cdm_testing_optumpan.patient(ptid, birth_yr, gender, race, ethnicity, region, division, pct_college_educ, deceased_indicator, date_of_death, idn_indicator, first_month_active, last_month_active, notes_eligible, has_notes, sourceid, source_data_through) VALUES ('PT151', '1928 and Earlier', 'Female', 'Caucasian', 'Not Hispanic', 'Midwest', 'South Atl/West South Crl', '26.0', '0', '      ', '1', '201005', '201212', '1', '1', 'S0034', '201706');
INSERT INTO native.Cdm_testing_optumpan.prescriptions_written(ptid, rxdate, rxtime, ndc, ndc_source, route, quantity_of_dose, strength, strength_unit, num_refills, drug_class) VALUES ('PT151', '2012-01-08', '00:00:00', '55111067101', 'Derived', 'Oral', '1 tablet', 'mg', 'mg', '0', 'Narcotic & analgesic combinations');
-- 66: Patient has PRESCRIPTIONS_WRITTEN with num_refils that contains only numerics
INSERT INTO native.Cdm_testing_optumpan.patient(ptid, birth_yr, gender, race, ethnicity, region, division, pct_college_educ, deceased_indicator, date_of_death, idn_indicator, first_month_active, last_month_active, notes_eligible, has_notes, sourceid, source_data_through) VALUES ('PT152', '1928 and Earlier', 'Female', 'Caucasian', 'Not Hispanic', 'Midwest', 'South Atl/West South Crl', '26.0', '0', '      ', '1', '201005', '201212', '1', '1', 'S0034', '201706');
INSERT INTO native.Cdm_testing_optumpan.prescriptions_written(ptid, rxdate, rxtime, ndc, ndc_source, route, strength, strength_unit, num_refills, drug_class) VALUES ('PT152', '2012-01-08', '00:00:00', '55111067101', 'Derived', 'Oral', 'mg', 'mg', '0', 'Narcotic & analgesic combinations');
-- 67: Patient has PRESCRIPTIONS_WRITTEN with quantity_per_fill that contains an empty value
INSERT INTO native.Cdm_testing_optumpan.patient(ptid, birth_yr, gender, race, ethnicity, region, division, pct_college_educ, deceased_indicator, date_of_death, idn_indicator, first_month_active, last_month_active, notes_eligible, has_notes, sourceid, source_data_through) VALUES ('PT153', '1928 and Earlier', 'Female', 'Caucasian', 'Not Hispanic', 'Midwest', 'South Atl/West South Crl', '26.0', '0', '      ', '1', '201005', '201212', '1', '1', 'S0034', '201706');
INSERT INTO native.Cdm_testing_optumpan.prescriptions_written(ptid, rxdate, rxtime, ndc, ndc_source, route, strength, strength_unit, num_refills, drug_class) VALUES ('PT153', '2012-01-08', '00:00:00', '55111067101', 'Derived', 'Oral', 'mg', 'mg', '0', 'Narcotic & analgesic combinations');
-- 68: Patient has PRESCRIPTIONS_WRITTEN with days_supply that contains only numerics
INSERT INTO native.Cdm_testing_optumpan.patient(ptid, birth_yr, gender, race, ethnicity, region, division, pct_college_educ, deceased_indicator, date_of_death, idn_indicator, first_month_active, last_month_active, notes_eligible, has_notes, sourceid, source_data_through) VALUES ('PT154', '1928 and Earlier', 'Female', 'Caucasian', 'Not Hispanic', 'Midwest', 'South Atl/West South Crl', '26.0', '0', '      ', '1', '201005', '201212', '1', '1', 'S0034', '201706');
INSERT INTO native.Cdm_testing_optumpan.prescriptions_written(ptid, rxdate, rxtime, ndc, ndc_source, route, strength, strength_unit, num_refills, days_supply, drug_class) VALUES ('PT154', '2012-01-08', '00:00:00', '55111067101', 'Derived', 'Oral', 'mg', 'mg', '0', '1.0', 'Narcotic & analgesic combinations');
-- 69: Patient has PRESCRIPTIONS_WRITTEN with days_supply that contains an empty value
INSERT INTO native.Cdm_testing_optumpan.patient(ptid, birth_yr, gender, race, ethnicity, region, division, pct_college_educ, deceased_indicator, date_of_death, idn_indicator, first_month_active, last_month_active, notes_eligible, has_notes, sourceid, source_data_through) VALUES ('PT155', '1928 and Earlier', 'Female', 'Caucasian', 'Not Hispanic', 'Midwest', 'South Atl/West South Crl', '26.0', '0', '      ', '1', '201005', '201212', '1', '1', 'S0034', '201706');
INSERT INTO native.Cdm_testing_optumpan.prescriptions_written(ptid, rxdate, rxtime, ndc, ndc_source, route, strength, strength_unit, num_refills, drug_class) VALUES ('PT155', '2012-01-08', '00:00:00', '55111067101', 'Derived', 'Oral', 'mg', 'mg', '0', 'Narcotic & analgesic combinations');
-- 70: Patient has PRESCRIPTIONS_WRITTEN with provid specified
INSERT INTO native.Cdm_testing_optumpan.patient(ptid, birth_yr, gender, race, ethnicity, region, division, pct_college_educ, deceased_indicator, date_of_death, idn_indicator, first_month_active, last_month_active, notes_eligible, has_notes, sourceid, source_data_through) VALUES ('PT156', '1928 and Earlier', 'Female', 'Caucasian', 'Not Hispanic', 'Midwest', 'South Atl/West South Crl', '26.0', '0', '      ', '1', '201005', '201212', '1', '1', 'S0034', '201706');
INSERT INTO native.Cdm_testing_optumpan.prescriptions_written(ptid, rxdate, rxtime, ndc, ndc_source, provid, route, strength, strength_unit, num_refills, drug_class) VALUES ('PT156', '2012-01-08', '00:00:00', '55111067101', 'Derived', '843801', 'Oral', 'mg', 'mg', '0', 'Narcotic & analgesic combinations');
-- 71: Patient has PRESCRIPTIONS_WRITTEN with a route that is specified in the route source-to-concept map.
INSERT INTO native.Cdm_testing_optumpan.patient(ptid, birth_yr, gender, race, ethnicity, region, division, pct_college_educ, deceased_indicator, date_of_death, idn_indicator, first_month_active, last_month_active, notes_eligible, has_notes, sourceid, source_data_through) VALUES ('PT157', '1928 and Earlier', 'Female', 'Caucasian', 'Not Hispanic', 'Midwest', 'South Atl/West South Crl', '26.0', '0', '      ', '1', '201005', '201212', '1', '1', 'S0034', '201706');
INSERT INTO native.Cdm_testing_optumpan.prescriptions_written(ptid, rxdate, rxtime, ndc, ndc_source, route, strength, strength_unit, num_refills, drug_class) VALUES ('PT157', '2012-01-08', '00:00:00', '55111067101', 'Derived', 'Oral', 'mg', 'mg', '0', 'Narcotic & analgesic combinations');
-- 72: Patient has PRESCRIPTIONS_WRITTEN with strength + strength_unit + dose_frequency + dosage_form that should be concatenated
INSERT INTO native.Cdm_testing_optumpan.patient(ptid, birth_yr, gender, race, ethnicity, region, division, pct_college_educ, deceased_indicator, date_of_death, idn_indicator, first_month_active, last_month_active, notes_eligible, has_notes, sourceid, source_data_through) VALUES ('PT158', '1928 and Earlier', 'Female', 'Caucasian', 'Not Hispanic', 'Midwest', 'South Atl/West South Crl', '26.0', '0', '      ', '1', '201005', '201212', '1', '1', 'S0034', '201706');
INSERT INTO native.Cdm_testing_optumpan.prescriptions_written(ptid, rxdate, rxtime, ndc, ndc_source, route, strength, strength_unit, dosage_form, dose_frequency, num_refills, drug_class) VALUES ('PT158', '2012-01-08', '00:00:00', '55111067101', 'Derived', 'Oral', '20 - 25', '15 MG', 'Capsule Delayed Release', '1 time a day', '0', 'Narcotic & analgesic combinations');
-- 73: Patient has patient_reported_medications with valid information
INSERT INTO native.Cdm_testing_optumpan.patient(ptid, birth_yr, gender, race, ethnicity, region, division, pct_college_educ, deceased_indicator, date_of_death, idn_indicator, first_month_active, last_month_active, notes_eligible, has_notes, sourceid, source_data_through) VALUES ('PT159', '1928 and Earlier', 'Female', 'Caucasian', 'Not Hispanic', 'Midwest', 'South Atl/West South Crl', '26.0', '0', '      ', '1', '201005', '201212', '1', '1', 'S0034', '201706');
INSERT INTO native.Cdm_testing_optumpan.patient_reported_medications(ptid, reported_date, ndc, ndc_source, route, strength, strength_unit, dosage_form, drug_class) VALUES ('PT159', '2012-01-08', 'Derived', 'Derived', 'Oral', 'mg', 'mg', 'Tabs', 'Narcotic agonist analgesics');
-- 74: Patient has multiple patient_reported_medications with the first within the enrollment period, the second outside of enrollment.
INSERT INTO native.Cdm_testing_optumpan.patient(ptid, birth_yr, gender, race, ethnicity, region, division, pct_college_educ, deceased_indicator, date_of_death, idn_indicator, first_month_active, last_month_active, notes_eligible, has_notes, sourceid, source_data_through) VALUES ('PT160', '1928 and Earlier', 'Female', 'Caucasian', 'Not Hispanic', 'Midwest', 'South Atl/West South Crl', '26.0', '0', '      ', '1', '201005', '201212', '1', '1', 'S0034', '201706');
INSERT INTO native.Cdm_testing_optumpan.patient_reported_medications(ptid, reported_date, ndc, ndc_source, route, strength, strength_unit, dosage_form, drug_class) VALUES ('PT160', '2012-01-08', 'Derived', 'Derived', 'Oral', 'mg', 'mg', 'Tabs', 'Narcotic agonist analgesics');
INSERT INTO native.Cdm_testing_optumpan.patient_reported_medications(ptid, reported_date, ndc, ndc_source, route, strength, strength_unit, dosage_form, drug_class) VALUES ('PT160', '2014-01-08', 'Derived', 'Derived', 'Oral', 'mg', 'mg', 'Tabs', 'Narcotic agonist analgesics');
-- 75: Patient has patient_reported_medications with valid reported_date and drug_type_concept_id
INSERT INTO native.Cdm_testing_optumpan.patient(ptid, birth_yr, gender, race, ethnicity, region, division, pct_college_educ, deceased_indicator, date_of_death, idn_indicator, first_month_active, last_month_active, notes_eligible, has_notes, sourceid, source_data_through) VALUES ('PT161', '1928 and Earlier', 'Female', 'Caucasian', 'Not Hispanic', 'Midwest', 'South Atl/West South Crl', '26.0', '0', '      ', '1', '201005', '201212', '1', '1', 'S0034', '201706');
INSERT INTO native.Cdm_testing_optumpan.patient_reported_medications(ptid, reported_date, ndc, ndc_source, route, strength, strength_unit, dosage_form, drug_class) VALUES ('PT161', '2012-01-08', '55111067101', 'Derived', 'Oral', 'mg', 'mg', 'Tabs', 'Narcotic agonist analgesics');
-- 76: Patient has PRESCRIPTIONS_WRITTEN and the NDC is properly mapped to the source_concept_id and standard concept_id
INSERT INTO native.Cdm_testing_optumpan.patient(ptid, birth_yr, gender, race, ethnicity, region, division, pct_college_educ, deceased_indicator, date_of_death, idn_indicator, first_month_active, last_month_active, notes_eligible, has_notes, sourceid, source_data_through) VALUES ('PT162', '1928 and Earlier', 'Female', 'Caucasian', 'Not Hispanic', 'Midwest', 'South Atl/West South Crl', '26.0', '0', '      ', '1', '201005', '201212', '1', '1', 'S0034', '201706');
INSERT INTO native.Cdm_testing_optumpan.patient_reported_medications(ptid, reported_date, ndc, ndc_source, route, strength, strength_unit, dosage_form, drug_class) VALUES ('PT162', '2012-01-08', '55111067101', 'Derived', 'Oral', 'mg', 'mg', 'Tabs', 'Narcotic agonist analgesics');
-- 77: Patient has patient_reported_medications with provid mapped
INSERT INTO native.Cdm_testing_optumpan.patient(ptid, birth_yr, gender, race, ethnicity, region, division, pct_college_educ, deceased_indicator, date_of_death, idn_indicator, first_month_active, last_month_active, notes_eligible, has_notes, sourceid, source_data_through) VALUES ('PT163', '1928 and Earlier', 'Female', 'Caucasian', 'Not Hispanic', 'Midwest', 'South Atl/West South Crl', '26.0', '0', '      ', '1', '201005', '201212', '1', '1', 'S0034', '201706');
INSERT INTO native.Cdm_testing_optumpan.patient_reported_medications(ptid, reported_date, ndc, ndc_source, provid, route, strength, strength_unit, dosage_form, drug_class) VALUES ('PT163', '2012-01-08', 'Derived', 'Derived', '179865', 'Oral', 'mg', 'mg', 'Tabs', 'Narcotic agonist analgesics');
-- 78: Patient has patient_reported_medications with a route that is specified in the route source-to-concept map.
INSERT INTO native.Cdm_testing_optumpan.patient(ptid, birth_yr, gender, race, ethnicity, region, division, pct_college_educ, deceased_indicator, date_of_death, idn_indicator, first_month_active, last_month_active, notes_eligible, has_notes, sourceid, source_data_through) VALUES ('PT164', '1928 and Earlier', 'Female', 'Caucasian', 'Not Hispanic', 'Midwest', 'South Atl/West South Crl', '26.0', '0', '      ', '1', '201005', '201212', '1', '1', 'S0034', '201706');
INSERT INTO native.Cdm_testing_optumpan.patient_reported_medications(ptid, reported_date, ndc, ndc_source, route, strength, strength_unit, dosage_form, drug_class) VALUES ('PT164', '2012-01-08', '55111067101', 'Derived', 'Oral', 'mg', 'mg', 'Tabs', 'Narcotic agonist analgesics');
-- 79: Patient has patient_reported_medications with a quantity_of_dose that maps to quantity.
INSERT INTO native.Cdm_testing_optumpan.patient(ptid, birth_yr, gender, race, ethnicity, region, division, pct_college_educ, deceased_indicator, date_of_death, idn_indicator, first_month_active, last_month_active, notes_eligible, has_notes, sourceid, source_data_through) VALUES ('PT165', '1928 and Earlier', 'Female', 'Caucasian', 'Not Hispanic', 'Midwest', 'South Atl/West South Crl', '26.0', '0', '      ', '1', '201005', '201212', '1', '1', 'S0034', '201706');
INSERT INTO native.Cdm_testing_optumpan.patient_reported_medications(ptid, reported_date, ndc, ndc_source, route, quantity_of_dose, strength, strength_unit, dosage_form, drug_class) VALUES ('PT165', '2012-01-08', '55111067101', 'Derived', 'Oral', '6', 'mg', 'mg', 'Tabs', 'Narcotic agonist analgesics');
-- 80: Patient has immunizations with valid information
INSERT INTO native.Cdm_testing_optumpan.patient(ptid, birth_yr, gender, race, ethnicity, region, division, pct_college_educ, deceased_indicator, date_of_death, idn_indicator, first_month_active, last_month_active, notes_eligible, has_notes, sourceid, source_data_through) VALUES ('PT166', '1928 and Earlier', 'Female', 'Caucasian', 'Not Hispanic', 'Midwest', 'South Atl/West South Crl', '26.0', '0', '      ', '1', '201005', '201212', '1', '1', 'S0034', '201706');
INSERT INTO native.Cdm_testing_optumpan.immunizations(ptid, immunization_date, mapped_name, ndc, ndc_source, pt_reported) VALUES ('PT166', '2011-10-12', 'Influenza Inactivated Vaccine', '66521011710', 'Derived', 'N');
-- 81: Patient has multiple immunizations with the first within the enrollment period, the second outside of enrollment.
INSERT INTO native.Cdm_testing_optumpan.patient(ptid, birth_yr, gender, race, ethnicity, region, division, pct_college_educ, deceased_indicator, date_of_death, idn_indicator, first_month_active, last_month_active, notes_eligible, has_notes, sourceid, source_data_through) VALUES ('PT167', '1928 and Earlier', 'Female', 'Caucasian', 'Not Hispanic', 'Midwest', 'South Atl/West South Crl', '26.0', '0', '      ', '1', '201005', '201212', '1', '1', 'S0034', '201706');
INSERT INTO native.Cdm_testing_optumpan.immunizations(ptid, immunization_date, mapped_name, ndc, ndc_source, pt_reported) VALUES ('PT167', '2011-10-12', 'Influenza Inactivated Vaccine', '66521011710', 'Derived', 'N');
INSERT INTO native.Cdm_testing_optumpan.immunizations(ptid, immunization_date, mapped_name, ndc, ndc_source, pt_reported) VALUES ('PT167', '2013-10-12', 'Influenza Inactivated Vaccine', '66521011710', 'Derived', 'N');
-- 82: Patient has multiple immunizations records, all within enrollment period, but have the same immunization_date and ndc
INSERT INTO native.Cdm_testing_optumpan.patient(ptid, birth_yr, gender, race, ethnicity, region, division, pct_college_educ, deceased_indicator, date_of_death, idn_indicator, first_month_active, last_month_active, notes_eligible, has_notes, sourceid, source_data_through) VALUES ('PT168', '1928 and Earlier', 'Female', 'Caucasian', 'Not Hispanic', 'Midwest', 'South Atl/West South Crl', '26.0', '0', '      ', '1', '201005', '201212', '1', '1', 'S0034', '201706');
INSERT INTO native.Cdm_testing_optumpan.immunizations(ptid, immunization_date, mapped_name, ndc, ndc_source, pt_reported) VALUES ('PT168', '2011-10-12', 'Influenza Inactivated Vaccine', '66521011710', 'Derived', 'N');
INSERT INTO native.Cdm_testing_optumpan.immunizations(ptid, immunization_date, mapped_name, ndc, ndc_source, pt_reported) VALUES ('PT168', '2011-10-12', 'Influenza Inactivated Vaccine', '66521011710', 'Derived', 'N');
-- 83: Patient has immunizations with immunization_date that is NULL
INSERT INTO native.Cdm_testing_optumpan.patient(ptid, birth_yr, gender, race, ethnicity, region, division, pct_college_educ, deceased_indicator, date_of_death, idn_indicator, first_month_active, last_month_active, notes_eligible, has_notes, sourceid, source_data_through) VALUES ('PT169', '1928 and Earlier', 'Female', 'Caucasian', 'Not Hispanic', 'Midwest', 'South Atl/West South Crl', '26.0', '0', '      ', '1', '201005', '201212', '1', '1', 'S0034', '201706');
INSERT INTO native.Cdm_testing_optumpan.immunizations(ptid, mapped_name, ndc, ndc_source, pt_reported) VALUES ('PT169', 'Influenza Inactivated Vaccine', '66521011710', 'Derived', 'N');
-- 84: Patient has immunizations with pt_reported =''Y''
INSERT INTO native.Cdm_testing_optumpan.patient(ptid, birth_yr, gender, race, ethnicity, region, division, pct_college_educ, deceased_indicator, date_of_death, idn_indicator, first_month_active, last_month_active, notes_eligible, has_notes, sourceid, source_data_through) VALUES ('PT170', '1928 and Earlier', 'Female', 'Caucasian', 'Not Hispanic', 'Midwest', 'South Atl/West South Crl', '26.0', '0', '      ', '1', '201005', '201212', '1', '1', 'S0034', '201706');
INSERT INTO native.Cdm_testing_optumpan.immunizations(ptid, immunization_date, mapped_name, ndc, ndc_source, pt_reported) VALUES ('PT170', '2011-10-12', 'Influenza Inactivated Vaccine', '66521011710', 'Derived', 'Y');
-- 85: Patient has immunizations and the NDC is properly mapped to the source_concept_id and standard concept_id
INSERT INTO native.Cdm_testing_optumpan.patient(ptid, birth_yr, gender, race, ethnicity, region, division, pct_college_educ, deceased_indicator, date_of_death, idn_indicator, first_month_active, last_month_active, notes_eligible, has_notes, sourceid, source_data_through) VALUES ('PT171', '1928 and Earlier', 'Female', 'Caucasian', 'Not Hispanic', 'Midwest', 'South Atl/West South Crl', '26.0', '0', '      ', '1', '201005', '201212', '1', '1', 'S0034', '201706');
INSERT INTO native.Cdm_testing_optumpan.immunizations(ptid, immunization_date, mapped_name, ndc, ndc_source, pt_reported) VALUES ('PT171', '2011-10-12', 'Influenza Inactivated Vaccine', '66521011710', 'Derived', 'N');
-- 86: Patient has immunizations with pt_reported =''N'' with a valid drug_type_concept_id
INSERT INTO native.Cdm_testing_optumpan.patient(ptid, birth_yr, gender, race, ethnicity, region, division, pct_college_educ, deceased_indicator, date_of_death, idn_indicator, first_month_active, last_month_active, notes_eligible, has_notes, sourceid, source_data_through) VALUES ('PT172', '1928 and Earlier', 'Female', 'Caucasian', 'Not Hispanic', 'Midwest', 'South Atl/West South Crl', '26.0', '0', '      ', '1', '201005', '201212', '1', '1', 'S0034', '201706');
INSERT INTO native.Cdm_testing_optumpan.immunizations(ptid, immunization_date, mapped_name, ndc, ndc_source, pt_reported) VALUES ('PT172', '2011-10-12', 'Influenza Inactivated Vaccine', '66521011710', 'Derived', 'N');
-- 87: Procedure has PROC_CODE that is a drug with valid information and valid drug_type_concept_id
INSERT INTO native.Cdm_testing_optumpan.patient(ptid, birth_yr, gender, race, ethnicity, region, division, pct_college_educ, deceased_indicator, date_of_death, idn_indicator, first_month_active, last_month_active, notes_eligible, has_notes, sourceid, source_data_through) VALUES ('PT173', '1928 and Earlier', 'Female', 'Caucasian', 'Not Hispanic', 'Midwest', 'South Atl/West South Crl', '26.0', '0', '      ', '1', '201005', '201212', '1', '1', 'S0034', '201706');
INSERT INTO native.Cdm_testing_optumpan.[procedure](ptid, proc_date, proc_time, proc_code, proc_code_type) VALUES ('PT173', '2011-02-11', '00:00:00', 'J9310', 'HCPCS');
-- 88: Patient has multiple PROCEDURE records with the first within the enrollment period, the second outside of enrollment.
INSERT INTO native.Cdm_testing_optumpan.patient(ptid, birth_yr, gender, race, ethnicity, region, division, pct_college_educ, deceased_indicator, date_of_death, idn_indicator, first_month_active, last_month_active, notes_eligible, has_notes, sourceid, source_data_through) VALUES ('PT174', '1928 and Earlier', 'Female', 'Caucasian', 'Not Hispanic', 'Midwest', 'South Atl/West South Crl', '26.0', '0', '      ', '1', '201005', '201212', '1', '1', 'S0034', '201706');
INSERT INTO native.Cdm_testing_optumpan.[procedure](ptid, proc_date, proc_time, proc_code, proc_code_type) VALUES ('PT174', '2011-10-12', '00:00:00', 'J9310', 'HCPCS');
INSERT INTO native.Cdm_testing_optumpan.[procedure](ptid, proc_date, proc_time, proc_code, proc_code_type) VALUES ('PT174', '2013-10-12', '00:00:00', 'J9310', 'HCPCS');
-- 89: Patient has multiple PROCEDURE records, all within enrollment period, but have the same PROC_DATE and proc_code.
INSERT INTO native.Cdm_testing_optumpan.patient(ptid, birth_yr, gender, race, ethnicity, region, division, pct_college_educ, deceased_indicator, date_of_death, idn_indicator, first_month_active, last_month_active, notes_eligible, has_notes, sourceid, source_data_through) VALUES ('PT175', '1928 and Earlier', 'Female', 'Caucasian', 'Not Hispanic', 'Midwest', 'South Atl/West South Crl', '26.0', '0', '      ', '1', '201005', '201212', '1', '1', 'S0034', '201706');
INSERT INTO native.Cdm_testing_optumpan.[procedure](ptid, proc_date, proc_time, proc_code, proc_code_type) VALUES ('PT175', '2011-10-12', '00:00:00', 'J9310', 'HCPCS');
INSERT INTO native.Cdm_testing_optumpan.[procedure](ptid, proc_date, proc_time, proc_code, proc_code_type) VALUES ('PT175', '2011-10-12', '00:00:00', 'J9310', 'HCPCS');
-- 90: Patient has PROCEDURE with HCPCS proc_code that maps to a standard concept
INSERT INTO native.Cdm_testing_optumpan.patient(ptid, birth_yr, gender, race, ethnicity, region, division, pct_college_educ, deceased_indicator, date_of_death, idn_indicator, first_month_active, last_month_active, notes_eligible, has_notes, sourceid, source_data_through) VALUES ('PT176', '1928 and Earlier', 'Female', 'Caucasian', 'Not Hispanic', 'Midwest', 'South Atl/West South Crl', '26.0', '0', '      ', '1', '201005', '201212', '1', '1', 'S0034', '201706');
INSERT INTO native.Cdm_testing_optumpan.[procedure](ptid, proc_date, proc_time, proc_code, proc_code_type) VALUES ('PT176', '2011-10-12', '00:00:00', 'J9310', 'HCPCS');
-- 91: Patient has PROCEDURE with provid_perform that maps to provid
INSERT INTO native.Cdm_testing_optumpan.patient(ptid, birth_yr, gender, race, ethnicity, region, division, pct_college_educ, deceased_indicator, date_of_death, idn_indicator, first_month_active, last_month_active, notes_eligible, has_notes, sourceid, source_data_through) VALUES ('PT177', '1928 and Earlier', 'Female', 'Caucasian', 'Not Hispanic', 'Midwest', 'South Atl/West South Crl', '26.0', '0', '      ', '1', '201005', '201212', '1', '1', 'S0034', '201706');
INSERT INTO native.Cdm_testing_optumpan.provider(provid, specialty, prim_spec_ind) VALUES ('178', 'Internal Medicine', '1');
INSERT INTO native.Cdm_testing_optumpan.[procedure](ptid, proc_date, proc_time, proc_code, proc_code_type, provid_perform) VALUES ('PT177', '2011-10-12', '00:00:00', 'J9310', 'HCPCS', '178');
-- 92: NLP_DRUG_RATIONALE has valid note_date and other valid information with a valid drug_type_concept_id
INSERT INTO native.Cdm_testing_optumpan.patient(ptid, birth_yr, gender, race, ethnicity, region, division, pct_college_educ, deceased_indicator, date_of_death, idn_indicator, first_month_active, last_month_active, notes_eligible, has_notes, sourceid, source_data_through) VALUES ('PT179', '1928 and Earlier', 'Female', 'Caucasian', 'Not Hispanic', 'Midwest', 'South Atl/West South Crl', '26.0', '0', '      ', '1', '201005', '201212', '1', '1', 'S0034', '201706');
INSERT INTO native.Cdm_testing_optumpan.encounter(ptid, encid, interaction_type, interaction_date, interaction_time, academic_community_flag) VALUES ('PT179', 'E0000180', 'Inpatient', '2011-01-07', '00:00:00', 'U');
INSERT INTO native.Cdm_testing_optumpan.nlp_drug_rationale(ptid, encid, note_date, note_section, drug_name, drug_action, drug_action_preposition, reason_general) VALUES ('PT179', 'E0000180', '2011-01-07', 'MEDICATIONS', 'COUMADIN', 'TAKE', 'OF', 'stop');
-- 93: Patient has NLP_DRUG_RATIONALE with drug_action = STOP which should prevent it from being imported.
INSERT INTO native.Cdm_testing_optumpan.patient(ptid, birth_yr, gender, race, ethnicity, region, division, pct_college_educ, deceased_indicator, date_of_death, idn_indicator, first_month_active, last_month_active, notes_eligible, has_notes, sourceid, source_data_through) VALUES ('PT181', '1928 and Earlier', 'Female', 'Caucasian', 'Not Hispanic', 'Midwest', 'South Atl/West South Crl', '26.0', '0', '      ', '1', '201005', '201212', '1', '1', 'S0034', '201706');
INSERT INTO native.Cdm_testing_optumpan.encounter(ptid, encid, interaction_type, interaction_date, interaction_time, academic_community_flag) VALUES ('PT181', 'E0000182', 'Inpatient', '2011-01-07', '00:00:00', 'U');
INSERT INTO native.Cdm_testing_optumpan.nlp_drug_rationale(ptid, encid, note_date, note_section, drug_name, drug_action, drug_action_preposition, reason_general) VALUES ('PT181', 'E0000182', '2011-01-07', 'MEDICATIONS', 'COUMADIN', 'STOP', 'OF', 'stop');
-- 94: Patient has NLP_DRUG_RATIONALE with sentiment = NEED.NOT which should prevent it from being imported.
INSERT INTO native.Cdm_testing_optumpan.patient(ptid, birth_yr, gender, race, ethnicity, region, division, pct_college_educ, deceased_indicator, date_of_death, idn_indicator, first_month_active, last_month_active, notes_eligible, has_notes, sourceid, source_data_through) VALUES ('PT183', '1928 and Earlier', 'Female', 'Caucasian', 'Not Hispanic', 'Midwest', 'South Atl/West South Crl', '26.0', '0', '      ', '1', '201005', '201212', '1', '1', 'S0034', '201706');
INSERT INTO native.Cdm_testing_optumpan.encounter(ptid, encid, interaction_type, interaction_date, interaction_time, academic_community_flag) VALUES ('PT183', 'E0000184', 'Inpatient', '2011-01-07', '00:00:00', 'U');
INSERT INTO native.Cdm_testing_optumpan.nlp_drug_rationale(ptid, encid, note_date, note_section, drug_name, drug_action_preposition, reason_general, sentiment) VALUES ('PT183', 'E0000184', '2011-01-07', 'MEDICATIONS', 'COUMADIN', 'OF', 'stop', 'NEED.NOT');
-- 95: Simple Location
INSERT INTO native.Cdm_testing_optumpan.patient(ptid, birth_yr, gender, race, ethnicity, region, division, pct_college_educ, deceased_indicator, date_of_death, idn_indicator, first_month_active, last_month_active, notes_eligible, has_notes, sourceid, source_data_through) VALUES ('PT185', '1950', 'Male', 'Caucasian', 'Not Hispanic', 'REGION', 'DIVISION', '26.0', '0', '      ', '1', '200701', '201001', '1', '1', 'S0034', '201706');
-- 96: No Location Dupes
INSERT INTO native.Cdm_testing_optumpan.patient(ptid, birth_yr, gender, race, ethnicity, region, division, pct_college_educ, deceased_indicator, date_of_death, idn_indicator, first_month_active, last_month_active, notes_eligible, has_notes, sourceid, source_data_through) VALUES ('PT186', '1950', 'Male', 'Caucasian', 'Not Hispanic', 'DUPE_REGION', 'DUPE_DIVISION', '26.0', '0', '      ', '1', '200701', '201001', '1', '1', 'S0034', '201706');
INSERT INTO native.Cdm_testing_optumpan.patient(ptid, birth_yr, gender, race, ethnicity, region, division, pct_college_educ, deceased_indicator, date_of_death, idn_indicator, first_month_active, last_month_active, notes_eligible, has_notes, sourceid, source_data_through) VALUES ('PT186', '1950', 'Male', 'Caucasian', 'Not Hispanic', 'DUPE_REGION', 'DUPE_DIVISION', '26.0', '0', '      ', '1', '200701', '201001', '1', '1', 'S0034', '201706');
-- 97: When DIAGNOSIS_STATUS=Diagnosis Of and DIAGNOSIS_CD maps to DOMAIN=MEASUREMENT concept
INSERT INTO native.Cdm_testing_optumpan.patient(ptid, birth_yr, gender, race, ethnicity, region, division, pct_college_educ, deceased_indicator, date_of_death, idn_indicator, first_month_active, last_month_active, notes_eligible, has_notes, sourceid, source_data_through) VALUES ('PT187', '1950', 'Male', 'Caucasian', 'Not Hispanic', 'Midwest', 'South Atl/West South Crl', '26.0', '0', '      ', '1', '200701', '201001', '1', '1', 'S0034', '201706');
INSERT INTO native.Cdm_testing_optumpan.encounter(ptid, encid, interaction_type, interaction_date, interaction_time, academic_community_flag) VALUES ('PT187', 'E0000188', 'Inpatient', '2009-01-01', '00:00:00', 'U');
INSERT INTO native.Cdm_testing_optumpan.diagnosis(ptid, encid, diag_date, diag_time, diagnosis_cd, diagnosis_cd_type, diagnosis_status, poa, admitting_diagnosis, discharge_diagnosis, primary_diagnosis, problem_list) VALUES ('PT187', 'E0000188', '2009-01-01', '00:00:00', '7953', 'ICD9', 'Diagnosis of', '0', '0', '0', '0', 'N');
-- 98: When DIAGNOSIS_STATUS=Zachary and DIAGNOSIS_CD maps to DOMAIN=MEASUREMENT concept, should not write record
INSERT INTO native.Cdm_testing_optumpan.patient(ptid, birth_yr, gender, race, ethnicity, region, division, pct_college_educ, deceased_indicator, date_of_death, idn_indicator, first_month_active, last_month_active, notes_eligible, has_notes, sourceid, source_data_through) VALUES ('PT189', '1950', 'Male', 'Caucasian', 'Not Hispanic', 'Midwest', 'South Atl/West South Crl', '26.0', '0', '      ', '1', '200701', '201001', '1', '1', 'S0034', '201706');
INSERT INTO native.Cdm_testing_optumpan.encounter(ptid, encid, interaction_type, interaction_date, interaction_time, academic_community_flag) VALUES ('PT189', 'E0000190', 'Inpatient', '2009-01-01', '00:00:00', 'U');
INSERT INTO native.Cdm_testing_optumpan.diagnosis(ptid, encid, diag_date, diag_time, diagnosis_cd, diagnosis_cd_type, diagnosis_status, poa, admitting_diagnosis, discharge_diagnosis, primary_diagnosis, problem_list) VALUES ('PT189', 'E0000190', '2009-01-01', '00:00:00', '7953', 'ICD9', 'Zachary', '0', '0', '0', '0', 'N');
-- 99: When PRIMARY_DIAGNOSIS = 1 Then Type = 44786627
INSERT INTO native.Cdm_testing_optumpan.patient(ptid, birth_yr, gender, race, ethnicity, region, division, pct_college_educ, deceased_indicator, date_of_death, idn_indicator, first_month_active, last_month_active, notes_eligible, has_notes, sourceid, source_data_through) VALUES ('PT191', '1950', 'Male', 'Caucasian', 'Not Hispanic', 'Midwest', 'South Atl/West South Crl', '26.0', '0', '      ', '1', '200701', '201001', '1', '1', 'S0034', '201706');
INSERT INTO native.Cdm_testing_optumpan.encounter(ptid, encid, interaction_type, interaction_date, interaction_time, academic_community_flag) VALUES ('PT191', 'E0000192', 'Inpatient', '2009-01-01', '00:00:00', 'U');
INSERT INTO native.Cdm_testing_optumpan.diagnosis(ptid, encid, diag_date, diag_time, diagnosis_cd, diagnosis_cd_type, diagnosis_status, poa, admitting_diagnosis, discharge_diagnosis, primary_diagnosis, problem_list) VALUES ('PT191', 'E0000192', '2009-01-01', '00:00:00', '7953', 'ICD9', 'Diagnosis of', '0', '0', '0', '1', 'N');
-- 100: When PRIMARY_DIAGNOSIS = 6 Then Type = 44786629
INSERT INTO native.Cdm_testing_optumpan.patient(ptid, birth_yr, gender, race, ethnicity, region, division, pct_college_educ, deceased_indicator, date_of_death, idn_indicator, first_month_active, last_month_active, notes_eligible, has_notes, sourceid, source_data_through) VALUES ('PT193', '1950', 'Male', 'Caucasian', 'Not Hispanic', 'Midwest', 'South Atl/West South Crl', '26.0', '0', '      ', '1', '200701', '201001', '1', '1', 'S0034', '201706');
INSERT INTO native.Cdm_testing_optumpan.encounter(ptid, encid, interaction_type, interaction_date, interaction_time, academic_community_flag) VALUES ('PT193', 'E0000194', 'Inpatient', '2009-01-01', '00:00:00', 'U');
INSERT INTO native.Cdm_testing_optumpan.diagnosis(ptid, encid, diag_date, diag_time, diagnosis_cd, diagnosis_cd_type, diagnosis_status, poa, admitting_diagnosis, discharge_diagnosis, primary_diagnosis, problem_list) VALUES ('PT193', 'E0000194', '2009-01-01', '00:00:00', '7953', 'ICD9', 'Diagnosis of', '0', '0', '0', '6', 'N');
-- 101: MEASUREMENT_SOURCE_CONCEPT_ID for ICD9 795.3 gets mapped properly to 44828170
INSERT INTO native.Cdm_testing_optumpan.patient(ptid, birth_yr, gender, race, ethnicity, region, division, pct_college_educ, deceased_indicator, date_of_death, idn_indicator, first_month_active, last_month_active, notes_eligible, has_notes, sourceid, source_data_through) VALUES ('PT195', '1950', 'Male', 'Caucasian', 'Not Hispanic', 'Midwest', 'South Atl/West South Crl', '26.0', '0', '      ', '1', '200701', '201001', '1', '1', 'S0034', '201706');
INSERT INTO native.Cdm_testing_optumpan.encounter(ptid, encid, interaction_type, interaction_date, interaction_time, academic_community_flag) VALUES ('PT195', 'E0000196', 'Inpatient', '2009-01-01', '00:00:00', 'U');
INSERT INTO native.Cdm_testing_optumpan.diagnosis(ptid, encid, diag_date, diag_time, diagnosis_cd, diagnosis_cd_type, diagnosis_status, poa, admitting_diagnosis, discharge_diagnosis, primary_diagnosis, problem_list) VALUES ('PT195', 'E0000196', '2009-01-01', '00:00:00', '7953', 'ICD9', 'Diagnosis of', '0', '0', '0', '0', 'N');
-- 102: When DIAGNOSIS_STATUS=Diagnosis Of and Source code is a SNOMED
INSERT INTO native.Cdm_testing_optumpan.patient(ptid, birth_yr, gender, race, ethnicity, region, division, pct_college_educ, deceased_indicator, date_of_death, idn_indicator, first_month_active, last_month_active, notes_eligible, has_notes, sourceid, source_data_through) VALUES ('PT197', '1950', 'Male', 'Caucasian', 'Not Hispanic', 'Midwest', 'South Atl/West South Crl', '26.0', '0', '      ', '1', '200701', '201001', '1', '1', 'S0034', '201706');
INSERT INTO native.Cdm_testing_optumpan.encounter(ptid, encid, interaction_type, interaction_date, interaction_time, academic_community_flag) VALUES ('PT197', 'E0000198', 'Inpatient', '2009-01-01', '00:00:00', 'U');
INSERT INTO native.Cdm_testing_optumpan.diagnosis(ptid, encid, diag_date, diag_time, diagnosis_cd, diagnosis_cd_type, diagnosis_status, poa, admitting_diagnosis, discharge_diagnosis, primary_diagnosis, problem_list) VALUES ('PT197', 'E0000198', '2009-01-01', '00:00:00', '145003003', 'SNOMED', 'Diagnosis of', '0', '0', '0', '0', 'N');
-- 103: Test numeric result and SOURCE_CONCEPT_ID = 0
INSERT INTO native.Cdm_testing_optumpan.patient(ptid, birth_yr, gender, race, ethnicity, region, division, pct_college_educ, deceased_indicator, date_of_death, idn_indicator, first_month_active, last_month_active, notes_eligible, has_notes, sourceid, source_data_through) VALUES ('PT199', '1950', 'Male', 'Caucasian', 'Not Hispanic', 'Midwest', 'South Atl/West South Crl', '26.0', '0', '      ', '1', '200701', '201001', '1', '1', 'S0034', '201706');
INSERT INTO native.Cdm_testing_optumpan.encounter(ptid, encid, interaction_type, interaction_date, interaction_time, academic_community_flag) VALUES ('PT199', 'E0000200', 'Inpatient', '2009-01-01', '00:00:00', 'U');
INSERT INTO native.Cdm_testing_optumpan.labs(ptid, encid, test_name, test_type, result_date, result_time, test_result, result_unit, evaluated_for_range, value_within_range) VALUES ('PT199', 'E0000200', 'Oxygen saturation (SpO2).pulse oximetry', 'CHEMISTRY', '2009-01-01', '00:00:00', '100', '%', 'Y', 'Y');
-- 104: Test non-numeric result and SOURCE_CONCEPT_ID = 0
INSERT INTO native.Cdm_testing_optumpan.patient(ptid, birth_yr, gender, race, ethnicity, region, division, pct_college_educ, deceased_indicator, date_of_death, idn_indicator, first_month_active, last_month_active, notes_eligible, has_notes, sourceid, source_data_through) VALUES ('PT201', '1950', 'Male', 'Caucasian', 'Not Hispanic', 'Midwest', 'South Atl/West South Crl', '26.0', '0', '      ', '1', '200701', '201001', '1', '1', 'S0034', '201706');
INSERT INTO native.Cdm_testing_optumpan.encounter(ptid, encid, interaction_type, interaction_date, interaction_time, academic_community_flag) VALUES ('PT201', 'E0000202', 'Inpatient', '2009-01-01', '00:00:00', 'U');
INSERT INTO native.Cdm_testing_optumpan.labs(ptid, encid, test_name, test_type, result_date, result_time, test_result, result_unit, evaluated_for_range, value_within_range) VALUES ('PT201', 'E0000202', 'Oxygen saturation (SpO2).pulse oximetry', 'CHEMISTRY', '2009-01-01', '00:00:00', 'positive', '%', 'Y', 'Y');
-- 105: Test valid operator gets an OPERATOR_CONCEPT_ID
INSERT INTO native.Cdm_testing_optumpan.patient(ptid, birth_yr, gender, race, ethnicity, region, division, pct_college_educ, deceased_indicator, date_of_death, idn_indicator, first_month_active, last_month_active, notes_eligible, has_notes, sourceid, source_data_through) VALUES ('PT203', '1950', 'Male', 'Caucasian', 'Not Hispanic', 'Midwest', 'South Atl/West South Crl', '26.0', '0', '      ', '1', '200701', '201001', '1', '1', 'S0034', '201706');
INSERT INTO native.Cdm_testing_optumpan.encounter(ptid, encid, interaction_type, interaction_date, interaction_time, academic_community_flag) VALUES ('PT203', 'E0000204', 'Inpatient', '2009-01-01', '00:00:00', 'U');
INSERT INTO native.Cdm_testing_optumpan.labs(ptid, encid, test_name, test_type, result_date, result_time, test_result, relative_indicator, result_unit, evaluated_for_range, value_within_range) VALUES ('PT203', 'E0000204', 'O2 saturation.oximetry', 'CHEMISTRY', '2009-01-01', '00:00:00', '100', '<=', '%', 'Y', 'Y');
-- 106: Test invalid operator gets an OPERATOR_CONCEPT_ID
INSERT INTO native.Cdm_testing_optumpan.patient(ptid, birth_yr, gender, race, ethnicity, region, division, pct_college_educ, deceased_indicator, date_of_death, idn_indicator, first_month_active, last_month_active, notes_eligible, has_notes, sourceid, source_data_through) VALUES ('PT205', '1950', 'Male', 'Caucasian', 'Not Hispanic', 'Midwest', 'South Atl/West South Crl', '26.0', '0', '      ', '1', '200701', '201001', '1', '1', 'S0034', '201706');
INSERT INTO native.Cdm_testing_optumpan.encounter(ptid, encid, interaction_type, interaction_date, interaction_time, academic_community_flag) VALUES ('PT205', 'E0000206', 'Inpatient', '2009-01-01', '00:00:00', 'U');
INSERT INTO native.Cdm_testing_optumpan.labs(ptid, encid, test_name, test_type, result_date, result_time, test_result, relative_indicator, result_unit, evaluated_for_range, value_within_range) VALUES ('PT205', 'E0000206', 'O2 saturation.oximetry', 'CHEMISTRY', '2009-01-01', '00:00:00', '100', 'ZA', '%', 'Y', 'Y');
-- 107: map case-sensitive UCUM vocabulary to UNIT_CONCEPT_ID, row count right
INSERT INTO native.Cdm_testing_optumpan.patient(ptid, birth_yr, gender, race, ethnicity, region, division, pct_college_educ, deceased_indicator, date_of_death, idn_indicator, first_month_active, last_month_active, notes_eligible, has_notes, sourceid, source_data_through) VALUES ('PT207', '1950', 'Male', 'Caucasian', 'Not Hispanic', 'Midwest', 'South Atl/West South Crl', '26.0', '0', '      ', '1', '200701', '201001', '1', '1', 'S0034', '201706');
INSERT INTO native.Cdm_testing_optumpan.encounter(ptid, encid, interaction_type, interaction_date, interaction_time, academic_community_flag) VALUES ('PT207', 'E0000208', 'Inpatient', '2009-01-01', '00:00:00', 'U');
INSERT INTO native.Cdm_testing_optumpan.labs(ptid, encid, test_name, test_type, result_date, result_time, test_result, result_unit, evaluated_for_range, value_within_range) VALUES ('PT207', 'E0000208', 'O2 saturation.oximetry', 'CHEMISTRY', '2009-01-01', '00:00:00', '100', 'pH', 'Y', 'Y');
-- 108: Test when normal range has a hyphen
INSERT INTO native.Cdm_testing_optumpan.patient(ptid, birth_yr, gender, race, ethnicity, region, division, pct_college_educ, deceased_indicator, date_of_death, idn_indicator, first_month_active, last_month_active, notes_eligible, has_notes, sourceid, source_data_through) VALUES ('PT209', '1950', 'Male', 'Caucasian', 'Not Hispanic', 'Midwest', 'South Atl/West South Crl', '26.0', '0', '      ', '1', '200701', '201001', '1', '1', 'S0034', '201706');
INSERT INTO native.Cdm_testing_optumpan.encounter(ptid, encid, interaction_type, interaction_date, interaction_time, academic_community_flag) VALUES ('PT209', 'E0000210', 'Inpatient', '2009-01-01', '00:00:00', 'U');
INSERT INTO native.Cdm_testing_optumpan.labs(ptid, encid, test_name, test_type, result_date, result_time, test_result, result_unit, normal_range, evaluated_for_range, value_within_range) VALUES ('PT209', 'E0000210', 'O2 saturation.oximetry', 'CHEMISTRY', '2009-01-01', '00:00:00', '100', '%', '55-65', 'Y', 'Y');
-- 109: Test when normal range does not have a hyphen
INSERT INTO native.Cdm_testing_optumpan.patient(ptid, birth_yr, gender, race, ethnicity, region, division, pct_college_educ, deceased_indicator, date_of_death, idn_indicator, first_month_active, last_month_active, notes_eligible, has_notes, sourceid, source_data_through) VALUES ('PT211', '1950', 'Male', 'Caucasian', 'Not Hispanic', 'Midwest', 'South Atl/West South Crl', '26.0', '0', '      ', '1', '200701', '201001', '1', '1', 'S0034', '201706');
INSERT INTO native.Cdm_testing_optumpan.encounter(ptid, encid, interaction_type, interaction_date, interaction_time, academic_community_flag) VALUES ('PT211', 'E0000212', 'Inpatient', '2009-01-01', '00:00:00', 'U');
INSERT INTO native.Cdm_testing_optumpan.labs(ptid, encid, test_name, test_type, result_date, result_time, test_result, result_unit, normal_range, evaluated_for_range, value_within_range) VALUES ('PT211', 'E0000212', 'O2 saturation.oximetry', 'CHEMISTRY', '2009-01-01', '00:00:00', '100', '%', '55', 'Y', 'Y');
-- 110: MEASUREMENT_TYPE gets properly mapped to a CONCEPT_ID from NLP_MEASUREMENT
INSERT INTO native.Cdm_testing_optumpan.patient(ptid, birth_yr, gender, race, ethnicity, region, division, pct_college_educ, deceased_indicator, date_of_death, idn_indicator, first_month_active, last_month_active, notes_eligible, has_notes, sourceid, source_data_through) VALUES ('PT213', '1950', 'Male', 'Caucasian', 'Not Hispanic', 'Midwest', 'South Atl/West South Crl', '26.0', '0', '      ', '1', '200701', '201001', '1', '1', 'S0034', '201706');
INSERT INTO native.Cdm_testing_optumpan.encounter(ptid, encid, interaction_type, interaction_date, interaction_time, academic_community_flag) VALUES ('PT213', 'E0000214', 'Inpatient', '2009-01-01', '00:00:00', 'U');
INSERT INTO native.Cdm_testing_optumpan.nlp_measurement(ptid, encid, note_date, measurement_type, measurement_value, measurement_date) VALUES ('PT213', 'E0000214', '2015-02-22', 'WEIGHT', '100', '2009-01-01');
-- 111: Non-numeric MEASUREMENT_VALUE from NLP_MEASUREMENT
INSERT INTO native.Cdm_testing_optumpan.patient(ptid, birth_yr, gender, race, ethnicity, region, division, pct_college_educ, deceased_indicator, date_of_death, idn_indicator, first_month_active, last_month_active, notes_eligible, has_notes, sourceid, source_data_through) VALUES ('PT215', '1950', 'Male', 'Caucasian', 'Not Hispanic', 'Midwest', 'South Atl/West South Crl', '26.0', '0', '      ', '1', '200701', '201001', '1', '1', 'S0034', '201706');
INSERT INTO native.Cdm_testing_optumpan.encounter(ptid, encid, interaction_type, interaction_date, interaction_time, academic_community_flag) VALUES ('PT215', 'E0000216', 'Inpatient', '2009-01-01', '00:00:00', 'U');
INSERT INTO native.Cdm_testing_optumpan.nlp_measurement(ptid, encid, note_date, measurement_type, measurement_value, measurement_date) VALUES ('PT215', 'E0000216', '2015-02-22', 'WEIGHT', 'positive', '2009-01-01');
-- 112: Measurement_detail gets mapped properly to a case sensitive UCUM from NLP_MEASUREMENT
INSERT INTO native.Cdm_testing_optumpan.patient(ptid, birth_yr, gender, race, ethnicity, region, division, pct_college_educ, deceased_indicator, date_of_death, idn_indicator, first_month_active, last_month_active, notes_eligible, has_notes, sourceid, source_data_through) VALUES ('PT217', '1950', 'Male', 'Caucasian', 'Not Hispanic', 'Midwest', 'South Atl/West South Crl', '26.0', '0', '      ', '1', '200701', '201001', '1', '1', 'S0034', '201706');
INSERT INTO native.Cdm_testing_optumpan.encounter(ptid, encid, interaction_type, interaction_date, interaction_time, academic_community_flag) VALUES ('PT217', 'E0000218', 'Inpatient', '2009-01-01', '00:00:00', 'U');
INSERT INTO native.Cdm_testing_optumpan.nlp_measurement(ptid, encid, note_date, measurement_type, measurement_value, measurement_detail, measurement_date) VALUES ('PT217', 'E0000218', '2015-02-22', 'WEIGHT', 'positive', 'pH', '2009-01-01');
-- 113: Test that a mappable OBS_TYPE gets a CONCEPT_ID from OBSERVATIONS
INSERT INTO native.Cdm_testing_optumpan.patient(ptid, birth_yr, gender, race, ethnicity, region, division, pct_college_educ, deceased_indicator, date_of_death, idn_indicator, first_month_active, last_month_active, notes_eligible, has_notes, sourceid, source_data_through) VALUES ('PT219', '1950', 'Male', 'Caucasian', 'Not Hispanic', 'Midwest', 'South Atl/West South Crl', '26.0', '0', '      ', '1', '200701', '201001', '1', '1', 'S0034', '201706');
INSERT INTO native.Cdm_testing_optumpan.encounter(ptid, encid, interaction_type, interaction_date, interaction_time, academic_community_flag) VALUES ('PT219', 'E0000220', 'Inpatient', '2009-01-01', '00:00:00', 'U');
INSERT INTO native.Cdm_testing_optumpan.observations(ptid, encid, obs_type, nlp, obs_date, obs_time, obs_result, obs_unit, evaluated_for_range, value_within_range) VALUES ('PT219', 'E0000220', 'SBP', 'N', '2009-01-01', '00:00:00', '18', 'mm Hg', 'N', 'U');
-- 114: Test that an unmappable OBS_TYPE gets a 0 CONCEPT_ID write a record to OBSERVATION table
INSERT INTO native.Cdm_testing_optumpan.patient(ptid, birth_yr, gender, race, ethnicity, region, division, pct_college_educ, deceased_indicator, date_of_death, idn_indicator, first_month_active, last_month_active, notes_eligible, has_notes, sourceid, source_data_through) VALUES ('PT221', '1950', 'Male', 'Caucasian', 'Not Hispanic', 'Midwest', 'South Atl/West South Crl', '26.0', '0', '      ', '1', '200701', '201001', '1', '1', 'S0034', '201706');
INSERT INTO native.Cdm_testing_optumpan.encounter(ptid, encid, interaction_type, interaction_date, interaction_time, academic_community_flag) VALUES ('PT221', 'E0000222', 'Inpatient', '2009-01-01', '00:00:00', 'U');
INSERT INTO native.Cdm_testing_optumpan.observations(ptid, encid, obs_type, nlp, obs_date, obs_time, obs_result, obs_unit, evaluated_for_range, value_within_range) VALUES ('PT221', 'E0000222', 'Zach', 'N', '2009-01-01', '00:00:00', '18', 'mm Hg', 'N', 'U');
-- 115: Test UNIT_CONCEPT_ID gets mapped from OBSERVATIONS
INSERT INTO native.Cdm_testing_optumpan.patient(ptid, birth_yr, gender, race, ethnicity, region, division, pct_college_educ, deceased_indicator, date_of_death, idn_indicator, first_month_active, last_month_active, notes_eligible, has_notes, sourceid, source_data_through) VALUES ('PT223', '1950', 'Male', 'Caucasian', 'Not Hispanic', 'Midwest', 'South Atl/West South Crl', '26.0', '0', '      ', '1', '200701', '201001', '1', '1', 'S0034', '201706');
INSERT INTO native.Cdm_testing_optumpan.encounter(ptid, encid, interaction_type, interaction_date, interaction_time, academic_community_flag) VALUES ('PT223', 'E0000224', 'Inpatient', '2009-01-01', '00:00:00', 'U');
INSERT INTO native.Cdm_testing_optumpan.observations(ptid, encid, obs_type, nlp, obs_date, obs_time, obs_result, obs_unit, evaluated_for_range, value_within_range) VALUES ('PT223', 'E0000224', 'SBP', 'N', '2009-01-01', '00:00:00', 'rare', 'pH', 'N', 'U');
-- 116: Tests if 2 patient durations (where second is subsumed by the first) results in a single observation period
INSERT INTO native.Cdm_testing_optumpan.patient(ptid, birth_yr, gender, race, ethnicity, region, division, pct_college_educ, deceased_indicator, date_of_death, idn_indicator, first_month_active, last_month_active, notes_eligible, has_notes, sourceid, source_data_through) VALUES ('PT225', '1928 and Earlier', 'Female', 'Caucasian', 'Not Hispanic', 'Midwest', 'South Atl/West South Crl', '26.0', '0', '      ', '1', '201005', '201412', '1', '1', 'S0034', '201706');
INSERT INTO native.Cdm_testing_optumpan.patient(ptid, birth_yr, gender, race, ethnicity, region, division, pct_college_educ, deceased_indicator, date_of_death, idn_indicator, first_month_active, last_month_active, notes_eligible, has_notes, sourceid, source_data_through) VALUES ('PT225', '1928 and Earlier', 'Female', 'Caucasian', 'Not Hispanic', 'Midwest', 'South Atl/West South Crl', '26.0', '0', '      ', '1', '201006', '201411', '1', '1', 'S0034', '201706');
-- 117: Tests if 2 patient durations (where second is within 30 days of first) results in a single observation period
INSERT INTO native.Cdm_testing_optumpan.patient(ptid, birth_yr, gender, race, ethnicity, region, division, pct_college_educ, deceased_indicator, date_of_death, idn_indicator, first_month_active, last_month_active, notes_eligible, has_notes, sourceid, source_data_through) VALUES ('PT226', '1928 and Earlier', 'Female', 'Caucasian', 'Not Hispanic', 'Midwest', 'South Atl/West South Crl', '26.0', '0', '      ', '1', '200005', '200512', '1', '1', 'S0034', '201706');
INSERT INTO native.Cdm_testing_optumpan.patient(ptid, birth_yr, gender, race, ethnicity, region, division, pct_college_educ, deceased_indicator, date_of_death, idn_indicator, first_month_active, last_month_active, notes_eligible, has_notes, sourceid, source_data_through) VALUES ('PT226', '1928 and Earlier', 'Female', 'Caucasian', 'Not Hispanic', 'Midwest', 'South Atl/West South Crl', '26.0', '0', '      ', '1', '200601', '201112', '1', '1', 'S0034', '201706');
-- 118: Tests if 2 patient durations (where second starts 33 days after first) results in two observation periods
INSERT INTO native.Cdm_testing_optumpan.patient(ptid, birth_yr, gender, race, ethnicity, region, division, pct_college_educ, deceased_indicator, date_of_death, idn_indicator, first_month_active, last_month_active, notes_eligible, has_notes, sourceid, source_data_through) VALUES ('PT227', '1928 and Earlier', 'Female', 'Caucasian', 'Not Hispanic', 'Midwest', 'South Atl/West South Crl', '26.0', '0', '      ', '1', '200104', '200612', '1', '1', 'S0034', '201706');
INSERT INTO native.Cdm_testing_optumpan.patient(ptid, birth_yr, gender, race, ethnicity, region, division, pct_college_educ, deceased_indicator, date_of_death, idn_indicator, first_month_active, last_month_active, notes_eligible, has_notes, sourceid, source_data_through) VALUES ('PT227', '1928 and Earlier', 'Female', 'Caucasian', 'Not Hispanic', 'Midwest', 'South Atl/West South Crl', '26.0', '0', '      ', '1', '200005', '200012', '1', '1', 'S0034', '201706');
-- 119: Patient duration is 1 month
INSERT INTO native.Cdm_testing_optumpan.patient(ptid, birth_yr, gender, race, ethnicity, region, division, pct_college_educ, deceased_indicator, date_of_death, idn_indicator, first_month_active, last_month_active, notes_eligible, has_notes, sourceid, source_data_through) VALUES ('PT228', '1928 and Earlier', 'Female', 'Caucasian', 'Not Hispanic', 'Midwest', 'South Atl/West South Crl', '26.0', '0', '      ', '1', '201305', '201305', '1', '1', 'S0034', '201706');
-- 120: Patient has 1 valid OBSERVATIONS record within the enrollment period. Validate that the obs_date maps to the observation_date field properly.
INSERT INTO native.Cdm_testing_optumpan.patient(ptid, birth_yr, gender, race, ethnicity, region, division, pct_college_educ, deceased_indicator, date_of_death, idn_indicator, first_month_active, last_month_active, notes_eligible, has_notes, sourceid, source_data_through) VALUES ('PT229', '1950', 'Male', 'Caucasian', 'Not Hispanic', 'Midwest', 'South Atl/West South Crl', '26.0', '0', '      ', '1', '200701', '201001', '1', '1', 'S0034', '201706');
INSERT INTO native.Cdm_testing_optumpan.observations(ptid, obs_type, nlp, obs_date, obs_time, obs_result, obs_unit, evaluated_for_range, value_within_range) VALUES ('PT229', 'SBP', 'N', '2009-01-01', '00:00:00', '18', 'mm Hg', 'N', 'U');
-- 121: Patient has 2 OBSERVATIONS records, the first within the enrollment period, the second outside of enrollment.
INSERT INTO native.Cdm_testing_optumpan.patient(ptid, birth_yr, gender, race, ethnicity, region, division, pct_college_educ, deceased_indicator, date_of_death, idn_indicator, first_month_active, last_month_active, notes_eligible, has_notes, sourceid, source_data_through) VALUES ('PT230', '1950', 'Male', 'Caucasian', 'Not Hispanic', 'Midwest', 'South Atl/West South Crl', '26.0', '0', '      ', '1', '200701', '201001', '1', '1', 'S0034', '201706');
INSERT INTO native.Cdm_testing_optumpan.observations(ptid, obs_type, nlp, obs_date, obs_time, obs_result, obs_unit, evaluated_for_range, value_within_range) VALUES ('PT230', 'SBP', 'N', '2009-01-01', '00:00:00', '18', 'mm Hg', 'N', 'U');
INSERT INTO native.Cdm_testing_optumpan.observations(ptid, obs_type, nlp, obs_date, obs_time, obs_result, obs_unit, evaluated_for_range, value_within_range) VALUES ('PT230', 'SBP', 'N', '2015-01-01', '00:00:00', '18', 'mm Hg', 'N', 'U');
-- 122: Patient has multiple OBSERVATIONS records, all within enrollment period
INSERT INTO native.Cdm_testing_optumpan.patient(ptid, birth_yr, gender, race, ethnicity, region, division, pct_college_educ, deceased_indicator, date_of_death, idn_indicator, first_month_active, last_month_active, notes_eligible, has_notes, sourceid, source_data_through) VALUES ('PT231', '1950', 'Male', 'Caucasian', 'Not Hispanic', 'Midwest', 'South Atl/West South Crl', '26.0', '0', '      ', '1', '200701', '201001', '1', '1', 'S0034', '201706');
INSERT INTO native.Cdm_testing_optumpan.observations(ptid, obs_type, nlp, obs_date, obs_time, obs_result, obs_unit, evaluated_for_range, value_within_range) VALUES ('PT231', 'ALCOHOL', 'N', '2009-01-01', '00:00:00', '18', 'mm Hg', 'N', 'U');
INSERT INTO native.Cdm_testing_optumpan.observations(ptid, obs_type, nlp, obs_date, obs_time, obs_result, obs_unit, evaluated_for_range, value_within_range) VALUES ('PT231', 'ALCOHOL', 'N', '2009-01-01', '00:00:00', '18', 'mm Hg', 'N', 'U');
-- 123: Patient has OBSERVATIONS record; validate the encid mapping to visit_occurrence_id
INSERT INTO native.Cdm_testing_optumpan.patient(ptid, birth_yr, gender, race, ethnicity, region, division, pct_college_educ, deceased_indicator, date_of_death, idn_indicator, first_month_active, last_month_active, notes_eligible, has_notes, sourceid, source_data_through) VALUES ('PT232', '1950', 'Male', 'Caucasian', 'Not Hispanic', 'Midwest', 'South Atl/West South Crl', '26.0', '0', '      ', '1', '200701', '201001', '1', '1', 'S0034', '201706');
INSERT INTO native.Cdm_testing_optumpan.encounter(ptid, encid, interaction_type, interaction_date, interaction_time, academic_community_flag) VALUES ('PT232', 'E0000233', 'Inpatient', '2009-01-01', '00:00:00', 'U');
INSERT INTO native.Cdm_testing_optumpan.observations(ptid, encid, obs_type, nlp, obs_date, obs_time, obs_result, obs_unit, evaluated_for_range, value_within_range) VALUES ('PT232', 'E0000233', 'SBP', 'N', '2009-01-01', '00:00:00', '18', 'mm Hg', 'N', 'U');
-- 124: Patient has OBSERVATIONS record; validate the obs_type mapping found in the STCM to observation_concept_id
INSERT INTO native.Cdm_testing_optumpan.patient(ptid, birth_yr, gender, race, ethnicity, region, division, pct_college_educ, deceased_indicator, date_of_death, idn_indicator, first_month_active, last_month_active, notes_eligible, has_notes, sourceid, source_data_through) VALUES ('PT234', '1950', 'Male', 'Caucasian', 'Not Hispanic', 'Midwest', 'South Atl/West South Crl', '26.0', '0', '      ', '1', '200701', '201001', '1', '1', 'S0034', '201706');
INSERT INTO native.Cdm_testing_optumpan.observations(ptid, obs_type, nlp, obs_date, obs_time, obs_result, obs_unit, evaluated_for_range, value_within_range) VALUES ('PT234', 'ALCOHOL', 'N', '2009-01-01', '00:00:00', '18', 'mm Hg', 'N', 'U');
-- 125: Patient has OBSERVATIONS record; validate the obs_type mapping NOT found in the STCM maps to observation_concept_id = 0
INSERT INTO native.Cdm_testing_optumpan.patient(ptid, birth_yr, gender, race, ethnicity, region, division, pct_college_educ, deceased_indicator, date_of_death, idn_indicator, first_month_active, last_month_active, notes_eligible, has_notes, sourceid, source_data_through) VALUES ('PT235', '1950', 'Male', 'Caucasian', 'Not Hispanic', 'Midwest', 'South Atl/West South Crl', '26.0', '0', '      ', '1', '200701', '201001', '1', '1', 'S0034', '201706');
INSERT INTO native.Cdm_testing_optumpan.observations(ptid, obs_type, nlp, obs_date, obs_time, obs_result, obs_unit, evaluated_for_range, value_within_range) VALUES ('PT235', 'SBP', 'N', '2009-01-01', '00:00:00', '18', 'mm Hg', 'N', 'U');
-- 126: Patient has OBSERVATIONS record; validate the observation_type_concept_id is populated correctly
INSERT INTO native.Cdm_testing_optumpan.patient(ptid, birth_yr, gender, race, ethnicity, region, division, pct_college_educ, deceased_indicator, date_of_death, idn_indicator, first_month_active, last_month_active, notes_eligible, has_notes, sourceid, source_data_through) VALUES ('PT236', '1950', 'Male', 'Caucasian', 'Not Hispanic', 'Midwest', 'South Atl/West South Crl', '26.0', '0', '      ', '1', '200701', '201001', '1', '1', 'S0034', '201706');
INSERT INTO native.Cdm_testing_optumpan.observations(ptid, obs_type, nlp, obs_date, obs_time, obs_result, obs_unit, evaluated_for_range, value_within_range) VALUES ('PT236', 'SBP', 'N', '2009-01-01', '00:00:00', '18', 'mm Hg', 'N', 'U');
-- 127: Patient has OBSERVATIONS record; validate the obs_time is mapped to observation_time
INSERT INTO native.Cdm_testing_optumpan.patient(ptid, birth_yr, gender, race, ethnicity, region, division, pct_college_educ, deceased_indicator, date_of_death, idn_indicator, first_month_active, last_month_active, notes_eligible, has_notes, sourceid, source_data_through) VALUES ('PT237', '1950', 'Male', 'Caucasian', 'Not Hispanic', 'Midwest', 'South Atl/West South Crl', '26.0', '0', '      ', '1', '200701', '201001', '1', '1', 'S0034', '201706');
INSERT INTO native.Cdm_testing_optumpan.observations(ptid, obs_type, nlp, obs_date, obs_time, obs_result, obs_unit, evaluated_for_range, value_within_range) VALUES ('PT237', 'SBP', 'N', '2009-01-01', '14:30:00', '18', 'mm Hg', 'N', 'U');
-- 128: Patient has OBSERVATIONS record; validate the obs_result is mapped to value_as_number when obs_result can be cast to a numeric
INSERT INTO native.Cdm_testing_optumpan.patient(ptid, birth_yr, gender, race, ethnicity, region, division, pct_college_educ, deceased_indicator, date_of_death, idn_indicator, first_month_active, last_month_active, notes_eligible, has_notes, sourceid, source_data_through) VALUES ('PT238', '1950', 'Male', 'Caucasian', 'Not Hispanic', 'Midwest', 'South Atl/West South Crl', '26.0', '0', '      ', '1', '200701', '201001', '1', '1', 'S0034', '201706');
INSERT INTO native.Cdm_testing_optumpan.observations(ptid, obs_type, nlp, obs_date, obs_time, obs_result, obs_unit, evaluated_for_range, value_within_range) VALUES ('PT238', 'SBP', 'N', '2009-01-01', '00:00:00', '100', 'mm Hg', 'N', 'U');
-- 129: Patient has OBSERVATIONS record; validate the obs_result is mapped to value_as_string when obs_result CANNOT be cast to a numeric
INSERT INTO native.Cdm_testing_optumpan.patient(ptid, birth_yr, gender, race, ethnicity, region, division, pct_college_educ, deceased_indicator, date_of_death, idn_indicator, first_month_active, last_month_active, notes_eligible, has_notes, sourceid, source_data_through) VALUES ('PT239', '1950', 'Male', 'Caucasian', 'Not Hispanic', 'Midwest', 'South Atl/West South Crl', '26.0', '0', '      ', '1', '200701', '201001', '1', '1', 'S0034', '201706');
INSERT INTO native.Cdm_testing_optumpan.observations(ptid, obs_type, nlp, obs_date, obs_time, obs_result, obs_unit, evaluated_for_range, value_within_range) VALUES ('PT239', 'SBP', 'N', '2009-01-01', '00:00:00', 'One Hundred', 'mm Hg', 'N', 'U');
-- 130: Patient has OBSERVATIONS record; validate the obs_unit is mapped to unit_source_value AND a valid unit_concept_id when it matches a concept in the UCUM vocabulary
INSERT INTO native.Cdm_testing_optumpan.patient(ptid, birth_yr, gender, race, ethnicity, region, division, pct_college_educ, deceased_indicator, date_of_death, idn_indicator, first_month_active, last_month_active, notes_eligible, has_notes, sourceid, source_data_through) VALUES ('PT240', '1950', 'Male', 'Caucasian', 'Not Hispanic', 'Midwest', 'South Atl/West South Crl', '26.0', '0', '      ', '1', '200701', '201001', '1', '1', 'S0034', '201706');
INSERT INTO native.Cdm_testing_optumpan.observations(ptid, obs_type, nlp, obs_date, obs_time, obs_result, obs_unit, evaluated_for_range, value_within_range) VALUES ('PT240', 'SBP', 'N', '2009-01-01', '00:00:00', '18', 'kilogram', 'N', 'U');
-- 131: Patient has OBSERVATIONS record; validate the obs_unit is mapped to unit_source_value AND unit_concept_id = 0 when it matches a concept in the UCUM vocabulary
INSERT INTO native.Cdm_testing_optumpan.patient(ptid, birth_yr, gender, race, ethnicity, region, division, pct_college_educ, deceased_indicator, date_of_death, idn_indicator, first_month_active, last_month_active, notes_eligible, has_notes, sourceid, source_data_through) VALUES ('PT241', '1950', 'Male', 'Caucasian', 'Not Hispanic', 'Midwest', 'South Atl/West South Crl', '26.0', '0', '      ', '1', '200701', '201001', '1', '1', 'S0034', '201706');
INSERT INTO native.Cdm_testing_optumpan.observations(ptid, obs_type, nlp, obs_date, obs_time, obs_result, obs_unit, evaluated_for_range, value_within_range) VALUES ('PT241', 'SBP', 'N', '2009-01-01', '00:00:00', '18', 'kg', 'N', 'U');
-- 132: Patient has OBSERVATIONS record; validate the obs_unit is mapped to unit_source_value AND unit_concept_id = 0 when it does not match a standard concept in the UCUM vocabulary
INSERT INTO native.Cdm_testing_optumpan.patient(ptid, birth_yr, gender, race, ethnicity, region, division, pct_college_educ, deceased_indicator, date_of_death, idn_indicator, first_month_active, last_month_active, notes_eligible, has_notes, sourceid, source_data_through) VALUES ('PT242', '1950', 'Male', 'Caucasian', 'Not Hispanic', 'Midwest', 'South Atl/West South Crl', '26.0', '0', '      ', '1', '200701', '201001', '1', '1', 'S0034', '201706');
INSERT INTO native.Cdm_testing_optumpan.observations(ptid, obs_type, nlp, obs_date, obs_time, obs_result, obs_unit, evaluated_for_range, value_within_range) VALUES ('PT242', 'SBP', 'N', '2009-01-01', '00:00:00', '18', 'TEST_UNIT', 'N', 'U');
-- 159: Tests Unknown gender does not get loaded
INSERT INTO native.Cdm_testing_optumpan.patient(ptid, birth_yr, gender, race, ethnicity, region, division, pct_college_educ, deceased_indicator, date_of_death, idn_indicator, first_month_active, last_month_active, notes_eligible, has_notes, sourceid, source_data_through) VALUES ('PT295', '1950', 'Unknown', 'Caucasian', 'Not Hispanic', 'Midwest', 'South Atl/West South Crl', '26.0', '0', '      ', '1', '200701', '201001', '1', '1', 'S0034', '201706');
-- 160: Tests Male gender
INSERT INTO native.Cdm_testing_optumpan.patient(ptid, birth_yr, gender, race, ethnicity, region, division, pct_college_educ, deceased_indicator, date_of_death, idn_indicator, first_month_active, last_month_active, notes_eligible, has_notes, sourceid, source_data_through) VALUES ('PT296', '1950', 'Male', 'Caucasian', 'Not Hispanic', 'Midwest', 'South Atl/West South Crl', '26.0', '0', '      ', '1', '200701', '201001', '1', '1', 'S0034', '201706');
-- 161: Tests Female gender
INSERT INTO native.Cdm_testing_optumpan.patient(ptid, birth_yr, gender, race, ethnicity, region, division, pct_college_educ, deceased_indicator, date_of_death, idn_indicator, first_month_active, last_month_active, notes_eligible, has_notes, sourceid, source_data_through) VALUES ('PT297', '1950', 'Female', 'Caucasian', 'Not Hispanic', 'Midwest', 'South Atl/West South Crl', '26.0', '0', '      ', '1', '200701', '201001', '1', '1', 'S0034', '201706');
-- 162: Tests Unknown birth year
INSERT INTO native.Cdm_testing_optumpan.patient(ptid, birth_yr, gender, race, ethnicity, region, division, pct_college_educ, deceased_indicator, date_of_death, idn_indicator, first_month_active, last_month_active, notes_eligible, has_notes, sourceid, source_data_through) VALUES ('PT298', 'Unknown', 'Male', 'Caucasian', 'Not Hispanic', 'Midwest', 'South Atl/West South Crl', '26.0', '0', '      ', '1', '200701', '201001', '1', '1', 'S0034', '201706');
-- 163: Tests 1927 and earlier birth year
INSERT INTO native.Cdm_testing_optumpan.patient(ptid, birth_yr, gender, race, ethnicity, region, division, pct_college_educ, deceased_indicator, date_of_death, idn_indicator, first_month_active, last_month_active, notes_eligible, has_notes, sourceid, source_data_through) VALUES ('PT299', '1927 and earlier', 'Male', 'Caucasian', 'Not Hispanic', 'Midwest', 'South Atl/West South Crl', '26.0', '0', '      ', '1', '200701', '201001', '1', '1', 'S0034', '201706');
-- 164: Tests 1930 birth year
INSERT INTO native.Cdm_testing_optumpan.patient(ptid, birth_yr, gender, race, ethnicity, region, division, pct_college_educ, deceased_indicator, date_of_death, idn_indicator, first_month_active, last_month_active, notes_eligible, has_notes, sourceid, source_data_through) VALUES ('PT300', '1930', 'Male', 'Caucasian', 'Not Hispanic', 'Midwest', 'South Atl/West South Crl', '26.0', '0', '      ', '1', '200701', '201001', '1', '1', 'S0034', '201706');
-- 165: Tests Asian race
INSERT INTO native.Cdm_testing_optumpan.patient(ptid, birth_yr, gender, race, ethnicity, region, division, pct_college_educ, deceased_indicator, date_of_death, idn_indicator, first_month_active, last_month_active, notes_eligible, has_notes, sourceid, source_data_through) VALUES ('PT301', '1950', 'Male', 'Asian', 'Not Hispanic', 'Midwest', 'South Atl/West South Crl', '26.0', '0', '      ', '1', '200701', '201001', '1', '1', 'S0034', '201706');
-- 166: Tests African American race
INSERT INTO native.Cdm_testing_optumpan.patient(ptid, birth_yr, gender, race, ethnicity, region, division, pct_college_educ, deceased_indicator, date_of_death, idn_indicator, first_month_active, last_month_active, notes_eligible, has_notes, sourceid, source_data_through) VALUES ('PT302', '1950', 'Male', 'African American', 'Not Hispanic', 'Midwest', 'South Atl/West South Crl', '26.0', '0', '      ', '1', '200701', '201001', '1', '1', 'S0034', '201706');
-- 167: Tests Caucasian race
INSERT INTO native.Cdm_testing_optumpan.patient(ptid, birth_yr, gender, race, ethnicity, region, division, pct_college_educ, deceased_indicator, date_of_death, idn_indicator, first_month_active, last_month_active, notes_eligible, has_notes, sourceid, source_data_through) VALUES ('PT303', '1950', 'Male', 'Caucasian', 'Not Hispanic', 'Midwest', 'South Atl/West South Crl', '26.0', '0', '      ', '1', '200701', '201001', '1', '1', 'S0034', '201706');
-- 168: Tests Unknown race
INSERT INTO native.Cdm_testing_optumpan.patient(ptid, birth_yr, gender, race, ethnicity, region, division, pct_college_educ, deceased_indicator, date_of_death, idn_indicator, first_month_active, last_month_active, notes_eligible, has_notes, sourceid, source_data_through) VALUES ('PT304', '1950', 'Male', 'Other/Unknown', 'Not Hispanic', 'Midwest', 'South Atl/West South Crl', '26.0', '0', '      ', '1', '200701', '201001', '1', '1', 'S0034', '201706');
-- 169: Tests Hispanic ethnicity, Asian race
INSERT INTO native.Cdm_testing_optumpan.patient(ptid, birth_yr, gender, race, ethnicity, region, division, pct_college_educ, deceased_indicator, date_of_death, idn_indicator, first_month_active, last_month_active, notes_eligible, has_notes, sourceid, source_data_through) VALUES ('PT305', '1950', 'Male', 'Asian', 'Hispanic', 'Midwest', 'South Atl/West South Crl', '26.0', '0', '      ', '1', '200701', '201001', '1', '1', 'S0034', '201706');
-- 170: Tests Hispanic ethnicity, African American race
INSERT INTO native.Cdm_testing_optumpan.patient(ptid, birth_yr, gender, race, ethnicity, region, division, pct_college_educ, deceased_indicator, date_of_death, idn_indicator, first_month_active, last_month_active, notes_eligible, has_notes, sourceid, source_data_through) VALUES ('PT306', '1950', 'Male', 'African American', 'Hispanic', 'Midwest', 'South Atl/West South Crl', '26.0', '0', '      ', '1', '200701', '201001', '1', '1', 'S0034', '201706');
-- 171: Tests Hispanic ethnicity, Caucasian race
INSERT INTO native.Cdm_testing_optumpan.patient(ptid, birth_yr, gender, race, ethnicity, region, division, pct_college_educ, deceased_indicator, date_of_death, idn_indicator, first_month_active, last_month_active, notes_eligible, has_notes, sourceid, source_data_through) VALUES ('PT307', '1950', 'Male', 'Caucasian', 'Hispanic', 'Midwest', 'South Atl/West South Crl', '26.0', '0', '      ', '1', '200701', '201001', '1', '1', 'S0034', '201706');
-- 172: Tests Hispanic ethnicity, unknown race
INSERT INTO native.Cdm_testing_optumpan.patient(ptid, birth_yr, gender, race, ethnicity, region, division, pct_college_educ, deceased_indicator, date_of_death, idn_indicator, first_month_active, last_month_active, notes_eligible, has_notes, sourceid, source_data_through) VALUES ('PT308', '1950', 'Male', 'Other/Unknown', 'Hispanic', 'Midwest', 'South Atl/West South Crl', '26.0', '0', '      ', '1', '200701', '201001', '1', '1', 'S0034', '201706');
-- 173: Tests procedure record with proc_code_type CPT4
INSERT INTO native.Cdm_testing_optumpan.patient(ptid, birth_yr, gender, race, ethnicity, region, division, pct_college_educ, deceased_indicator, date_of_death, idn_indicator, first_month_active, last_month_active, notes_eligible, has_notes, sourceid, source_data_through) VALUES ('PT309', '1950', 'Male', 'Caucasian', 'Not Hispanic', 'Midwest', 'South Atl/West South Crl', '26.0', '0', '      ', '1', '200701', '201001', '1', '1', 'S0034', '201706');
INSERT INTO native.Cdm_testing_optumpan.[procedure](ptid, proc_date, proc_time, proc_code, proc_code_type) VALUES ('PT309', '2009-01-01', '00:00:00', '36415', 'CPT4');
-- 174: Tests procedure record with proc_code_type HCPCS
INSERT INTO native.Cdm_testing_optumpan.patient(ptid, birth_yr, gender, race, ethnicity, region, division, pct_college_educ, deceased_indicator, date_of_death, idn_indicator, first_month_active, last_month_active, notes_eligible, has_notes, sourceid, source_data_through) VALUES ('PT310', '1950', 'Male', 'Caucasian', 'Not Hispanic', 'Midwest', 'South Atl/West South Crl', '26.0', '0', '      ', '1', '200701', '201001', '1', '1', 'S0034', '201706');
INSERT INTO native.Cdm_testing_optumpan.[procedure](ptid, proc_date, proc_time, proc_code, proc_code_type) VALUES ('PT310', '2009-01-01', '00:00:00', 'G0290', 'HCPCS');
-- 175: Tests procedure record with proc_code_type ICD9
INSERT INTO native.Cdm_testing_optumpan.patient(ptid, birth_yr, gender, race, ethnicity, region, division, pct_college_educ, deceased_indicator, date_of_death, idn_indicator, first_month_active, last_month_active, notes_eligible, has_notes, sourceid, source_data_through) VALUES ('PT311', '1950', 'Male', 'Caucasian', 'Not Hispanic', 'Midwest', 'South Atl/West South Crl', '26.0', '0', '      ', '1', '200701', '201001', '1', '1', 'S0034', '201706');
INSERT INTO native.Cdm_testing_optumpan.[procedure](ptid, proc_date, proc_time, proc_code, proc_code_type) VALUES ('PT311', '2009-01-01', '00:00:00', '33.50', 'ICD9');
-- 176: Tests procedure record with proc_code_type ICD10
INSERT INTO native.Cdm_testing_optumpan.patient(ptid, birth_yr, gender, race, ethnicity, region, division, pct_college_educ, deceased_indicator, date_of_death, idn_indicator, first_month_active, last_month_active, notes_eligible, has_notes, sourceid, source_data_through) VALUES ('PT312', '1950', 'Male', 'Caucasian', 'Not Hispanic', 'Midwest', 'South Atl/West South Crl', '26.0', '0', '      ', '1', '200701', '201001', '1', '1', 'S0034', '201706');
INSERT INTO native.Cdm_testing_optumpan.[procedure](ptid, proc_date, proc_time, proc_code, proc_code_type) VALUES ('PT312', '2009-01-01', '00:00:00', '0J8S0ZZ', 'ICD10');
-- 177: Tests procedure type concept
INSERT INTO native.Cdm_testing_optumpan.patient(ptid, birth_yr, gender, race, ethnicity, region, division, pct_college_educ, deceased_indicator, date_of_death, idn_indicator, first_month_active, last_month_active, notes_eligible, has_notes, sourceid, source_data_through) VALUES ('PT313', '1950', 'Male', 'Caucasian', 'Not Hispanic', 'Midwest', 'South Atl/West South Crl', '26.0', '0', '      ', '1', '200701', '201001', '1', '1', 'S0034', '201706');
INSERT INTO native.Cdm_testing_optumpan.[procedure](ptid, proc_date, proc_time, proc_code, proc_code_type) VALUES ('PT313', '2009-01-01', '00:00:00', '36415', 'CPT4');
-- 178: Tests procedure record with proc_code_type of blank results in unmapped procedure occurrence
INSERT INTO native.Cdm_testing_optumpan.patient(ptid, birth_yr, gender, race, ethnicity, region, division, pct_college_educ, deceased_indicator, date_of_death, idn_indicator, first_month_active, last_month_active, notes_eligible, has_notes, sourceid, source_data_through) VALUES ('PT314', '1950', 'Male', 'Caucasian', 'Not Hispanic', 'Midwest', 'South Atl/West South Crl', '26.0', '0', '      ', '1', '200701', '201001', '1', '1', 'S0034', '201706');
INSERT INTO native.Cdm_testing_optumpan.[procedure](ptid, proc_date, proc_time, proc_code, proc_code_type) VALUES ('PT314', '2009-01-01', '00:00:00', '36415', '');
-- 179: Tests procedure record with proc_code_type CUSTOM results in unmapped procedure occurrence
INSERT INTO native.Cdm_testing_optumpan.patient(ptid, birth_yr, gender, race, ethnicity, region, division, pct_college_educ, deceased_indicator, date_of_death, idn_indicator, first_month_active, last_month_active, notes_eligible, has_notes, sourceid, source_data_through) VALUES ('PT315', '1950', 'Male', 'Caucasian', 'Not Hispanic', 'Midwest', 'South Atl/West South Crl', '26.0', '0', '      ', '1', '200701', '201001', '1', '1', 'S0034', '201706');
INSERT INTO native.Cdm_testing_optumpan.[procedure](ptid, proc_date, proc_time, proc_code, proc_code_type) VALUES ('PT315', '2009-01-01', '00:00:00', '36415', 'CUSTOM');
-- 180: Tests procedure record with proc_code_type REV results in unmapped procedure occurrence
INSERT INTO native.Cdm_testing_optumpan.patient(ptid, birth_yr, gender, race, ethnicity, region, division, pct_college_educ, deceased_indicator, date_of_death, idn_indicator, first_month_active, last_month_active, notes_eligible, has_notes, sourceid, source_data_through) VALUES ('PT316', '1950', 'Male', 'Caucasian', 'Not Hispanic', 'Midwest', 'South Atl/West South Crl', '26.0', '0', '      ', '1', '200701', '201001', '1', '1', 'S0034', '201706');
INSERT INTO native.Cdm_testing_optumpan.[procedure](ptid, proc_date, proc_time, proc_code, proc_code_type) VALUES ('PT316', '2009-01-01', '00:00:00', '36415', 'REV');
-- 181: Tests procedure record with proc_code_type CLM_UNK results in unmapped procedure occurrence
INSERT INTO native.Cdm_testing_optumpan.patient(ptid, birth_yr, gender, race, ethnicity, region, division, pct_college_educ, deceased_indicator, date_of_death, idn_indicator, first_month_active, last_month_active, notes_eligible, has_notes, sourceid, source_data_through) VALUES ('PT317', '1950', 'Male', 'Caucasian', 'Not Hispanic', 'Midwest', 'South Atl/West South Crl', '26.0', '0', '      ', '1', '200701', '201001', '1', '1', 'S0034', '201706');
INSERT INTO native.Cdm_testing_optumpan.[procedure](ptid, proc_date, proc_time, proc_code, proc_code_type) VALUES ('PT317', '2009-01-01', '00:00:00', '36415', 'CLM_UNK');
-- 182: Tests procedure type concept id from diagnosis record
INSERT INTO native.Cdm_testing_optumpan.patient(ptid, birth_yr, gender, race, ethnicity, region, division, pct_college_educ, deceased_indicator, date_of_death, idn_indicator, first_month_active, last_month_active, notes_eligible, has_notes, sourceid, source_data_through) VALUES ('PT318', '1950', 'Male', 'Caucasian', 'Not Hispanic', 'Midwest', 'South Atl/West South Crl', '26.0', '0', '      ', '1', '200701', '201001', '1', '1', 'S0034', '201706');
INSERT INTO native.Cdm_testing_optumpan.diagnosis(ptid, diag_date, diag_time, diagnosis_cd, diagnosis_cd_type, diagnosis_status, poa, admitting_diagnosis, discharge_diagnosis, primary_diagnosis, problem_list) VALUES ('PT318', '2009-01-01', '00:00:00', '7946', 'ICD9', 'Diagnosis of', '0', '0', '0', '0', 'N');
-- 183: Diagnosis without ''Diagnosis of'' status is not loaded
INSERT INTO native.Cdm_testing_optumpan.patient(ptid, birth_yr, gender, race, ethnicity, region, division, pct_college_educ, deceased_indicator, date_of_death, idn_indicator, first_month_active, last_month_active, notes_eligible, has_notes, sourceid, source_data_through) VALUES ('PT320', '1950', 'Male', 'Caucasian', 'Not Hispanic', 'Midwest', 'South Atl/West South Crl', '26.0', '0', '      ', '1', '200701', '201001', '1', '1', 'S0034', '201706');
INSERT INTO native.Cdm_testing_optumpan.diagnosis(ptid, diag_date, diag_time, diagnosis_cd, diagnosis_cd_type, diagnosis_status, poa, admitting_diagnosis, discharge_diagnosis, primary_diagnosis, problem_list) VALUES ('PT320', '2009-01-01', '00:00:00', '634.91', 'ICD9', 'Family history of', '0', '0', '0', '0', 'N');
-- 184: Diagnosis record with diagnosis_cd_type ICD9
INSERT INTO native.Cdm_testing_optumpan.patient(ptid, birth_yr, gender, race, ethnicity, region, division, pct_college_educ, deceased_indicator, date_of_death, idn_indicator, first_month_active, last_month_active, notes_eligible, has_notes, sourceid, source_data_through) VALUES ('PT322', '1950', 'Male', 'Caucasian', 'Not Hispanic', 'Midwest', 'South Atl/West South Crl', '26.0', '0', '      ', '1', '200701', '201001', '1', '1', 'S0034', '201706');
INSERT INTO native.Cdm_testing_optumpan.diagnosis(ptid, diag_date, diag_time, diagnosis_cd, diagnosis_cd_type, diagnosis_status, poa, admitting_diagnosis, discharge_diagnosis, primary_diagnosis, problem_list) VALUES ('PT322', '2009-01-01', '00:00:00', '7946', 'ICD9', 'Diagnosis of', '0', '0', '0', '0', 'N');
-- 185: Diagnosis record with diagnosis_cd_type ICD10
INSERT INTO native.Cdm_testing_optumpan.patient(ptid, birth_yr, gender, race, ethnicity, region, division, pct_college_educ, deceased_indicator, date_of_death, idn_indicator, first_month_active, last_month_active, notes_eligible, has_notes, sourceid, source_data_through) VALUES ('PT324', '1950', 'Male', 'Caucasian', 'Not Hispanic', 'Midwest', 'South Atl/West South Crl', '26.0', '0', '      ', '1', '200701', '201001', '1', '1', 'S0034', '201706');
INSERT INTO native.Cdm_testing_optumpan.diagnosis(ptid, diag_date, diag_time, diagnosis_cd, diagnosis_cd_type, diagnosis_status, poa, admitting_diagnosis, discharge_diagnosis, primary_diagnosis, problem_list) VALUES ('PT324', '2009-01-01', '00:00:00', 'R93.9', 'ICD10', 'Diagnosis of', '0', '0', '0', '0', 'N');
-- 186: Diagnosis record with diagnosis_cd_type SNOMED
INSERT INTO native.Cdm_testing_optumpan.patient(ptid, birth_yr, gender, race, ethnicity, region, division, pct_college_educ, deceased_indicator, date_of_death, idn_indicator, first_month_active, last_month_active, notes_eligible, has_notes, sourceid, source_data_through) VALUES ('PT326', '1950', 'Male', 'Caucasian', 'Not Hispanic', 'Midwest', 'South Atl/West South Crl', '26.0', '0', '      ', '1', '200701', '201001', '1', '1', 'S0034', '201706');
INSERT INTO native.Cdm_testing_optumpan.diagnosis(ptid, diag_date, diag_time, diagnosis_cd, diagnosis_cd_type, diagnosis_status, poa, admitting_diagnosis, discharge_diagnosis, primary_diagnosis, problem_list) VALUES ('PT326', '2009-01-01', '00:00:00', '10019001', 'SNOMED', 'Diagnosis of', '0', '0', '0', '0', 'N');
-- 187: Simple Provider Mapping
INSERT INTO native.Cdm_testing_optumpan.provider(provid, specialty, prim_spec_ind) VALUES ('328', 'Internal Medicine', '1');
-- 188: Dupe Provider Mapping
INSERT INTO native.Cdm_testing_optumpan.provider(provid, specialty, prim_spec_ind) VALUES ('329', 'Family Medicine', '1');
INSERT INTO native.Cdm_testing_optumpan.provider(provid, specialty, prim_spec_ind) VALUES ('329', 'Family Medicine', '1');
-- 189: Non-Primary specialty Mapping
INSERT INTO native.Cdm_testing_optumpan.provider(provid, specialty, prim_spec_ind) VALUES ('330', 'Primary Medicine', '1');
INSERT INTO native.Cdm_testing_optumpan.provider(provid, specialty, prim_spec_ind) VALUES ('330', 'Emergency Medicine', '0');
-- 190: Visit from Diagnosis Test
INSERT INTO native.Cdm_testing_optumpan.patient(ptid, birth_yr, gender, race, ethnicity, region, division, pct_college_educ, deceased_indicator, date_of_death, idn_indicator, first_month_active, last_month_active, notes_eligible, has_notes, sourceid, source_data_through) VALUES ('PT331', '1928 and Earlier', 'Female', 'Caucasian', 'Not Hispanic', 'Midwest', 'South Atl/West South Crl', '26.0', '0', '      ', '1', '200601', '201706', '1', '1', 'S0034', '201706');
INSERT INTO native.Cdm_testing_optumpan.diagnosis(ptid, encid, diag_date, diag_time, diagnosis_cd, diagnosis_cd_type, diagnosis_status, poa, admitting_diagnosis, discharge_diagnosis, primary_diagnosis, problem_list) VALUES ('PT331', 'E0000332', '2014-05-02', '00:00:00', '4019', 'ICD9', 'Diagnosis of', '0', '0', '0', '0', 'N');
INSERT INTO native.Cdm_testing_optumpan.diagnosis(ptid, encid, diag_date, diag_time, diagnosis_cd, diagnosis_cd_type, diagnosis_status, poa, admitting_diagnosis, discharge_diagnosis, primary_diagnosis, problem_list) VALUES ('PT331', 'E0000333', '2014-05-02', '00:00:00', '2724', 'ICD9', 'Diagnosis of', '0', '0', '0', '0', 'N');
INSERT INTO native.Cdm_testing_optumpan.visit(ptid, visitid, visit_type, visit_start_date, visit_start_time, visit_end_date, visit_end_time, discharge_disposition, admission_source) VALUES ('PT331', '334', 'Emergency patient', '2014-03-05', '00:00:00', '2014-03-10', '00:00:00', '01 DISCHARGED TO HOME OR SELF CARE', 'Referred by physician or self referral; non-healthcare facility point of origin');
INSERT INTO native.Cdm_testing_optumpan.encounter(ptid, visitid, encid, interaction_type, interaction_date, interaction_time, academic_community_flag) VALUES ('PT331', '334', 'E0000332', 'Office or clinic patient', '2014-03-06', '00:00:00', 'U');
INSERT INTO native.Cdm_testing_optumpan.encounter(ptid, visitid, encid, interaction_type, interaction_date, interaction_time, academic_community_flag) VALUES ('PT331', '334', 'E0000333', 'Office or clinic patient', '2014-03-07', '00:00:00', 'U');